number,period_quarter_use_dropdown_list,d_a_t_e_r_ye_yc_ye_i_mv_e_d_b_y_g_m_c_y_m_d_d,entity_department_use_dropdown_list,project_description,supplier_service_provider,reason_for_expansion,value_of_contract_expansion_[r],original_contract_value_[r],value_of_previous_expansion_[r],award_by_ao_aa_date_yyyy_mm_dd,contract_start_date_yyyy_mm_dd
1,Q4 2024/25,2024/12/20,Department of Human Settlements (DHS),Review the Orginisational Structure,Ernst and Young,The contract expired before the project could be completed,"R 6 44,529.10","R 4 ,603,779.28",R -,2024/12/15,2024/12/17
2,Q4 2024/25,2024/12/20 De,partment of Justice and Constitutional Development (DoJ&,"CDA)ppointment of an OEM Acc ar ne dd i Ste ud pK oO rF oA fX S Oe Fr Avi Xc e cP aro nv ni id ne r f oo lr t th ue I nm plementation,Maintenance
p t K s g S u io",Highbury Solutions (Pty) Ltd,Business continuity to allow for the finalisation of the replacement procurement process.,"R 6 72,750.00","R 1 1,949,638.00","R 3 ,600,158.60",2024/12/10,2025/01/01
3,Q4 2024/25,2024/12/20 De,partment of Justice and Constitutional Development (DoJ&,CD) Provision of Service Desk and C oS ne srv tii tc ue ti oM na an l Dag ee vm ele on pt m fo er n tthe Department of Justice and,Alteram Solutions (Pty) Ltd,Business continuity to allow for the finalisation of the replacement procurement process.,"R 5 ,651,449.42","R 5 3,999,388.84",R -,2024/12/20,2025/01/11
4,Q4 2024/25,2024/12/20,Public Protector South Africa,"Cleaning services for Limpopo, Sibasa, Bisho, Mthatha, Cape Town and George",The Reeds Cleaning Corporation,To allow continuation of service while finalising the tender process,"R 9 2,850.00","R 8 16,020.00","R 1 11,850.00",2024/11/30,2024/12/01
5,Q4 2024/25,2024/12/20,Public Protector South Africa,"Hygiene Services for Bisho, Mthatha, Limpopo, Sibasa, Cape Town and Head Office",Tiney Cleaning Services CC,To allow continuation of service while finalising the tender process,"R 5 3,283.00","R 4 03,559.56","R 4 6,397.00",2024/11/30,2024/12/01
6,Q4 2024/25,2024/12/20,Public Protector South Africa,"Cleaning services Head Office & Hygiene services for Head Office, Limpopo, Sibasa, Mthatha,
Bisho, Cape Twon and George",Tiney Cleaning Services CC,To allow continuation of service while finalising the tender process,"R 1 05,230.00","R 3 57,162.56","R 5 2,614.00",2024/11/30,2024/12/01
7,Q4 2024/25,2024/12/20,Special Investigating Unit (SIU),installation of signage of the siu head office and gauteng office,Universal Signs and Advertisement,"Extension of the scope of work for installing signage at the head and Gauteng Provincial offices to be
secured with sun blast or one-way vision protection.","R 1 04,484.18","R 5 65,332.92",R -,2024/12/12,Not Stated
8,Q4 2024/25,2025/01/02,National Regulator for Compulsory Specifications (NRCS),Mobile Toilets,Food & Beverage cc,Compliance to Picketing rules during a strike,"R 7 5,000.00","R 1 5,000.00",R -,2024/11/20,Not stated
9,Q4 2024/25,2025/01/08,Legal Aid South Africa,Delarayville SO (Office Lease Accommodation),CPJ Du Plessis CC,Tender process not yet concluded,"R 8 2,680.00","R 7 00,126.95","R 2 43,759.84",2024/11/26,2024/12/01
10,Q4 2024/25,2025/01/08,Legal Aid South Africa,Banking Services,First Rand Bank LTD,Tender process not yet concluded,"R 7 03,047.60","R 8 ,901,575.00",R -,,2025/01/01
11,Q4 2024/25,2025/01/08,Legal Aid South Africa,Co-operation agreement Stellenbosch University,Stellenbosch University,Tender process not yet concluded,"R 2 72,192.49","R 3 ,266,310.00",R -,2024/11/26,2025/01/01
12,Q4 2024/25,2025/01/08,Legal Aid South Africa,Rustenburg Local Office (Leasse of office accomodation),HB Investment Trust,Tender process not yet concluded,"R 4 20,693.42","R 3 ,343,311.21","R 5 54,550.45",2024/11/27,2024/12/01
13,Q4 2024/25,2025/01/08,Legal Aid South Africa,Kirkwood Satellite Office (Cleaning Services),Alvofield CC,Tender process not yet concluded,"R 1 0,500.00","R 1 0,500.00","R 1 0,500.00",2024/11/26,2024/12/01
14,Q4 2024/25,2025/01/08,Legal Aid South Africa,Kirkwood Satellite Office (Hygiene Services),Khanya Cleaning Group,Tender process not yet concluded,"R 3 ,643.20","R 3 ,643.20","R 3 ,643.20",2024/11/26,2024/12/01
15,Q4 2024/25,2025/01/08,Legal Aid South Africa,Kirkwood Satellite Office (Security Services),SMhart Security,Tender process not yet concluded,R 8 97.00,R 8 97.00,R 8 97.00,2024/11/26,2024/12/01
16,Q4 2024/25,2025/01/08,Legal Aid South Africa,Security Services Secunda Satelite Office,Mzansi Secure Fire Group,RFQ process not yet concluded,"R 1 ,974.96","R 2 2,224.00","R 1 ,144.90",2024/11/26,2025/01/01
17,Q4 2024/25,2025/01/08,Legal Aid South Africa,Soshanguve Local Office (Leasse of office accomodation),Sefako Makgatho Health Sciences University,Tender process not yet concluded,"R 1 05,584.49","R 1 ,779,066.54",R -,2024/12/10,2025/01/01
18,Q4 2024/25,2025/01/08,Legal Aid South Africa,Secunda Satellite Office (Leasse of office accomodation),Dipula Property Investments Trust,Tender process not yet concluded,"R 1 25,508.54","R 1 ,173,835.33","R 4 18,945.92",2024/12/05,2025/01/01
19,Q4 2024/25,2025/01/08,Legal Aid South Africa,Storage services for Vereeniging Local Office,Master Office Projects,RFQ process not yet concluded,"R 2 8,290.00","R 1 60,310.00",R -,2024/12/04,2025/01/01
20,Q4 2024/25,2025/01/08,Legal Aid South Africa,Support Services for SAP System,Baraka IT Solutions (Pty) Ltd,Tender process not yet concluded,"R 3 34,170.12","R 1 ,683,460.80","R 6 12,645.22",2024/11/29,2024/12/16
21,Q4 2024/25,2025/01/08,Legal Aid South Africa,Empangeni Local Office (Leasse of office accomodation),Mazule Properties CC,Tender process not yet concluded,"R 2 80,500.84","R 2 ,504,932.45","R 3 27,251.07",2024/12/09,2025/01/01
22,Q4 2024/25,2025/01/08,Legal Aid South Africa,Tembisa Local Office (Leasse of office accomodation),Sampada Retail Properties (Pty) Ltd,Tender process not yet concluded,"R 2 61,093.42","R 4 ,663,238.48",R -,2024/12/09,2025/01/01
23,Q4 2024/25,2025/01/08,Legal Aid South Africa,Mokopane Satellite Office (Leasse of office accomodation),Rayveen CC,Tender process not yet concluded,"R 1 30,430.04","R 1 ,164,767.72","R 2 60,860.08",2024/12/11,2025/01/01
24,Q4 2024/25,2025/01/08,Legal Aid South Africa,Travel Management Services,Atlantis Corporate Travel,Tender process not yet concluded,"R 5 6,925.00","R 7 24,905.72","R 1 70,775.00",2024/12/10,2025/01/01
25,Q4 2024/25,2025/01/14,Housing Development Agency (HDA),Provision of emergency accommodation to the victims of 2022 floods in KZN,Astia Investment CC,Extension of time and Variation Order,"R 7 ,729,791.91","R 1 1,127,610.96",R -,2024/02/01,2024/02/01
26,Q4 2024/25,2025/01/14,Housing Development Agency (HDA),"Provision of Tactical Security Intervention for 162 Shifts for Driftsands Land Preparation and
Relocation Projects, Western Cape Province",Security Consortium SA CC,Variation Order,"R 1 ,440,000.00","R 3 ,888,000.00",R -,2024/09/11,2024/09/11
27,Q4 2024/25,2025/01/14,Housing Development Agency (HDA),Lease Agreement for Free State Office Space,Spitskop Ontwikkeling,Extension of time and Variation Order,"R 1 ,948,277.60","R 5 ,059,200.00",R -,2019/01/01,2019/01/01
28,Q4 2024/25,2025/01/08,Eskom Holdings SOC Ltd,The Provision of 24hrs General Housing Maintenance Services for Matimba Power Station,Tenso Group (Pty) Ltd,"The existing contract funds are being depleted more rapidly than initially anticipated due to significant
number of residential properties that have sustained severe damages which were as a result of","R 6 ,265,747.75","R 1 5,678,098.35",R -,2024/11/21,2021/01/18
29,Q4 2024/25,2025/01/08,Eskom Holdings SOC Ltd,The provision of onboard weigh-in-motion monitoring services to Primary Energy for 70 trucks,Nuthook (Pty) Ltd,"vanTdhael iasmdd/witieoanra al tnimd ete faorr, tfhorrecein mg oenxtthesn sisiv ree rqeupiraeidr afonrd thmea ipnrtoecnuarnecmee wnto prkrso.c e Tshse t oin cbree caosencdl unduemdb teor of
establish a new contract.","R 7 ,728,000.00","R 1 8,285,000.00",R -,2024/11/28,2024/06/01
30,Q4 2024/25,2025/01/08,Eskom Holdings SOC Ltd,Supply and Delivery of Various Assets,"Power Plant Maintenance and General Services (Pty)
Ltd","The values of Turbine Oil Purifier and PF Oil Sampling Machine were affected due to the changes of
spec/scope from the end-users and the modification is justifiable. We are also requesting the time","R 2 ,845,736.35","R 8 ,356,646.11",R -,2024/11/29,2024/04/08
31,Q4 2024/25,2025/01/08,Eskom Holdings SOC Ltd,Provision of Chemistry Instrument Maintenance and Service Contract.,Swan Instrumentation South Africa,"Analysers availability and reliability plays a major role in power generation. This is a requirement for
protection of plant against chemically induced failures such as boiler tube leaks and turbine corrosion.
Online analysers are also at the heart of demineralized water production, and failure to maintain the","R 2 3,273,033.53","R 6 6,809,453.00","R 1 2,433,206.91",2024/12/04,2021/01/04
32,Q4 2024/25,2025/01/08,Eskom Holdings SOC Ltd,Provision of laboratory services for Matimba Power Station.,Umzamo Analytical Services,"The new contract placement process has been delayed by the late submission of the technical
evaluation from Engineering. Currently the new contract placement process is underway, the tender
has been issued to the market which will close on 12 December 2024. The current contract will be","R 6 24,526.66","R 1 3,726,221.75","R 1 ,895,660.00",2024/11/28,2019/12/01
33,Q4 2024/25,2025/01/08,Eskom Holdings SOC Ltd,"Provision of Ash water Return Dam Compartment 1 & 2 Dredging AWRD for period of 4 months at
Camden Power Station.",Ago Legacy Ltd,"The dam is designed to operate with one compartment in service and the other compartment isolated.
The water levels are currently high in both compartments due to rainwater which causes delay in","R 2 ,687,435.00","R 9 ,340,075.06",R -,2024/12/06,2024/09/26
34,Q4 2024/25,2025/01/08,Eskom Holdings SOC Ltd,Provision of Horticulture services to Camden Power Station.,"Embalenhle Girls Electrical and Grass Cutting &
Projects (Pty) Ltd","switTchhein cgu orrveenrt thoo ortpiceunl taurned ccolonstrea dctr awinil l veanlvde osn. 3A0 n Neoevde fmorb ethre 2 m02o4b.i le T 4hien cphro pcuemsps itso reesqtuaibrelisdh i na onredwer to
contract started with PR 1075552470 that was loaded on 25 January 2024. The modification request
is to allow time for the procurement process to be completed. The successful Supplier did not submit","R 8 59,555.29","R 1 3,133,356.41","R 1 ,179,352.12",2024/11/28,2021/09/01
35,Q4 2024/25,2025/01/08,Eskom Holdings SOC Ltd,"Provision of catering service which entails the provision of daily lunch meal to Lethabo Power
Station employees on “as and when required” basis by the employer.",Extra Dimension 1077 (Pty) Ltd,"eSnuvpirpoonrmt esentravli cree qdueirpeamrtemnetsn td suerienkg ttoh em toednidfye trh per occoenstrsa. c tT thois i nwcalusd eno hte maalthnyd aptaocryk.s Dfour rsinhgif tt hweo mrkaenrsd aatte
Lethabo employees for the remaining duration of the contract. These packs were not catered for in
the original tender.","R 1 ,305,135.00","R 3 8,261,650.00","R 9 ,717,500.00",2024/11/26,2023/05/01
36,Q4 2024/25,2025/01/08,Eskom Holdings SOC Ltd,"Provision of Maintenance and Inspection of Overhead Cranes, Mobile Cranes, Crawl Beams, Roller
Doors, Lifting Equipment's and Load Testing at Matimba Power Station. Correct column J",Margisia Lifting Solutions,"There are about 115 Overhead Cranes installed which require corrective and preventative
maintenance. These overhead cranes have been in service since the beginning of the Station.","R 3 ,864,054.66","R 2 2,068,777.78","R 5 ,301,794.83",2024/11/27,2019/06/01
37,Q4 2024/25,2025/01/08,Eskom Holdings SOC Ltd,Provision of Rigging and lifting services at Matimba Power Station.,M and M Training and Rigging CC,"The established service contract makes a provision for 24 hours rigging and lifting services including
the equipment hire on an as and when required basis. Eskom provide 20-ton, 60-ton, tractor and trailer","R 1 1,339,470.81","R 2 5,780,832.02","R 1 4,435,467.00",2024/11/28,2020/07/01
38,Q4 2024/25,2025/01/08,Eskom Holdings SOC Ltd,"Provision of Security Services for Generation Kriel Power Station, National Key Point (NKP) for a
period of 3 years (Physical Guarding Services).",Luphiwa Trading Enterprise,"Time: The additional time of 1 month is required to allow for the procurement process to establish a
new contract. The contract is ending on 31 March 2025. Funds: The crime dynamics changes
continuously which requires additional people in certain strategic areas such as the cable rooms,
switchgear rooms and basement. The number of security officers to increase to make provision for
outage periods to cover the high-risk areas which is restricted during non-outage periods.","R 9 ,573,485.42","R 3 5,911,820.50","R 5 ,206,261.22",2024/12/02,2022/04/01
39,Q4 2024/25,2025/01/08,Eskom Holdings SOC Ltd,The provision of ash spillage services for a period of 36 months at Camden Power Station.,Huku Holdings (Pty) Ltd,"Camden Power Station is experiencing huge ash spillages around the ash line, these spillages have
now polluted wetlands around the ash lines. These wetlands are protected by the National water Act
36 of 1998, since they are vulnerable ecosystems. It is the duty of Camden Power Station to prevent
pollution into these ecosystems. This is mandated by NEMA section 28 which deal with the duty of
care. At the moment it is confirmed that Camden Power Station has polluted these wetlands due to ash
pillages around the ash lines.","R 1 3,785,249.74","R 2 7,932,081.82",R -,2024/11/29,2023/11/09
40,Q4 2024/25,2025/01/08,Eskom Holdings SOC Ltd,"Supply and delivery of Various Beverages – Ultra Heat Treated (UHT) Full Cream Milk, Tea, Sugar,
Sweetener, Coffee and Cremora for Matimba Power Station.",Refilwe Khotso Trading (Pty) Ltd,"The reason for this modification is due to an increase in personnel within this financial year. Support
Services is having difficulty keeping up with consumption use. Staff complement has increased from
618 in 2021, to 690 employees in 2023 up to date.","R 5 60,072.33","R 1 ,912,266.00","R 1 ,052,052.82",2024/11/07,2021/12/01
41,Q4 2024/25,2025/01/08,Eskom Holdings SOC Ltd,"Provision of sandblasting and surface preparation services on an “as and when” required basis at
Kriel Power Station for a period of 5 years.",KEFG (Pty) Ltd,"Matimba Power Station had in the previous Outage requested Kriel Power Station to assist executing
the Outage scopes through the same contract and it was evident that the service provider is well
conversant with the type of work and has provided exceptional services in the Matimba Outages. It is
for this reason that Matimba is requesting modify Kriel’s contract.","R 1 8,794,086.95","R 5 5,284,583.42",R -,2024/08/14,2021/02/17
42,Q4 2024/25,2025/01/08,Eskom Holdings SOC Ltd,Providing Maintenance Service and Repairs of Hydrogen Plant at Hendrina Power Station.,Inkwazi Energy Systems,"The long-term contract to provide Maintenance service and repairs of Hydrogen Plant at Hendrina
Power Station omitted to include the chiller pipes and fittings to ensure it is always reliable and
available, as well as to include all future interventions to the existing contract scope to ensure the plant
is available and reliable at all times.","R 1 ,301,817.14","R 1 ,998,390.58",R -,2024/12/02,2023/04/14
43,Q4 2024/25,2025/01/08,Eskom Holdings SOC Ltd,"Design, Supply and Installation of Essential Instrumentation Panels for a period of three (3) years
on an as and when required basis on Unit 1-6 at Kriel Power Station.","K2018239548 South Africa (Pty) Ltd t/a Proconics
(Pty) Ltd","Technical concerns raised on the visibility of the current approved design where LCD’s installed do not
have a backlight functionality which has already been implemented in three units (1,2 and 3) and
awaiting IO cards installation and DCS interface and commissioning on Unit 4,5 and 6. The solution is
to ensure all parties are satisfied with installed products.","R 1 ,355,726.95","R 7 ,260,088.53",R -,2024/11/26,2022/01/12
44,Q4 2024/25,2025/01/08,Eskom Holdings SOC Ltd,The provision of office cleaning services for a period of 36 months at Camden Power Station.,Khumose Trading and Projects Pty (Ltd),"Support Services request an extension of time, from 30 November 2024 to 31 January 2025, and
funds on the current office cleaning contract to allow the CFT to finalise the establishment of the new
contract.","R 3 32,871.78","R 1 4,099,023.00","R 3 ,638,822.56",2024/12/01,2021/03/02
45,Q4 2024/25,2025/01/08,Eskom Holdings SOC Ltd,Cleaning of the AWR and Pollution Control Dams.,Vilansa Traders,"Historically the Pollution Control Dam scope of work had been executed by the Maintenance Auxiliary
Department. Hendrina Management strategically re-allocated all cleaning activities to Operating in July
2024. At the time the current contract for the Cleaning of the AWR and Pollution Contract Dams as
and when required at Hendrina Power Station for a period of 36 months has just been established, the
Supplier is Vilansa. The cleaning of the Waste Water Recovery and Maturation Pond contract","R 5 ,634,457.00","R 2 5,365,738.59",R -,2024/12/05,2024/06/01
46,Q4 2024/25,2025/01/08,Eskom Holdings SOC Ltd,Provision of Facilities Management Services for Eskom Research and Innovation Centre,Kgoshi Electrical CC,"Mod 2: The procurement delays were primarily due to the cancellation of tender MWP2312CX, which
was a result of material irregularities identified during the evaluation process. As a result, the tender
was terminated, causing a delay in the procurement timeline. A new cross functional team had to be
appointed. The December break will also cause further delays in the procurement process. It is","R 9 ,108,644.02","R 2 6,599,912.88","R 1 3,496,420.00",2025/05/31,2021/04/01
47,Q4 2024/25,2025/01/08,Eskom Holdings SOC Ltd,"Design, construction, and commissioning of the Dust Handling Plant (DHP) for Unit 1, 2, 3, 4, 5 and
6 as well as all auxiliary systems for the at Kusile Power Station Project.",Eskom Rotek Industries SOC Ltd (ERI),"Mod 1: The Contractor has completed the construction works on Unit 6. The outstanding works is the
commissioning and optimization of the plant. The Contractor can only complete the commissioning and
optimization of the plant once Unit 6 is synchronized and there is ash for the hot commissioning. The
Contractor will also be required to support Unit 6 until Commercial Operation.There were delays on the
Employer’s side that have resulted in the shift of dates in which the Contractor was required to
conclude their Works.","R 7 1,298,545.69","R 1 03,164,158.29",R -,2024/12/04,2021/04/23
48,Q4 2024/25,2025/01/08,Eskom Holdings SOC Ltd,The Provision of security services for Mpumalanga Operating Unit,"Double Barell Security Services CC
Tlhomphanang Business Enterprise
Gubis85 Solutions
SecureLife Security Services
Mphosha Security Services
Vick Pule Security","New contract not yet established still out on tender
The original approval value were for 06 contracts, the total original values per individual contract are
stipulated as below and on column H is the sum of all 06 contracts:
R76 304 273.76
R77 552 093.76
R 4 30 5 41 68 6 56 03 4. .3 45
R 6 6 4 2 5 5 3 5 . 4 8
R 5 9 5 4 9 5 9 3 . 7 6
R 8 8 5
T h e t o t a l c u r r e n t m o d v alues per individual contracts are as stipulated below, total value on column I
excluding VAT and column J including VAT:
R6 975 322.05
R7 544 947.20
R3 524 666.52
R5839594.80
R5887838.61
R3682599.78","R 3 0,451,593.95","R 2 82,514,390.80","R 3 88,348,323.59",2024/11/27,2021/03/01
49,Q4 2024/25,2025/01/08,Eskom Holdings SOC Ltd,"Provision of VPN services, 24/7 GPRS cellular and satellite connectivity for SCADA base routers
and associated remote devices in the Distribution operating units as well as maintenance and
support (including SIM card management)","Metacom (Pty) Ltd,","This contract is meant to be replaced by a new solution which is currently under procurement via an
open tender process. However, there is a need to extend the contract to allow for the new system
deployment to take place.","R 2 6,256,067.14","R 4 0,145,579.00",R -,2024/12/11,2023/03/01
50,Q4 2024/25,2025/01/08,Eskom Holdings SOC Ltd,Reburbishment of Hendrina Rotors,Siemens Energy (Pty) Ltd,Due to additional scope required when the Rotors had been fully assessed,"R 1 80,388,044.78","R 5 23,704,489.86",R -,2024/11/13,2023/09/04
51,Q4 2024/25,2025/01/08,Eskom Holdings SOC Ltd,"Microsoft Licenses, Maintenance and Support",Microsoft Ireland Operations Ltd,"To provided extended security updates and Enterprise Unified Support (Enhanced Designated
Engineering).
ROE = 1USD = R15,87679","R 6 0,830,237.31","R 8 69,192,442.41",R -,2024/12/20,2022/06/28
52,Q4 2024/25,2025/01/08,Eskom Holdings SOC Ltd,"Provision of institutionalised training & trade testing (apprentices, technicians in training and
permanent employees) at supplier’s premises
for a period of 36 months.","Rainbow Technical Training Centre
(Pty) Ltd","The reason for the expansion is due to the more work that need to be done in relation to the training
and trade testing of the Artisan Recognition of Prior Learning (ARPL) learners (permanent
employees).Modification no.1","R 3 ,949,560.00","R 2 ,919,000.00",R -,2024/12/20,2023/05/02
53,Q4 2024/25,2025/01/08,Eskom Holdings SOC Ltd,"MSAP support and training and all the hardware, software and firmware and management system
(FOXMAN) software, operating system for a period of 36 months.",Hitachi Energy South Africa,"MSAP was introduced in the NTCSA Telecommunications network as a replacement of the BME
(Bandwidth Management Equipment). The contract with ABB in December 2017 excluded the support
and maintenance of the installed base and training of personnel on the platform.
A 3-year support, maintenance and training contract was subsequently established on a sole source
basis to support the MSAP installed base. With all the mission critical services at NTCSA substations
and control centres cutover to MSAP, OEM support for the installed equipment and the related
management system is critical.
This is in line with the maintenance standard for Operational Technology (OT) voice and data network
equipment which requires support and maintenance of the OT voice and data equipment due to the
criticality of the carried services. Modification no.1","R 6 ,900,000.00","R 1 3,628,845.70",R -,2019/06/05,2020/12/12
54,Q4 2024/25,2025/01/08,Eskom Holdings SOC Ltd,"The Provision of Rope Access and Confined Space Rescue Services At Ingula Pumped Storage
Scheme.",Southey Contracting (Pty) Ltd,"This modification to the Rope Access and Confined Space Rescue Services contract (4600071083) is
required to include the Drakensberg, Palmiet, Vanderkloof and Gariep Power Station rope access and
confined space rescue and related equipment, as a statutory and maintenance philosophy requirement.
Since Generation is driving the reduction of placing once off orders by ensuring contracts are in place
and utilized, it therefore resulted in the requirement of modifying the existing contract within Peaking to
include Drakensberg, Palmiet, Gariep and Vanderkloof and to amend the value of the contract.","R 7 ,558,122.43","R 3 ,841,766.12",R -,2024/12/11,2022/01/14
55,Q4 2024/25,2025/01/08,Eskom Holdings SOC Ltd,Services & repairs for KSB 100% steam feed pump Model CHTA80/3.,KSB Pumps and Valves (Pty) Ltd,"The current contract funds exhausted due to high plant failure rate and due to repeat incidents
stemming from plant ageing and required full refurbishment in some of the plant components. The high
failure rate was not part of initial estimations and budget.","R 2 4,278,621.15","R 4 3,783,042.98",R -,2024/11/28,2020/11/26
56,Q4 2024/25,2025/01/08,Eskom Holdings SOC Ltd,Modification for Ground and Surface Water Management Contract.,Geo-Hydro Technologies,"This Modification provide additional quantities to Groundwater Quality Monitoring Services.
Modification also approved for 12 months from 12 December 2024 to 11 December 2025.","R 1 ,339,582.10","R 3 ,084,676.40",R -,2024/12/12,2022/05/10
57,Q4 2024/25,2025/01/08,Eskom Holdings SOC Ltd,Maintenance of Unit 1-6 cooling towers at Arnot Power Station.,Southern Cooling Towers (Pty) Ltd,"Cooling tower cleaning and maintenance is critical for condenser vacuum performance. The impact of
poorly maintained cooling towers is partial load losses of up to 30MW and the emergency use of air
ejectors.","R 5 ,104,597.00","R 8 ,798,765.00",R -,2024/12/06,2022/08/31
58,Q4 2024/25,2025/01/08,Eskom Holdings SOC Ltd,"For the Provision of Welding Engineering Services on as and when required basis at Koeberg
Operating Unit.",New Age Engineering Solutions (Pty) Ltd,"The Welding Engineering (4600070930) contract expires on 14 December 2024 and we need a
modification to the value of R 2 406 901.42 and time extension of 12 months and 15 days. The time
extension is from period 14 December 2024 to 301 December 2025 and will allow us to recruit the
resources in the Maintenance Support Services department. The strategy, as agreed with the PSGM,
is to recruit two P15 Welding Engineers that will be employed by MSS and we will not establish a new
contract.","R 2 ,767,936.63","R 2 7,214,017.27",R -,2024/07/02,2021/12/15
59,Q4 2024/25,2025/01/08,Eskom Holdings SOC Ltd,Gourikwa Open Cycle Gas Turbine (OCGT) Power Station Plant Corrosion Protection Repair.,Southey Contracting (Pty) Ltd,"This modification is due to corrosion identified inside the Air Intake Structures of all five Gourikwa units.
The current contract covers corrosion treatment of the exterior Air Intake Structures but excludes the
interior. Modification for time was also approved from 15 February 2025 to 31 December 2026, 22.5
months.","R 4 07,424.59","R 5 ,748,598.51",R -,2024/12/11,2024/04/15
60,Q4 2024/25,2025/01/08,Eskom Holdings SOC Ltd,Ash Mechanical Maintenance at Majuba Power Station for 60 months (5 years).,African Commodity Handling Projects (Pty) Ltd,"This modification entails the increase in contract value and an addition of the original scope of work for
the inclusion of Tutuka Power Station, scope of work for the maintenance of Ash conveyor plant for a
period of 4 months at Tutuka Power Station. The change/addition of scope will be able to
accommodate the Tutuka Power Station.","R 7 ,879,187.37","R 1 00,975,540.70","R 2 3,621,136.67",2024/12/11,2022/02/13
61,Q4 2024/25,2025/01/08,Eskom Holdings SOC Ltd,Design and Construction of Upending Building at Gourikwa Power Station.,"Mvesto Investments (Pty)
Ltd","The scope of work originally included foundation verifications and recommendations to ensure the
structural integrity of the building. The approved design determined that the current foundation will not","R 5 ,122,456.85","R 1 4,238,414.34",R -,2024/12/13,2024/09/01
62,Q4 2024/25,2025/01/08,Eskom Holdings SOC Ltd,"Provision Of Daily And “As And When” Maintenance And Cleaning Services Of Medupi Power
Station Residential Properties In Lephalale.",Setumishi Building Construction & Enterprise CC,"be adequate to withstand the load of the new structure and the recommendation was the additional
The modification is due to attending to backlog maintenance inherited from GCD housing in last year
2023 for houses and complexes, this includes material and labour cost. Initially the houses and
complexes were built to provide for Medupi Construction project since 2009. Currently Gx has 1200
houses and complexes, previously the Marapong Camp, Portion 7 ( 158 park homes) & (72 park-
homes) for portion 30 were maintained by GCD, the camps has 11700 units for blue color employees.
Transferred of the management and maintenance of Marapong Camp to Medupi as of 1 October 2024.","R 2 4,357,546.64","R 6 9,291,440.82",R -,2024/12/11,2023/03/27
63,Q4 2024/25,2025/01/08,Eskom Holdings SOC Ltd,"Industrial cleaning service for 36 months at Arnot Power Station. Await feedback from Buyer,
amounts captured not as per SAP",Exclusive Benefits Enterprise (Pty) Ltd,"The placing of a new industrial cleaning contract will be delayed due to overwhelming tender returnable
received. We therefore request an extension of at least 3 months, from 30 November 2024 to 28
February 2025, time and value extension. The QS is busy with the report for the new contract.","R 7 ,359,201.90","R 7 5,553,537.20","R 8 6,060,280.36",2024/11/30,2021/06/22
64,Q4 2024/25,2025/01/08,Eskom Holdings SOC Ltd,"Bus transportation of Eskom Kriel Power Station employees residing in the WITBANK area on a
daily basis to and from Kriel Power Station for a period of 5 years",Nkodosi Trading Enterprise,"The procurement plan with the previous modification was anticipated to start in August 2024 of which
the documents were sent to procurement, however finalizing the documents for approval and issuing to
the open market delayed the anticipated planned dates, as we were waiting for shift changes
confirmation from management. Also, due to the increasing number of new employees joining Kriel, the
transport department had to review the bus sizes and the routes to ensure that the additional
passengers are catered for in the new -long-term contract.
The tender closed on 06 November 2024 and delivered to site on 26 November 2024. The Tender
Office stamping machines require maintenance and tenders had to be stamped manually therefor the
delay in the delivery to site.","R 3 ,421,617.08","R 2 6,365,188.00","R 1 3,106,462.80",2024/12/12,2019/02/01
65,Q4 2024/25,2025/01/08,Eskom Holdings SOC Ltd,"Bus transportation of Eskom Kriel Power Station employees residing in the PHOLA area on a daily
basis to and from Kriel Power Station for a period of 5 years",Wozungithathe Business Enterprise,"The procurement plan with the previous modification was anticipated to start in August 2024 of which
the documents were sent to procurement, however finalizing the documents for approval and issuing to
the open market delayed the anticipated planned dates, as we were waiting for shift changes
confirmation from management. Also, due to the increasing number of new employees joining Kriel, the
transport department had to review the bus sizes and the routes to ensure that the additional
passengers are catered for in the new -long-term contract. The tender closed on 14 November 2024
and delivered to site on 27 November 2024. The Tender Office stamping machines require
maintenance and tenders had to be stamped manually therefor the delay in the delivery to site.","R 8 88,149.60","R 1 1,584,560.00","R 1 ,544,608.00",2024/12/12,2019/05/01
66,Q4 2024/25,2025/01/08,Eskom Holdings SOC Ltd,"Bus transportation of Eskom Kriel Power Station employees residing in the LEANDRA area on a
daily basis to and from Kriel Power Station for a period of 5 years",Beactress Business Enterprise CC,"The procurement plan with the previous modification was anticipated to start in August 2024 of which
the documents were sent to procurement, however finalizing the documents for approval and issuing to
the open market delayed the anticipated planned dates, as we were waiting for shift changes
confirmation from management. Also, due to the increasing number of new employees joining Kriel, the
transport department had to review the bus sizes and the routes to ensure that the additional
passengers are catered for in the new -long-term contract. The tender closed on 28 November 2024
and awaiting tender delivery.","R 4 78,400.00","R 6 ,240,000.00","R 8 32,000.00",2024/12/12,2019/05/01
67,Q4 2024/25,2025/01/08,Eskom Holdings SOC Ltd,"Bus transportation of Eskom Kriel Power Station employees residing in the EVANDER area on a
daily basis to and from Kriel Power Station for a period of 5 years",Simadlala's Trading Enterprise,"The procurement plan with the previous modification was anticipated to start in August 2024 of which
the documents were sent to procurement, however finalizing the documents for approval and issuing to","R 1 ,648,575.60","R 1 0,364,760.00","R 2 ,969,036.00",2024/12/12,2019/08/01
68,Q4 2024/25,2025/01/08,Eskom Holdings SOC Ltd,"Bus transportation of Eskom Kriel Power Station employees residing in the KRIEL area on a daily
basis to and from Kriel Power Station for a period of 5 years",MK Engineering Construction and Suppliers Pty Ltd,"The procurement plan with the previous modification was anticipated to start in August 2024 of which
the documents were sent to procurement, however finalizing the documents for approval and issuing to
the open market delayed the anticipated planned dates, as we were waiting for shift changes
confirmation from management. Also, due to the increasing number of new employees joining Kriel, the
transport department had to review the bus sizes and the routes to ensure that the additional
passengers are catered for in the new long-term contract.. The tender closed on 06 November 2024,
and awaiting the tender office delivery.","R 2 ,674,321.50","R 2 9,051,285.12","R 3 ,873,393.92",2025/12/09,2019/06/01
69,Q4 2024/25,2025/01/08,Eskom Holdings SOC Ltd,"Bus transportation of Eskom Kriel Power Station employees residing in the BETHAL area on a daily
basis to and from Kriel Power Station for a period of 5 years",SC Zondo Transport Pty Ltd,"The procurement plan with the previous modification was anticipated to start in August 2024 of which
the documents were sent to procurement, however finalizing the documents for approval and issuing to
the open market delayed the anticipated planned dates, as we were waiting for shift changes
confirmation from management. Also, due to the increasing number of new employees joining Kriel, the
transport department had to review the bus sizes and the routes to ensure that the additional
passengers are catered for in the new long-term contract. The tender closed on 04 November 2024
and awaiting tender delivery.","R 5 76,624.31","R 7 ,599,000.00","R 7 62,830.64",2025/12/09,2019/06/01
70,Q4 2024/25,2025/01/08,Eskom Holdings SOC Ltd,"Design, Supply and Installation of Essential Instrumentation Panels for a period of three (3) years
on an as and when required basis on Unit 1-6 at Kriel Power Station",K2018239548 South Africa (Pty) Ltd t/a PROCONICS,"Technical concerns were raised on the visibility of the current approved design where LCD’s installed
do not have a backlight functionality which has already been implemented in three units (1,2 and 3) and
awaiting IO cards installation and DCS interface and commissioning on Unit 4, 5 and 6.","R 1 ,355,726.95","R 6 ,313,120.46",R -,2024/11/26,2022/01/12
71,Q4 2024/25,2025/01/08,Eskom Holdings SOC Ltd,"Provision of services for operating and cleaning of overland conveyors, the boom, the on-terrace
system, and the coal staithes at Duvha Power Station",Eskom Rotek Industries (ERI),"Duvha Power Station’s overland conveyors, boom conveyor, On terrace system (OTS) conveyors and
coal staith conveyors are operated on a 24/7 basis to ensure that coal is supplied to the station. This
plant require operators to ensure safe running of the conveyors. Routine cleaning is also required to
ensure availability and reliability of the plant, reliable operation of the coal plant is key in ensuring that
coal is sent to the station for electricity production. The current contract with Eskom Rotek Industries
(4600075463) for Provision of services for operating and cleaning of overland conveyors, the boom
conveyor, the On terrace system (OTS) conveyors and coal staith conveyors at Duvha Power Station
for a period of nine (9) months commenced on the 23 March 2024 expires and is due to expire on the
23 December 2024.","R 1 1,689,379.37","R 5 0,118,635.87",R -,2024/12/19,2024/12/23
72,Q4 2024/25,2025/01/08,Eskom Holdings SOC Ltd,"Provision of Engineering Professional Support Services at Koeberg Nuclear Power Station for the
Nuclear Engineering Contract for Scope A (Defined Scope) & Scope B (Ad-hoc Services)",Oakridge SAS,"Nuclear Engineering and the Nuclear Operation Unit at large has experienced a skills diminution due to
retirements and resignations in the recent years. This has resulted in a backlog being created and an
increased strain on the remaining personnel to cover the increased workload. Various projects are
being implemented at KNPS to support the LTO safety case as demonstrated to the National Nuclear
Regulator (NNR), such as the Steam Generator Replacement (SGR) project, Scoping and Ageing
Management Evaluation of Long-Term Operation Assessment (SALTO) and Periodic Safety Reviews
(PSR) and so forth. The Nuclear Engineering department does not have sufficient resources to provide
all the services required to manage all the engineering deliverables for these projects within the
timelines required in addition to the departmental daily operations. Therefore, additional engineering
services are needed to provide technical support to the engineering functions within nuclear
engineering. The need for the NE Professional Service suite of contracts has grown due to more urgent
tasks being identified and additional end users now utilising the panel that were not initially considered
at the time of conceptualisation of the panel services.","R 6 1,886,423.15","R 1 39,022,589.00","R 2 ,071,365.06",2024/12/10,2022/06/17
73,Q4 2024/25,2025/01/08,Eskom Holdings SOC Ltd,"The Provision of Project Planning Services for all Project Management Related Scope at Koeberg
Operating Unit (KOU)",C-Squared Project Management Services (Pty) Ltd,"A request to increase the cost to provide an uninterrupted provision of planning services in order to
provide support for the execution of the nuclear project programmes on an as and when required basis
to Koeberg Power Station and Strategic Projects at Koeberg Operating Unit.
Nuclear Project Management (NPM) utilises the enabling service contract for planning services on
various projects. Provision was made for the SGR Programme implementation during outage 225 and
126. Unfortunately, the SGR scope was removed from outage 225 due to various reasons.
Consequently, scope was still required to take place during outage 225 whilst the unit 2 SGR execution
was postponed to outage 226. This resulted in an extended delay spanning over 18 months
commencing from outage 225 till the end of outage 226.","R 2 1,108,361.91","R 5 3,899,447.50",R -,2024/12/19,2021/01/21
74,Q4 2024/25,2025/01/08,Eskom Holdings SOC Ltd,"The Provision of Project Management Services for all Project Management Related Scope at
Koeberg Operating Unit (KOU)",C-Squared Project Management Services (Pty) Ltd,"A request to increase the DCF value to provide an uninterrupted provision of project management
services in order to provide support for the execution of the nuclear project programmes on an as and
when required basis to Koeberg Power Station and Strategic Projects at Koeberg Operating Unit. An
amount of R 92 101 275.50 has been incurred for the extended SGR project implementation. The
modification for the increase in the DCF value will be partly to recover the R 92 101 275.50 that was
spent on SGR without jeopardising the implementation of other plan projects.
Nuclear Project Management (NPM) utilises the enabling service contract for implementation of various
project management services. Provision was made for the SGR Programme implementation during
outage 225 and 126. Unfortunately, the SGR scope was removed from outage 225 due to various
reasons. Consequently, scope was still required to take place during outage 225 whilst the unit 2 SGR
execution was postponed to outage 226. This resulted in an extended delay spanning over 18 months
commencing from outage 225 till the end of outage 226.
To provide the project management support services to non-outage and outage projects, additional
funding is required.","R 1 05,916,466.83","R 1 06,174,080.00",R -,2024/12/19,2022/11/01
75,Q4 2024/25,2025/01/08,Eskom Holdings SOC Ltd,Generator Protection system upgrade at Arnot Power Station for a period of 36 months,"Actom (Pty) Ltd (Registration number:
2008/001863/07)","With the current rolling out of the generator protection upgrade project under contract number
4600073434 which is being executed by Actom (Pty) Ltd, it was discovered that there were certain
design aspects that were not clearly described in the works information, which then led to additional
scope of work. In addition to that, the defined scope also assumed that the condition of the currently
installed primary plant signal cables is sound and will not require replacement. The risk of possible
replacement was known but deemed to be very minimal.","R 4 ,339,552.95","R 1 1,261,420.12","R 1 5,034,944.42",2024/12/20,2023/04/03
76,Q4 2024/25,2025/01/08,Eskom Holdings SOC Ltd,"The Provision of Heating, Ventilation, Airconditioning and Refrigeration
(HVAC&R) services for Plant systems for a period of five years at Koeberg Operating Unit (Plant)",Lesedi Nuclear Services (Pty) Ltd,"To request a modification to the current Heating, Ventilation, Air Conditioning & Refrigeration
(HVAC&R) service contract supplied by Lesedi for an additional period of six (6) months, to afford
enough time to finalise the new five (5) year term-service contract. The service is for the provision of
maintenance of HVAC&R for plant systems and equipment at Koeberg Nuclear Power Station.","R 3 ,022,537.03","R 2 8,318,306.20","R 1 5,507,393.33",2024/12/23,2017/04/11
77,Q4 2024/25,2025/01/08,Eskom Holdings SOC Ltd,"Repairs of existing security technology systems at Polokwane and Bela- Bela RDCs as well as
design, supply and installation of video enabled alarm systems at the high-risk substations at
Marula and Gigawatt Zones for a period of 12 months.",Moribula Investment Pty (Ltd),"This modification is for the increase of time on for all sites and adding two items on the BOQ.
Modification 1","R 1 ,470,952.35","R 2 0,830,366.95",R -,2024/11/25,2024/06/03
78,Q4 2024/25,2025/01/08,Eskom Holdings SOC Ltd,"Repairs of existing security technology systems at Polokwane and Bela- Bela RDCs as well as
design, supply and installation of video enabled alarm systems at the high-risk substations at
Marula and Gigawatt Zones for a period of 12 months.",Exys Africa (Pty) Ltd,"This modification is for the increase of time on for all sites and adding two items on the BOQ.
Modification 1","R 2 ,850,953.50","R 1 0,329,090.00",R -,2024/11/25,2024/06/03
79,Q4 2024/25,2025/01/20,Eskom Holdings SOC Ltd,The provision of air compressor maintenance at Majuba Power Station.,Precision Burner Components,"The need for the modification is following issues can be problematic and could lead to unit trips: a)The
air compressors are Level 1 equipment. b)The air compressors can be sensitive to problems outside
their design parameters, for example water, PF leaks and dust. c)Any of the above can cause the air
compressors to malfunction which is obviously not desirable. d)Precision Burners have been
successful in keeping the plant operating during the current Maintenance Contract and are able to keep
their maintenance team at Majuba Power Station on a month-to-month basis. e)Currently we are
operating our machines on flat out air supply which require us to maintain air compressors as we have
had three multiple unit trips due to air compressors in Majuba Power Station. f)The process of placing
a new contract is in progress. Engineering is working on a Sole source to provide this service.
Currently they have received a quotation from a service provider which is estimated to be R150m
which is way above market value for providing this service. Currently they are negotiating with service
provider to reduce the price. Should the engagement of with the Sole Source Supplier fail below is a
project plan for an open tender. Modification for time also approved for additional 12 months from 31
December 2024 to 31 December 2025.","R 6 ,114,416.03","R 2 5,662,869.05",R -,2024/12/23,2020/01/01
80,Q4 2024/25,2025/01/20,Eskom Holdings SOC Ltd,"The cleaning of coal spillages under conveyor structures and idlers for a period of 24 months at
Camden Power Station.",Alexineks Trading CC,"This contract covers the entire ash plant from economizers, dust hoppers, ash box, sluiceway and ash
crushers, we need to establish a long-term contract, this modification will give us enough time to
establish the long term contract. Modification for time also approved for additional 2 months, from 31
December 2024 to 28 February 2025.","R 6 93,468.87","R 8 ,290,848.16",R -,2024/12/31,2021/11/19
81,Q4 2024/25,2025/01/20,Eskom Holdings SOC Ltd,The provision of catering services for a period of 36 months at Camden Power Station.,Sibane Business Enterprise (Pty) Ltd,"There were delays in placing the new catering contract and therefore the additional time of 6 months is
requested to conclude the contract. If the contract is concluded within 6 months, the exit clause will be
included in the current contract with anticipation that the current contract with be concluded within 6
months. The strategy of the new catering contract was approved on 28 November 2024. The tender
was published on 3 December and the closing date of the tender will be on 30 January 2025. The new
contract is expected to be concluded before the end of 6 months.","R 6 ,866,773.04","R 4 5,778,486.91",R -,2024/12/24,2022/01/09
82,Q4 2024/25,2025/01/20,Eskom Holdings SOC Ltd,Civil Structural repairs on Unit 4 Recovery.,Concor Construction (Pty) Ltd,"Additional work requirements were identified at the damaged plant which necessitated an extension of
the contract duration, 3 months from 31 December 2024 to 31 March 2025 and money. The works is
part of the Unit 4 recovery project.","R 1 6,126,803.33","R 2 0,718,122.16",R -,2024/12/11,2024/06/12
83,Q4 2024/25,2025/01/20,Eskom Holdings SOC Ltd,The provision of bus transportation services for Duvha Power Station employees’ school children.,Mphakathi Tours CC,"The modification is required to ensure that the service to transport scholars is not interrupted when
schools open in January 2025. There was a delay due to the end user being extremely busy with other
work commitments for the past months and did not get a chance to initiate the contract on time. The
process to establish a long term contract is still at its initiation phase, hence the request to extend the
current contract by a further 6 months period to make provision for the establishment of the long term
contract process (ensuring all necessary steps are completed within the extended period) to unfold.","R 1 ,314,605.46","R 6 ,886,191.38","R 9 45,816.06",2024/12/23,2022/01/01
84,Q4 2024/25,2025/01/20,Eskom Holdings SOC Ltd,Supply & Install surveillance equipment.,Royal Access Control,"During outages the number of contractors increase drastically and upgrades to the contractor’s parking
area is needed to facilitate effective contractor access to site and to safeguard vehicles. The fence
around the contractors parking area will be replaced with a 2.4m clear view fence with spikes. Vehicle
entrances will have 6m motorized sliding gates with access control that is integrated into the existing
access control system. There will be a guardhouse at both vehicle entrances. There will be 4
pedestrian gates installed with access control, magnetic locks, and auto closers. Modification for time
also approved for additional 5 months, from 10 July 2025 to 9 December 2025.","R 1 0,645,604.48","R 3 1,149,253.43",R -,2024/12/20,2024/07/10
85,Q4 2024/25,2025/01/20,Eskom Holdings SOC Ltd,Provision Of Maintenance and Repairs of Sick Dust and Gas Monitors.,Sick Automation,"Due to the period, they have been installed (10 years), the electronic components are approaching
their end of operational life. According to the OEM, the current probes must be sent to Germany for
refurbishment since the current software version of the analysing electronics have been upgraded.
Frequent sending of failed probes to Germany has increased the operational expenditure and dropping
the monitor availability. Since Hendrina will run till 2030, the current batch of analysers will not run till
then and hence this purchase is to replace the entire batch of the analysers with the upgraded versions
on both stacks. When the Station is decommissioned in 2030 or beyond, these assets will be used as
spares by our sister Stations (Kendal, Majuba and Kusile) who are using the same equipment.","R 6 ,854,000.00","R 6 ,132,506.56","R 1 ,200,000.00",2024/12/19,2023/10/07
86,Q4 2024/25,2025/01/20,Eskom Holdings SOC Ltd,"Provision of Boiler flue gas ducting and dampers inspection and repairs scope to bed added on
burners for K3 and K2 outages at Kusile Power Station.",Paulmatech,"It is important for the ducting and dampers inspection and repair scope of work to be executed as part
of the recovery of the units plan to support the RTS of the units and ensure the reliability and
availability of the units. The decision was taken to modify the contract that is similar to the ducting and
dampers scope of work, which is Burners and PF piping, to mitigate the risk of having the ducting and
dampers scope of work not executed, resulting in the unit shutting down just after the RTS.","R 1 0,975,586.25","R 2 4,219,262.12","R 7 ,684,164.21",2024/12/18,2021/07/01
87,Q4 2024/25,2025/01/20,Eskom Holdings SOC Ltd,"Provision of a Software and Devices as a Service (SaaS & DaaS) for Barcoding and RFID Turnkey
solution including support and maintenance (Subscription) for a period of five (5) years and nine (9)
months",SDM Asset Management and Consulting (Pty) Ltd,"Modification No. 1The modification is to address challenges experienced at Duvha power station and
to fast track the roll out to the rest of 12 Generation sites","R 2 1,144,604.63","R 4 3,777,155.68",R -,2025/01/13,2023/02/01
88,Q4 2024/25,2025/01/20,Eskom Holdings SOC Ltd,"Framatome contract for the replacement of the steam generators at Koeberg Nuclear Power
Station (KNPS)",ENS Africa,Modification No. 6: Disputes Adjudication at Koeberg worth 4.5 Billion that is still on-going.,"R 3 2,430,000.00","R 3 ,500,000.00","R 4 4,300,000.00",2024/12/09,2019/04/01
89,Q4 2024/25,2025/01/20,South African Social Security Agency (SASSA),"appointment of service provider to render physical security (guarding services) at the sassa free
state region for a period of thirty six (36) months.",mushoma security services and projects cc,"Contract expired on the 30th of September 2024 and the region is still in the process of bid evaluation
for awarding of a new contract.","R 1 3,230,214.62","R 7 2,865,010.87","R 6 ,615,107.31",2024/12/27,2025/01/01
90,Q4 2024/25,2025/01/24,Public Protector South Africa,Parking lease,umbulumko knowledge services pty (ltd),Accoumodation of additional staff,"R 2 32,868.40","R 2 02,379.44",R -,2024/12/20,2025/01/01
91,Q4 2024/25,2025/01/24,Public Protector South Africa,Offsite storage,Iron Mountain,Finalization of tender process,"R 6 0,265.80","R 1 89,010.00",R -,2024/12/19,2025/01/01
92,Q4 2024/25,2025/01/27 A,rmaments Corporation of South Africa SOC Ltd (ARMSCO,R) Provision of financial accounting services,MMB Consulting Incorporation,"Armscor Finance is in the process of implementing improvements indentified during the audit together
with the ERP emplementation. Permanent appointment of resources as the amended structure to
commence shortly.","R 4 56,000.00","R 6 50,000.00","R 6 84,000.00",2024/04/19,2024/09/30
93,Q4 2024/25,2025/01/28,Transnet SOC Ltd,Occupational Healthcare Services,Netcare Occupational Health (Pty) Ltd,Allow sufficient time to conclude the new sourcing event for the five (5) year contract,"R 7 ,918,935.69","R 7 ,918,935.69",R -,2024/03/20,2024/04/01
94,Q4 2024/25,2025/01/28,Transnet SOC Ltd,National supply of concrete sleepers to Transnet Freight Rail,"GPT Concrete
Colossal Concrete Products
Rail 2 Rail",E n a bling upcoming shutdowns and assisting during emergencies moreover to support depots.,"R 2 09,100,000.00","R 1 93,154,000.00","R 1 75,129,791.07",2023/06/26,2023/07/10
95,Q4 2024/25,2025/01/28,Transnet SOC Ltd,"Supply,installation,commissioning and support of 100GB/S Dense Wavelength Division Multiplexing
(DWDM) system",Mehleketo Resourcing,Re-installation of the system to rehabilitate the damaged parts by the floods,"R 3 36,400,000.00","R 1 2,856,364.60",R -,2018/05/11,2018/06/01
96,Q4 2024/25,2025/01/28,Transnet SOC Ltd,"Supply, Ascertainment, Design, Manufacturing,
Installation, Commissioning and Testing of the Lighting Upgrade Project in Kendal and Secunda
Pumpstations.",Matana Group,"This request is for the second contract variation which resulted in an increase to the DCV by an
additional R 179 773.73 incl. VAT. This increase was to make allowance for the contractor to procure
and install CCG Armortex Explosion-proof Glands which were a free issue items to the value of R 49
773.73 including VAT and to make provision of a contingency allowance to the amount of R 130 000.00
including VAT for any unforeseen events.","R 1 ,819,300.00","R 1 79,773.73",R -,2024/02/20,2024/02/26
97,Q4 2024/25,2025/01/28,Transnet SOC Ltd,"The Provision of Variable Speed Drive (VSD) repair works and software upgrade on VSD 1, 2 And
3 at TPL Island View Terminal in Durban on a once-off period basis",ABB South Africa,"This request is for the second contract variation in delegated contract period by extending the contract
period by an additional fifteen (15) weeks. The requested amendment will result in an extension of the
delegated contract date (DCD) from 12 December 2024 to 30 April 2025","R 1 ,026,609.60",R -,R -,2023/10/02,2023/11/30
98,Q4 2024/25,2025/01/28,Transnet SOC Ltd,"Appointment of a Service Provider for the Provision of Approved Inspection Authority and Testing of
Pressure Equipment for the Intermixture Refractionator Plant (IRP) at the Transnet Pipelines (TPL)
Tarlton Depot",Quality Services (GM Voogt),"This request is for the second contract variation in delegated contract value, after commissioning of
the IRP, it was discovered that the reboiler pump X03 is defective and needs to be repaired, this
request will cater for the hiring of the mobile cranewhich will be used to remove this reboiler pump X03
from IRP for repairs and installation at IRPafter it has been repaired.","R 1 ,491,566.10","R 2 02,601.25",R -,2023/07/24,2023/07/25
99,Q4 2024/25,2025/01/28,Transnet SOC Ltd,"Provision of equipment (front end loaders and excavator) on a full maintenance lease for Transnet
SOC Ltd (registration no. 1990/00900/30) operating as Transnet Port Terminals (hereinafter
referred to as “TPT”), at the Lohatlha Terminal on as and when required, for a period of 3 years (36
months)",Njilo Consulting and Logistics Pty Ltd,"The long term process is at negotiations stage with the preferred bidder. The contract amendment was
done as a safe guard in case the negotiations failed and the process being a non-award. The
extension will provide sufficient time to approach the market and conclude a new long term contract by
July 2025.","R 3 7,483,918.93","R 9 ,483,431.49","R 5 ,285,232.57",2021/11/02,2021/11/08
100,Q4 2024/25,2025/01/28,Transnet SOC Ltd,"for the provision of: service for the hiring of skid-steer x 1 (s550 or equivalent) for Transnet soc
limited (reg.
No 1990/000900/30) operating as Transnet port terminals (hereinafter referred to as “TPT”) at the
iron
ore terminal, port of Saldanha",Jikhalo (Pty) Ltd,"Requesting permission to extend the contract period for One (1) month from 27 December 2024 to 26
January 2025, in order to allow for procurement process to be completed","R 1 ,339,689.60","R 2 00,953.44",R -,2024/03/26,2024/03/27
101,Q4 2024/25,2025/01/28,Transnet SOC Ltd,"The Provision of Lease/ rental Agreement for two (2) X 18 Ton Forklifts For Transnet SOC Ltd
Operating as TPT",Ultra Marine Sea Trade and Investment (Pty Ltd),"Amendment of existing contract to cater for the opening of new truck staging area, contract time
extention of 20 days as well as increase from the initial contract by 15% to R 2,010,200.00","R 1 ,748,000.00","R 2 62,200.00",R -,2024/10/17,2024/10/19
102,Q4 2024/25,2025/01/28,Transnet SOC Ltd,"For the provision of office cleaning and gardening services at Mafikeng, Lichtenburg, and Coligny
for a period of twelve (12) months",WPM Consulting (Pty) Ltd,"The current twelve (12) months contract is nearing expiry on the 20 December 2024 and the current
procurement event to replace this expiring contract will not have been awarded/concluded by then","R 1 ,836,780.00","R 2 75,517.00",R -,2023/12/19,2023/12/21
103,Q4 2024/25,2025/01/28,Transnet SOC Ltd,"For the supply of park home units at various depots in Limpopo and Mpumalanga for a period of five
(05) months",Kwikspace Modular Buildings (Pty) Ltd,"There were delays experienced on the delivery of required park home units. The appointed service
provider (Kwikspace Modular Buildings (Pty) Ltd) was unable to deliver given that the previous service
provider had their containers on site","R 9 46,760.50",R -,R -,2024/05/25,2024/08/01
104,Q4 2024/25,2025/01/28,Transnet SOC Ltd,"For the provision of cleaning, hygiene, and gardening services at various buildings in
Koedoespoort, Watloo, Pyramid-South, Rosslyn, Capital Park, Cor Delfos, Hercules, Milhouse
Transtel, Pretoria West, Pretoria North, and Pretoria Nzasm Clinic for a period of three (3) months",Sikanyamatope (Pty) Ltd,"The long-term procurement event to replace the existing short-term contract has been cancelled due to
materials issues","R 1 ,077,560.37","R 1 61,634.01",R -,2024/09/10,2024/09/11
105,Q4 2024/25,2025/01/28,Transnet SOC Ltd,For the provision of cleaning services in the KZN Northern Tuzi Gazi for 6 months.,Ukusuka Group (Pty) Ltd,Awaiting procurement to finalize the procurement process for appointment of a service provider,"R 1 ,998,470.00","R 2 68,616.55",R -,2024/06/28,2024/07/01
106,Q4 2024/25,2025/01/28,Transnet SOC Ltd,"For the provision of hygiene and garden services in Northern KZN Tuzi Gazi for a period of 6
months",CMTN Projects (Pty) Ltd,Awaiting procurement to finalize the procurement process for appointment of a service provider,"R 1 ,944,595.26","R 2 61,370.33",R -,2024/06/28,2024/07/01
107,Q4 2024/25,2025/01/28,Transnet SOC Ltd,"For the Provision of Property Management Solution for Transnet Soc Ltd for a Period for a period
of 24 Months",Zimele IT Services,"The delay as a result of waiting for the TIA to submit proposals for the deep dive work requested by
business","R 3 8,132,735.00",R -,R -,2022/08/12,2022/12/01
108,Q4 2024/25,2025/01/28,Transnet SOC Ltd,"For the provision of waste removal services at loop 10,Halfweg Area for a period of 12 months at
Transnet Property",Malibongwe Development (Py) Ltd,"Due to new procurement manual, a new procurement event was requested giving procurement
department limited time to conclude new cleaning contract","R 3 12,000.00","R 4 1,935.49",R -,2024/01/03,2024/01/10
109,Q4 2024/25,2025/01/31,Special Investigating Unit (SIU),Interdict application on behalf of SIU / Mphaphuli Consulting,Jailall and Associates Inc,Contract Variation for Legal Services,"R 3 ,000,000.00","R 8 83,200.00","R 9 32,000.00",2025/01/22,2025/02/01
110,Q4 2024/25,2025/01/31,Special Investigating Unit (SIU),Whistleblowing services,Vuvuzela Hotline (Pty) Ltd,"Contract Extension for Whistleblowing, Fraud, and Corruption","R 2 6,220.00","R 2 58,874.00","R 2 6,220.00",2025/01/22,2025/02/01
111,Q4 2024/25,2025/01/31,Special Investigating Unit (SIU),Office Accommodation,"Acucap Investments (Pty) Ltd C/O Growthpoint
Managements Services",Extension of the Contract Scope,"R 2 9,808.00","R 2 1,504,499.90","R 2 4,137,008.16",2025/01/31,Not stated
112,Q4 2024/25,2025/01/20,Municipal Infrastructure Support Agent (MISA),Approval of Variation Order to subscribe for additional Microsoft Software Licenses.,Microsoft Ireland Operations Limited.,As per the approved submission.,"R 7 87,179.60","R 8 ,691,359.58",R -,2024/10/04,2023/01/01
113,Q4 2024/25,2025/01/20,Municipal Infrastructure Support Agent (MISA),"Approval of Variation Order for the pre-employment screening by extending the scope of work for
Thusa Batho Labour Solutions.",Thusa Batho Labour Solutions.,As per the approved submission.,"R 1 4,127.75","R 1 27,070.00",R -,2024/11/21,Not stated
114,Q4 2024/25,2025/01/20,Municipal Infrastructure Support Agent (MISA),"Request for the approval of the extension of contract with costs
for Zest for Life Pty (Ltd) to supply and install alarm system for
Municipal Infrastructure Support Agent (MISA) provincial office
situated in the Free State Province for a period of four months.",Zest for Life,As per the approved submission.,"R 1 6,327.40","R 4 8,982.25",R -,2024/12/19,2024/12/19
115,Q4 2024/25,2025/02/11,Legal Aid South Africa,Mount Frere Satellite Office (Lease of office accomodation),Masiqhame Trading 122 (Pty) Ltd,Tender process not yet concluded,"R 3 30,672.84","R 1 ,320,280.89",R -,2025/01/14,2025/02/01
116,Q4 2024/25,2025/02/11,Legal Aid South Africa,Cleaning and hygiene services for National Office,OKS Investments 2,Tender process not yet concluded,"R 1 ,601,039.92","R 2 ,902,518.00","R 1 25,201.41",2025/01/17,2025/02/01
117,Q4 2024/25,2025/02/11,Legal Aid South Africa,Makhanda (Grahamstown) LO (Lease of office accomodation),Karoovlakte Trust,Tender process not yet concluded,"R 5 97,897.60","R 5 ,339,352.00","R 1 ,195,795.20",2025/01/27,2025/02/01
118,Q4 2024/25,2025/02/11,Legal Aid South Africa,Mthatha LO (Lease of office accomodation),Government Employee Pension Fund,Tender process not yet concluded,"R 1 ,435,818.24","R 5 ,973,320.16",R -,2025/01/27,2025/02/01
119,Q4 2024/25,2025/02/11,Legal Aid South Africa,Louis Trichardt LO Cleaning and hygiene services,Executive cleaning and Hygiene Services,RFQ process not yet concluded,"R 1 9,551.60","R 8 7,982.20",R -,2025/01/21,2025/02/01
120,Q4 2024/25,2025/02/11,Legal Aid South Africa,Benoni LO Armed response security service,National Fire Security,RFQ process not yet concluded,"R 9 ,127.40","R 5 7,478.83","R 3 ,574.55",2025/01/21,2025/02/01
121,Q4 2024/25,2025/02/11,Legal Aid South Africa,Makhado LO (Lease of office accomodation),Gemgrow Properties Ltd,Tender process not yet concluded,"R 1 ,292,087.65","R 4 ,296,913.76","R 2 ,645,028.62",2025/01/28,2025/02/01
122,Q4 2024/25,2025/02/19,South African National Accreditation System (SANAS),Microsoft licenses,Altron karabina,Change in design,"R 7 6,899.07","R 5 ,367,862.12","R 6 29,894.70",2025/02/12,Once Off
123,Q4 2024/25,2025/02/19,South African National Accreditation System (SANAS),Internal audit services,Nexia SAB&T,Additional work,"R 1 60,560.55","R 1 ,617,068.00",R -,2025/02/12,Once Off
124,Q4 2024/25,2025/02/18 Expo,rt Credit Insurance Corporation of South Africa SOC Ltd (,ECIC) Finalisation of the Performance Linked Short Incentive Policy.,"21st Century Pay Solutions (Pty) Ltd Reg.No
2015/186537/07)",Single source,"R 1 70,430.00","R 4 5,775,750.00",R -,2025/01/27,2023/03/03
125,Q4 2024/25,2025/02/18 Expo,rt Credit Insurance Corporation of South Africa SOC Ltd (,ECIC) Prvovision of network connectivity for the ECIC office,Dataproof (Pty) Ltd Reg.No. 2014/143281/07),"Approval of the draft terms of reference to appoint a service provider to provide services under this
contract was delayed due to a lack of clarity on outsourced services. The draft terms of reference
were only approved during November 2024, leaving no sufficient time for adjudication and contract
implementation.","R 1 97,285.49","R 4 ,451,107.00",R -,2025/01/16,2020/03/01
126,Q4 2024/25,2025/02/18 Expo,rt Credit Insurance Corporation of South Africa SOC Ltd (,ECIC) Provision of server hosting for the ECIC office.,"CHW Vuwani Solutions (Pty) Ltd (Reg.No
1990/002921/07)","Approval of the draft terms of reference to appoint a service provider to provide services under this
contract was delayed due to a lack of clarity on outsourced services. The draft terms of reference
were only approved during November 2024, leaving no sufficient time for adjudication and contract
implementation.","R 1 25,257.43","R 3 ,370,650.00",R -,2025/01/16,2020/03/01
127,Q4 2024/25,2025/02/28,Transnet SOC Ltd,Insurance Broking Services,Sankofa and Aon,"The long term process could not be finalized before the contract was up for renewal due to business
and CCM needing to verify the price offered by the preferred bidder and those discussions took a long
time to conclude.","R 4 63,563.75","R 8 ,106,234.50","R 1 ,265,000.00",2020/12/15,2021/01/01
128,Q4 2024/25,2025/02/28,Transnet SOC Ltd,Occupational Healthcare Services,Netcare Occupational Health (Pty) Ltd,Allow sufficient time to conclude the new sourcing event for the five (5) year contract.,"R 7 9,188,935.69","R 7 9,188,935.69",R -,2024/03/20,2024/04/01
129,Q4 2024/25,2025/02/28,Transnet SOC Ltd,"For the Provision of Maintenance Services for Railway Track with On-Track Sleeper Replacement
Machine for Low Production Countrywide on an “As and When” Required Basis",Lennings Rail (Pty) Ltd,"The variation was required to cover the demands of the planned shutdown at the Cape Corridor (Port
Elizabeth and Kimberly North). Stop gap measure.","R 3 2,775,000.00","R 1 62,210,465.79","R 1 9,951,887.29",2023/12/04,2023/12/04
130,Q4 2024/25,2025/02/28,Transnet SOC Ltd,"Hiring 2x 5ton forklifts for the Cape Town multi-purpose terminal (ctmpt) for a period of six (6)
months.",Shumani Industrial Equipment (Pty) Ltd,"The long term will be a national contract that will be managed by Transnet
Group. This process is anticipated to be in place by July 2025. This extension will provide sufficient
time to approach the market for another short-term process.","R 2 4,517.80","R 1 63,452.00",R -,2024/07/08,2024/07/15
131,Q4 2024/25,2025/02/28,Transnet SOC Ltd,"Provision of dedicated staff transport for Transnet Soc Ltd (reg.no.1990/000900/30) at Cape Town
multi-purpose terminal for a period of sixty-four (64) days.",Fair Cape Shuttle Services (Pty) Ltd,"The long-term process of 36 months became a non-award and is currently in the process of being
redrafted. A 2-month short term process was issued out to market, on 9 December 2024 and closed on
13 December 2024 the process was at evaluation phase at the time of extension.","R 1 80,480.00","R 1 ,203,200.00",R -,2024/11/07,2024/11/13
132,Q4 2024/25,2025/02/28,Transnet SOC Ltd,"The provision of dedicated staff transport for Transnet Soc Ltd (reg.no.1990/000900/30) at Cape
Town container terminal for a period of forty (40) days.",WCL Trading CC,"The amendment is a mitigation measure to allow SCM time to put another contract in place to ensure
there is no business disruption, due to the long term non-award.","R 2 54,400.00","R 1 ,696,000.00",R -,2024/11/01,2024/12/14
133,Q4 2024/25,2025/02/28,Transnet SOC Ltd,"provision of transportation and cargo handling services of manganese ore (train of-loading) for
Transnet Soc Ltd (reg. no 1990/000900/30) operating as Transnet port terminals (hereinafter
referred to as “TPT”) at the port of Saldanha for period of four (4) months.",Leomat Construction (PTY) LTD,"To allow adequate time for the new procurement process to be concluded, it will provide the sourcing
team sufficient time to finalize the current procurement process. The sourcing event prior to the current
sourcing process resulted in a non-award. As per the project plan, the request for proposal (RFP) will
be advertised between the 20th and 22nd January 2025. This amendment will also cater for the
provision made on paragraph 15.18 of the scope of work, “service provider must be capable of
commencing work on site within sixty (60) days from date of award”.","R 2 3,949,930.38","R 1 9,641,842.86","R 3 4,400,547.48",2024/03/28,2024/03/28
134,Q4 2024/25,2025/02/28,Transnet SOC Ltd,"hire of two (2) reach stacker (RS) for Port Elizabeth container terminal for a period of four (4)
months and one (1) reach stacker (rs) for Ngqura container terminal for a period of five (5) months
for Transnet soc ltd (reg no. 1990/000900/30) operating as Transnet port terminals (hereinafter
referred as “TPT”)",Shumani Industrial Equipment (Pty) Ltd,"The amendment is currently utilised as a mitigation by the terminal at the rail operations when there is
non-available equipment or as a hybrid to improve the turnaround time.","R 5 45,474.80","R 3 ,691,062.00",R -,2024/06/25,2024/07/08
135,Q4 2024/25,2025/02/28,Transnet SOC Ltd,"Provision of Condition Monitoring Services of Equipment for Transnet SOC, operationg as Transnet
Port Terminal at the Port of Richards Bay",Engineering Dynamics Services,"The variation is an interim measure to afford SCM time to put another contract
in place to ensure business continuity. The procurement process was delayed due to SCM resource
constraints as the filling of Sourcing Specialist within SCM RCB was put onhold on October 2024, inline
with moratorium. The bidding process is in process with closing date of 28 February 2025.","R 1 ,335,484.76","R 8 ,472,544.08",R -,2021/04/04,2022/01/21
136,Q4 2024/25,2025/02/28,Transnet SOC Ltd,"For The Provision of Cleaning, Deep Cleaning, Pest Control, Gardening, Grass Cutting, Hygiene
and Waste Removal Services in the Inland Region: Sentrarand and Surrounding Areas for a Period
of Three (03) Months",Masande Multipurpose Group (Pty) Ltd,"Due to Transnet Health and Safety procedures while awaiting the award of the
new long term Integrated Facilities Management contract","R 1 90,378.49","R 1 ,269,189.96",R -,2024/10/18,2024/10/19
137,Q4 2024/25,2025/02/28,Transnet SOC Ltd,"Provision of Cleaning, Deep Cleaning, Pest Control, Gardening, Grass Cutting, Hygiene and Waste
Removal Services in the Inland Region City Deep Kaserne and Natalspriut for a Period of 03
Months",Ndlazi Tladi Consultatory CC,"Due to Transnet Health and Safety procedures while awaiting the award of the
new long term Integrated Facilities Management contract","R 2 29,551.86","R 1 ,530,345.74",R -,2024/10/21,2024/10/21
138,Q4 2024/25,2025/02/28,Transnet SOC Ltd,"For the Provision of Cleaning, Hygiene, and Gardening Services at Witbank Depot for a Period of 6
Months",Sanatha Projects,"The long-term contract is under adjudication process which is expected to be finalised before the expiry
of the expansion. However, expanding the existing contract will enable adequate time for the other
procurement processes to be concluded","R 1 19,746.80","R 7 98,312.00",R -,2024/07/18,2024/07/19
139,Q4 2024/25,2025/02/28,Transnet SOC Ltd,"For the provision of office cleaning and gardening services at Kilnerpark, Koedoespoort for a
period of six (06) months",Basetsang (Pty) Ltd,"A long-term contract (36 months) is at advanced stages in the procurement process. It is due to be
submitted to DBAC for the recommendation of award by in due course, This will ensure there is
continuity of services while procurement is finalising the award of the long-term contract","R 1 25,976.00","R 8 39,840.00",R -,2024/07/19,2024/07/29
140,Q4 2024/25,2025/02/26,National Lotteries Commission (NLC),Wellness Services for non-NLC stakeholders,Lyra (Formerly nknow as ICAS),NLC to provide support as part of reparations project.,"R 5 9,808.00",R -,R -,2025/01/31,Once Off
141,Q4 2024/25,2025/02/26,National Lotteries Commission (NLC),Forensic data analysis tool,Search Works,To enable use of service for a period of 12 months,R -,R -,R -,2025/02/11,Once Off
142,Q4 2024/25,2025/02/27,National Home Builders Registration Council (NHBRC),NHBRC Office Accommodation,Classic Diamond (Pty) Ltd,Extension of lease contract for a period of three months,"R 1 46,625.00","R 9 99,092.40",R -,2024/02/19,2023/04/01
143,Q4 2024/25,2025/02/28,Eskom Holdings SOC Ltd,"Modification report request -
Bell Equipment South Africa",Bell Equipment South Africa,"1) To increase the contract value by R12 544 102.26 from R 25,000,000.00 to R37,544,102.26
excluding Value Added Tax (VAT), Contract Price Adjustment (CPA), Rate of Exchange (ROE) and
contingency.
2) No time modification is required, current contract only due to conclude on 19th Dec 2025
3) All other remaining terms and conditions of the Main Agreement remain unchanged.","R 4 3,175,717.60","R 2 5,000,000.00",R -,2024/06/19,2022/12/19
144,Q4 2024/25,2025/02/28,Eskom Holdings SOC Ltd,The hire of mobile plant at Matimba P. Station,Xmoor,Placement of the new contract taking longer than anticipated,"R 2 ,234,686.76","R 1 2,954,705.88",R -,2024/07/01,2022/01/12
145,Q4 2024/25,2025/02/28,Eskom Holdings SOC Ltd,The hire of mobile plant at Matimba P. Station,Marcopolo,Placement of the new contract taking longer than anticipated,"R 9 72,405.50","R 5 ,749,876.00",R -,2024/07/02,2022/01/19
146,Q4 2024/25,2025/02/28,Eskom Holdings SOC Ltd,Supply and delivery of industrial gasses.,Air Products (Pty) Ltd,"New procurement process to replace current contract delayed , tender closing deadline extended due
to supplier requests. Modification for time was also approved for additional 3 months from 30 April
2025 to 31 July 2025.","R 1 4,034,451.11","R 9 7,459,522.81","R 1 75,460,500.57",2025/02/14,2019/08/01
147,Q4 2024/25,2025/02/28,Eskom Holdings SOC Ltd,Payment of utility account to local municipality for stand 31008 (AQM site).,City of Cape Town Metropolitan Municipality,"The additional funds required for payment of invoices until 30 June 2025 due to funds being depleted in
estimated contract value.","R 5 6,350.00","R 2 32,300.00",R -,2025/02/20,2017/01/01
148,Q4 2024/25,2025/02/28,Eskom Holdings SOC Ltd,Refurbishment of PF burners and distribution boxes at Kriel Power Station for five (5) years.,Ceezas Mechanical Works (Pty) Ltd,"This contract has been used for the execution of 10 x Outages to date. The scope has increased
significantly from refurbishing 12 PF Burners on a Mini General Overhaul (MGO) to 30 PF Burners
resulting in the funds being insufficient for the Unit 6 Outage.","R 2 4,012,553.16","R 6 9,970,192.03","R 8 ,889,536.50",2025/02/20,2020/12/21
149,Q4 2024/25,2025/02/28,Eskom Holdings SOC Ltd,Refurbishment of fuel oil burners at Kriel Power Station for a period of five years.,Safurnco SA (Pty) Ltd,"The additional funds are to make provision for the additional 8 months contract period from 4 February
2025 to 3 October 2025 to complete scope of work.","R 1 6,741,484.72","R 1 3,391,928.48","R 1 7,847,028.48",2025/02/20,2020/02/05
150,Q4 2024/25,2025/02/28,Eskom Holdings SOC Ltd,Supply of DC Busbar and other components.,GE Steam Powers (Pty) Ltd,"Z clause added that unit price items that were on bill of material will be added as modification once sole
supplier receives pricing .","R 1 5,973,876.59","R 8 ,795,312.90",R -,2025/02/20,2025/02/07
151,Q4 2024/25,2025/02/28,Eskom Holdings SOC Ltd,Coal and Limestone sampling.,Perlicen Trading,"This modification request is to cater for the current operational need to sustain the continuous
production of megawatts through effective coal and limestone sampling at Kusile Power Station.
Modification for time for additional 6 months, from 31 March 2025 to 30 September.","R 5 ,861,492.50","R 1 6,051,815.00",R -,2025/02/19,2022/03/31
152,Q4 2024/25,2025/02/28,Eskom Holdings SOC Ltd,"Supply of spares and Maintenance during Operation of the H2 dryer, H2 skid, CO2 evaporator,
Stator Head Tank Panel and Gas Analysers, spares at Kriel Power Station for a period of five (5)
years.",Invest in Africa (Pty) Ltd,"The contract award made provision for maintenance and outages was not included. Additional funds
are required for the upcoming 3 outages which were not catered for in the current contract. The
procurement process for the future Supply of spares and maintenance during Operation of the H2
dryer, H2 skid, CO2 evaporator, Stator Head Tank Panel and Gas Analysers Spares at Kriel Power
Station contract has started at, however unit 6 outage is planned for 25 January 2025 i.e. that is less
than 8 weeks, hence the request that it be included into this contract. The PCM also requires that the
PO and contract be in place 12 months prior to outage starts, hence the request that it be included into
this contract. 3 outages are falling within the contract 12 months period ending December 2025. 2
additional outages were included to make provision for challenges in contract placement and support
the Station outage readiness score.","R 5 ,410,902.95","R 1 2,569,442.50",R -,2025/02/03,2022/12/01
153,Q4 2024/25,2025/02/28,Eskom Holdings SOC Ltd,"Coal Stock Yard, coal sampling.",Seriti Power,"This modification request is to cater for the current operational need to sustain the continuous
production of megawatts through effective coal sampling at Lethabo Power Station.","R 2 38,432,545.63","R 1 69,029,114.92",R -,2025/02/26,2024/11/06
154,Q4 2024/25,2025/02/28,Eskom Holdings SOC Ltd,"The maintenance, service and repair of Hydrogen Plant at Hendrina Power Station for a period of 3
years (For Lethabo Power Station to use for a Period of 1 year).",Inkwazi Energy Systems,"The Lethabo Power Station Hydrogen Plant has been out of service since 2023 due to a damaged cell
stack. The Plant was shut down as an emergency measure following the premature failure of the
original cell stack. The new cell stack has been procured and delivered to the site, where it is currently
being stored at the main Stores. It is recommended that Hendrina Power Station contract No:
4600073464, with Inkwazi Energy Systems (Reg No. 2017/527366/07) be modified to assist Lethabo
Power Station with the maintenance service and repairs of the Hydrogen plant while they are still
working on establishing their contract.","R 2 ,127,500.00","R 1 ,998,390.58","R 1 ,301,817.14",2025/02/21,2023/04/14
155,Q4 2024/25,2025/02/28,Eskom Holdings SOC Ltd,Maintenance services of slurry plant and ash dams as per the plant strategy and breakdown work.,Mbali Industrial Solutions,"The current contract provides maintenance of the slurry plant and ash dams which includes slurry lines.
The resources for slurry lines were not catered for during the inception of the maintenance contract
due pipeline maintenance contract that was still effective. The contract for the pipeline maintenance
(4600074213) expired on 3 December 2024.","R 5 1,897,841.96","R 2 66,000,435.67",R -,2025/01/24,2022/07/08
156,Q4 2024/25,2025/02/28,Eskom Holdings SOC Ltd,"Contract Modification Meat and Frozen Products on an as and when required for the period of 12
months for Kendal Power Station.",Leswena (Pty) Ltd,"The modification is as a result of contract cancelled by Nomageba Trading who was appointed for a 3
years contract which was unfortunately cancelled with immediate effect during 2024, Contract No.
4600072974 and the contract was supposed to expires on 30 November 2025. Based on this, the
contract modification covers the items listed on cost bread- down section. Lastly, it is important to
note that the below items on cost breakdown are necessary for the effective servicing of Eskom staff
and for proper menu’s at cafeteria. Kendal is piggy backing on contract whilst establishing own
contract.","R 8 ,994,184.50","R 1 7,321,777.60",R -,2025/02/12,2024/09/05
157,Q4 2024/25,2025/02/28,Eskom Holdings SOC Ltd,"The Eastern
Seasonal Coal Stockyard (ESCS) and Roads Construction at
Medupi Power Station",Grinaker LTA (Pty) Ltd.,"Modification No. 2 The Project Manager received a revised Record of Decision (ROD) from the Medupi
Generation for improvement of the following section of the works:
· Live stockpile stormwater drainage system. · Access Roads to areas between the live and seasonal
stockpiles.","R 1 11,495,625.82","R 3 98,324,959.50",R -,2024/01/29,2022/06/20
158,Q4 2024/25,2025/02/28,Eskom Holdings SOC Ltd,Repair of BOP and BMH system during commissioning at Kusile Power Station Project,Nqobisizwe Projects,"Modification No. 1.The Project experienced a high failure rate on both unit 5 & 6 degrit sump pumps.
These pumps had to be replaced and refurbished so that we can be able to have pumps to drain the
sump during Chemical clean, steam Blows and Air Cool Condenser (ACC) Hot clean, Unit
synchronization as well as optimization and testing until Commercial Operation(CO).","R 8 ,088,203.00","R 3 0,023,694.00",R -,2025/02/25,2024/04/08
159,Q4 2024/25,2025/02/28,Eskom Holdings SOC Ltd,"The supply of designs and materials including Refurbishment / of Koeberg Accommodation Block at
Eskom Academy of Learning (EAL0",Ntsako Industries (Pty) Ltd,"Modification No. 1 Conditional assessment reports and concept designs for the following disciplines
have been completed and accepted by ERE Architectural Civil and Structural Electrical Fire detection
and protection Security (for PA system and cameras)","R 7 ,378,359.87","R 1 9,017,824.15","R 7 ,314,200.21",2025/02/04,2023/08/21
160,Q4 2024/25,2025/02/28,Eskom Holdings SOC Ltd,Provision of Facilities Management Services at Eskom Academy of Learning,GSK Group Facilities Management,"To modify the Provision of Facilities Management Services at Eskom Academy of Learning to include
Megawatt Park for a period of 7 months starting from 11 February 2025 – 10 September 2025 as per
the BOQ
The scope of work includes expansion of scope to include Megawatt Park for the provision of the
following technical services:
• HVAC and Mechanical Services
• Water Reticulation Systems
• Sprinkler System
• Water Treatment Services
• Building Management System Services
• Civil and Plumbing Services
• Portable Fire Equipment
• Fire Protection and Gas Suppression Systems services
• Fire Sprinkler Services","R 1 2,801,673.50","R 4 6,667,395.48",R -,2022/12/12,2022/12/14
161,Q4 2024/25,2025/02/28,Eskom Holdings SOC Ltd,Supply and delivery of Groceries on an as and when required basis for,Enos Solutions,To increase the contract value,"R 1 3,187,148.88","R 9 ,173,668.78",R -,2025/12/22,2024/01/22
162,Q4 2024/25,2025/02/28,Eskom Holdings SOC Ltd,Supply and delivery of Frozen Foods on an as and when required basis for,Enos Solutions,To increase the contract value,"R 9 ,696,379.55","R 6 ,745,307.51",R -,2024/12/22,2024/02/06
163,Q4 2024/25,2025/02/28,Eskom Holdings SOC Ltd,Highveld South Reinforcing Phase 2 Wonderkrag Substation Earthworks and Civil Works,Shonisani Rambau Construction (Pty) Ltd,"This modification is for additional scope, and cost thereof. Modification No. 1","R 1 23,551,488.71","R 3 10,392,000.63",R -,2025/01/15,2024/10/08
164,Q4 2024/25,2025/02/28,Eskom Holdings SOC Ltd,"Modification 2 (Scope, Time & Value): Hybrid IT Transformation Program Contracts with Five (5)
vendors",Business Connexion (Pty)Ltd,"Given the progress made since the Hybrid project's inception, an additional two (2) years is needed to
fully realize the business benefits and advantages offered by the Hybrid IT contracts. This extension
will allow Group IT to develop a new strategy in response to the rapid evolution of information
technology and the changing Eskom landscape.","R 9 43,720,631.71","R 7 59,002,615.00",R -,2025/01/28,2020.02.01
165,Q4 2024/25,2025/02/28,Eskom Holdings SOC Ltd,"Modification 2 (Scope, Time & Value): Hybrid IT Transformation Program Contracts with Five (5)
vendors",Dimension Data (Pty) Ltd,"Given the progress made since the Hybrid project's inception, an additional two (2) years is needed to
fully realize the business benefits and advantages offered by the Hybrid IT contracts. This extension
will allow Group IT to develop a new strategy in response to the rapid evolution of information
technology and the changing Eskom landscape.","R 1 57,920,901.07","R 2 41,903,954.00",R -,2025/01/28,2020.02.01
166,Q4 2024/25,2025/02/28,Eskom Holdings SOC Ltd,"Modification 2 (Scope, Time & Value): Hybrid IT Transformation Program Contracts with Five (5)
vendors",Gijima Holdings (Pty)Ltd,"Given the progress made since the Hybrid project's inception, an additional two (2) years is needed to
fully realize the business benefits and advantages offered by the Hybrid IT contracts. This extension
will allow Group IT to develop a new strategy in response to the rapid evolution of information
technology and the changing Eskom landscape.","R 4 16,477,787.54","R 2 29,603,435.00",R -,2025/01/28,2020/02/01
167,Q4 2024/25,2025/02/28,Eskom Holdings SOC Ltd,"Modification 2 (Scope, Time & Value): Hybrid IT Transformation Program Contracts with Five (5)
vendors",Business Connexion (Pty)Ltd,"Given the progress made since the Hybrid project's inception, an additional two (2) years is needed to
fully realize the business benefits and advantages offered by the Hybrid IT contracts. This extension
will allow Group IT to develop a new strategy in response to the rapid evolution of information
technology and the changing Eskom landscape.","R 1 96,795,817.19","R 2 76,413,338.54",R -,2025/01/28,2020/02/01
168,Q4 2024/25,2025/02/28,Eskom Holdings SOC Ltd,"Modification 2 (Scope, Time & Value): Hybrid IT Transformation Program Contracts with Five (5)
vendors",Gijima Holdings SA,"Given the progress made since the Hybrid project's inception, an additional two (2) years is needed to
fully realize the business benefits and advantages offered by the Hybrid IT contracts. This extension
will allow Group IT to develop a new strategy in response to the rapid evolution of information
technology and the changing Eskom landscape.","R 1 91,596,397.07","R 3 13,600,479.00",R -,2025/01/28,2020/02/01
169,Q4 2024/25,2025/02/28,Eskom Holdings SOC Ltd,"Modification 2 (Scope, Time & Value): Hybrid IT Transformation Program Contracts with Five (5)
vendors",Nkgwete IT Solutions,"Given the progress made since the Hybrid project's inception, an additional two (2) years is needed to
fully realize the business benefits and advantages offered by the Hybrid IT contracts. This extension
will allow Group IT to develop a new strategy in response to the rapid evolution of information
technology and the changing Eskom landscape.","R 9 8,477,762.52","R 1 86,121,137.00",R -,2025/01/28,2020/02/01
170,Q4 2024/25,2025/02/28,Eskom Holdings SOC Ltd,"The Provision of external panel of experts for case Chairpersons and case Presenters, as and
when required (various contract)","MMMG
Malatji & Co
Mamatela Attorneys
MBA
Mothle Jooma Sabdia Inc
Bowmans Inc
BR Rangata Attorneys
Morata Mogokare Attorneys","Mod 1: The panel is currently handling twenty-one (21) SIU disciplinary cases. An additional sixty-three
(63) cases have been referred to the PMO by the SIU, which Eskom has still to institute disciplinary
cases on. Other investigating bodies have referred fourteen (14) cases, which are of a serious nature
and for which disciplinary cases are still to be instituted.
Due to the volumes of the disciplinary cases, the funds allocated for the panel are almost completely
depleted. The budget utilised to date is R19 676 750.00, which accounts for about 98% (ninety eight
percent) of the total budget of R20 000 000.00 (twenty million).
At the time that the panel was set up, the initial period and budget provided for was not informed by any
previous statistical data as this was the first time that Eskom had set up such a panel. It was thus
based on estimates. In addition, the volume of new referrals was not anticipated. Having had the panel
in place for a period of two (2) years, it has become clear that the estimates were understated. A panel
of this nature should have been allocated for a period of at least five (5) years in order to effectively
deal with the backlog and on anticipated investigation reports to place Eskom in a position where the
intended target was achieved. In considering that an amount of close to R20 000 000.00 (twenty
million) has been spent over the current two (2) year contract terms, it is projected that a reasonable
estimated budget of R30 000 000.00 (thirty million rands) will be appropriate to cover the modification
period sought of eighteen (18) months.","R 3 4,500,000.00","R 2 0,000,000.00",R -,2025/01/24,2023/02/01
171,Q4 2024/25,2025/02/28,Eskom Holdings SOC Ltd,"Modification of Contract number 4600072656 for the provision of Wide Area
Networks services to various Eskom sites by Dimension Data",Dimension Data (Pty) Ltd,provision of Wide Area Networks services to various Eskom sites,"R 1 2,204,092.39","R 1 5,506,508.00",R -,2025/02/21,2022/11/01
172,Q4 2024/25,2025/02/28,Transnet SOC Ltd,"The long term process could not be finalized before the contract was up for renewal due to business
and CCM needing to verify the price offered by the preferred bidder and those discussions took a
long time to conclude.",Sankofa and Aon,Insurance Broking Services,"R 4 63,563.75","R 8 ,106,234.50","R 4 63,563.75",2020/12/15,2021/01/01
173,Q4 2024/25,2025/02/28,Transnet SOC Ltd,Allow sufficient time to conclude the new sourcing event for the five (5) year contract.,Netcare Occupational Health (Pty) Ltd,Occupational Healthcare Services,"R 7 9,188,935.69","R 7 9,188,935.69","R 7 9,188,935.69",2024/03/20,2024/04/01
174,Q4 2024/25,2025/02/28,Transnet SOC Ltd,"The variation was required to cover the demands of the planned shutdown at the Cape Corridor
(Port Elizabeth and Kimberly North). Stop gap measure.",Lennings Rail (Pty) Ltd,"For the Provision of Maintenance Services for Railway Track with On-Track Sleeper Replacement
Machine for Low Production Countrywide on an “As and When” Required Basis","R 3 2,775,000.00","R 1 62,210,465.79","R 3 2,775,000.00",2023/12/04,2023/12/04
175,Q4 2024/25,2025/02/28,Transnet SOC Ltd,"The long term will be a national contract that will be managed by Transnet
Group. This process is anticipated to be in place by July 2025. This extension will provide sufficient
time to approach the market for another short-term process.",Shumani Industrial Equipment (Pty) Ltd,"HIRING 2X 5TON FORKLIFTS FOR THE CAPE TOWN MULTI-PURPOSE TERMINAL (CTMPT) FOR A
PERIOD OF SIX (6) MONTHS.","R 2 4,517.80","R 1 63,452.00","R 2 4,517.80",2024/07/08,2024/07/15
176,Q4 2024/25,2025/02/28,Transnet SOC Ltd,"The long-term process of 36 months became a non-award and is currently in the process of being
redrafted. A 2-month short term process was issued out to market, on 9 December 2024 and
closed on 13 December 2024 the process was at evaluation phase at the time of extension.",Fair Cape Shuttle Services (Pty) Ltd,"PROVISION OF DEDICATED STAFF TRANSPORT FOR TRANSNET SOC LTD
(REG.NO.1990/000900/30) AT CAPE TOWN MULTI-PURPOSE TERMINAL FOR A PERIOD OF SIXTY-
FOUR (64) DAYS.","R 1 80,480.00","R 1 ,203,200.00","R 1 80,480.00",2024/11/07,2024/11/13
177,Q4 2024/25,2025/02/28,Transnet SOC Ltd,"The amendment is a mitigation measure to allow SCM time to put another contract in place to
ensure there is no business disruption, due to the long term non-award.",WCL Trading CC,"PROVISION OF DEDICATED STAFF TRANSPORT FOR TRANSNET SOC LTD
(REG.NO.1990/000900/30) AT CAPE TOWN CONTAINER TERMINAL FOR A PERIOD OF FORTY
(40) DAYS.","R 2 54,400.00","R 1 ,696,000.00","R 2 54,400.00",2024/11/01,2024/12/14
178,Q4 2024/25,2025/02/28,Transnet SOC Ltd,"To allow adequate time for the new procurement process to be concluded, it will provide the
sourcing team sufficient time to finalize the current procurement process. The sourcing event prior
to the current sourcing process resulted in a non-award. As per the project plan, the request for
proposal (RFP) will be advertised between the 20th and 22nd January 2025. This amendment will
also cater for the provision made on paragraph 15.18 of the scope of work, “service provider must
be capable of commencing work on site within sixty (60) days from date of award”.",Leomat Construction (PTY) LTD,"PROVISION OF TRANSPORTATION AND CARGO HANDLING SERVICES OF MANGANESE ORE
(TRAIN OF-LOADING) FOR TRANSNET SOC LTD (REG. NO 1990/000900/30) OPERATING AS
TRANSNET PORT TERMINALS (HEREINAFTER REFERRED TO AS “TPT”) AT THE PORT OF
SALDANHA FOR PERIOD OF FOUR (4) MONTHS.","R 2 3,949,930.38","R 1 9,641,842.86","R 2 3,949,930.38",2024/03/28,2024/03/28
179,Q4 2024/25,2025/02/28,Transnet SOC Ltd,"The amendment is currently utilised as a mitigation by the terminal at the rail operations when there
is non-available equipment or as a hybrid to improve the turnaround time.",Shumani Industrial Equipment (Pty) Ltd,"HIRE OF TWO (2) REACH STACKER (RS) FOR PORT ELIZABETH CONTAINER TERMINAL FOR A
PERIOD OF FOUR (4) MONTHS AND ONE (1) REACH STACKER (RS) FOR NGQURA CONTAINER
TERMINAL FOR A PERIOD OF FIVE (5) MONTHS FOR TRANSNET SOC LTD (REG NO.
1990/000900/30) OPERATING AS TRANSNET PORT TERMINALS (HEREINAFTER REFERRED AS
“TPT”)","R 5 45,474.80","R 3 ,691,062.00","R 5 45,474.80",2024/06/25,2024/07/08
180,Q4 2024/25,2025/02/28,Transnet SOC Ltd,"The variation is an interim measure to afford SCM time to put another contract
in place to ensure business continuity. The procurement process was delayed due to SCM
resource constraints as the filling of Sourcing Specialist within SCM RCB was put onhold on
October 2024, inline with moratorium. The bidding process is in process with closing date of 28
February 2025.",Engineering Dynamics Services,"Provision of Condition Monitoring Services of Equipment for Transnet SOC, operationg as Transnet
Port Terminal at the Port of Richards Bay","R 1 ,335,484.76","R 8 ,472,544.08","R 1 ,335,484.76",2021/04/04,2022/01/21
181,Q4 2024/25,2025/02/28,Transnet SOC Ltd,"Due to Transnet Health and Safety procedures while awaiting the award of the
new long term Integrated Facilities Management contract",Masande Multipurpose Group (Pty) Ltd,"For The Provision of Cleaning, Deep Cleaning, Pest Control, Gardening, Grass Cutting, Hygiene and
Waste Removal Services in the Inland Region: Sentrarand and Surrounding Areas for a Period of
Three (03) Months","R 1 90,378.49","R 1 ,269,189.96","R 1 90,378.49",2024/10/18,2024/10/19
182,Q4 2024/25,2025/02/28,Transnet SOC Ltd,"Due to Transnet Health and Safety procedures while awaiting the award of the
new long term Integrated Facilities Management contract",Ndlazi Tladi Consultatory CC,"Provision of Cleaning, Deep Cleaning, Pest Control, Gardening, Grass Cutting, Hygiene and Waste
Removal Services in the Inland Region City Deep Kaserne and Natalspriut for a Period of 03 Months","R 2 29,551.86","R 1 ,530,345.74","R 2 29,551.86",2024/10/21,2024/10/21
183,Q4 2024/25,2025/02/28,Transnet SOC Ltd,"The long-term contract is under adjudication process which is expected to be finalised before the
expiry of the expansion. However, expanding the existing contract will enable adequate time for the
other procurement processes to be concluded",Sanatha Projects,"For the Provision of Cleaning, Hygiene, and Gardening Services at Witbank Depot for a Period of 6
Months","R 1 19,746.80","R 7 98,312.00","R 1 19,746.80",2024/07/18,2024/07/19
184,Q4 2024/25,2025/02/28,Transnet SOC Ltd,"A long-term contract (36 months) is at advanced stages in the procurement process. It is due to be
submitted to DBAC for the recommendation of award by in due course, This will ensure there is
continuity of services while procurement is finalising the award of the long-term contract",Basetsang (Pty) Ltd,"For the provision of office cleaning and gardening services at Kilnerpark, Koedoespoort for a period of
six (06) months","R 1 25,976.00","R 8 39,840.00","R 1 25,976.00",2024/07/19,2024/07/29
185,Q4 2024/25,2025/03/05 A,rmaments Corporation of South Africa SOC Ltd (ARMSCO,R) Procurement of Batons for crowd control,Batsose Trading and Projects cc,To optimize available funds for replenishing the depleted stock replenishment in the depot.,"R 1 ,014,952.00","R 7 32,000.00",R -,2025/02/11,2025/02/03
186,Q4 2024/25,2025/03/05 A,rmaments Corporation of South Africa SOC Ltd (ARMSCO,"RP)rocurement of crowd control equipment (body protectors, gloves, arm protectors and shin guards)",Pasadena leather products cc,To optimize available funds for replenishing the depleted stock replenishment in the depot.,"R 1 ,081,827.00","R 1 ,518,353.60",R -,2025/02/03,2025/02/03
187,Q4 2024/25,2025/03/05 A,rmaments Corporation of South Africa SOC Ltd (ARMSCO,R) Maintenance and repair of electrica el q p uo ipw me er n g t e fone r r Sa Ati Mng H s Systems (EPGS) & ancilliary related,Volt Ampere Facilities Management (Pty) Ltd,User Requirement Statement is not yet finanlized to initiate the new procurement process.,"R 2 ,000,000.00","R 2 ,226,738.00",R -,2024/07/03,2024/07/03
188,Q4 2024/25,2025/03/06,Department of Human Settlements (DHS),150 Temporary Residentials in Nelson Mandela Bay,Shwings Construction,"Import fill material for foundations, insulation membrane and internal boards for Temporary Residentials
Units in Wamer Nelson Mandela Bay Metro","R 3 ,514,444.50","R 1 4,652,600.00","R 1 4,652,600.00",2024/12/08,Not stated
189,Q4 2024/25,2025/03/06,Department of Human Settlements (DHS),150 Temporary Residentials in Nelson Mandela Bay,Farisa Construction,"Import fill material for foundations, insulation membrane and internal boards for Temporary Residentials
Units in Wamer Nelson Mandela Bay Metro","R 3 ,514,444.50","R 1 4,652,600.00","R 1 4,652,600.00",2024/12/08,Not stated
190,Q4 2024/25,2025/03/10,Legal Aid South Africa,Photocopier Printers,Itec Tiyende Pty Ltd,Additional Printers,"R 1 ,894,253.00","R 9 ,877,372.35",R -,2025/02/26,2025/02/01
191,Q4 2024/25,2025/03/10,Legal Aid South Africa,Beaufort West SO (Lease of office accomodation),Kumani Beleggings 120 (Pty) Ltd,Procurement process not yet concluded,"R 1 09,569.96","R 4 38,006.00","R 1 03,367.76",2025/02/20,2025/03/01
192,Q4 2024/25,2025/03/10,Legal Aid South Africa,Gqeberha LO Certificate for lift,ALX Elevators,Expansion of the contract,"R 4 ,312.50","R 4 2,834.08",R -,2025/02/06,2025/02/07
193,Q4 2024/25,2025/03/10,Legal Aid South Africa,Prieska SO (Lease of office accomodation),Temdale Boerdery (EDMS) BPK,Procurement process not yet concluded,"R 1 45,862.88","R 1 17,753.66","R 3 76,152.68",2025/02/20,2025/03/01
194,Q4 2024/25,2025/03/10,Legal Aid South Africa,Vryheid LO Metrofile storage,Metrofile,Budget increase,"R 5 3,655.79","R 4 3,538.91",R -,2025/02/25,2025/02/01
195,Q4 2024/25,2025/03/10,Legal Aid South Africa,Verulum LO Metrofile storage,Metrofile,Budget increase,"R 1 9,486.51","R 3 1,491.60",R -,2025/02/26,2025/03/01
196,Q4 2024/25,2025/03/10,Legal Aid South Africa,Port shepstone LO Metrofile storage,Metrofile,Budget increase,"R 4 7,403.73","R 4 1,015.81",R -,2025/02/26,2025/03/01
197,Q4 2024/25,2025/03/10,Legal Aid South Africa,Cape Town LO (Lease of office accomodation),South African Reserve Bank,Amendments on the approved variation,"R 1 ,504,757.44","R 8 ,769,120.19","R 5 ,007,158.22",2025/02/17,2024/09/01
198,Q4 2024/25,2025/03/10,Legal Aid South Africa,Swellendam SO (Lease of office accomodation),Frederick Gabriel Koch (FG Kock),Procurement process not yet concluded,"R 1 12,674.24","R 3 77,256.71","R 2 73,592.08",2025/02/25,2025/03/01
199,Q4 2024/25,2025/03/10,Legal Aid South Africa,Kirkwood SO (Lease of office accomodation),Madison Park Properties 29 CC,Procurement process not yet concluded,"R 1 00,841.76","R 8 33,931.12","R 5 25,955.88",2025/02/25,2025/03/01
200,Q4 2024/25,2025/03/10,Legal Aid South Africa,Free State North West PO (Lease of office accomodation),PHG Group (Pty) Ltd,Procurement process not yet concluded,"R 3 85,606.68","R 3 ,079,230.54","R 7 42,649.76",2025/02/19,2025/03/01
201,Q4 2024/25,2025/03/10,Legal Aid South Africa,Co-operation Agreement,Stellenbosch University,Procurement process not yet concluded,"R 2 72,192.49","R 3 ,266,310.00","R 2 72,192.49",2025/02/20,2025/04/01
202,Q4 2024/25,2025/03/10,Legal Aid South Africa,Co-operation Agreement,University of Cape Town,Procurement process not yet concluded,"R 3 9,000.00","R 4 68,000.00","R 3 9,000.00",2025/02/20,2025/03/01
203,Q4 2024/25,2025/03/10,Legal Aid South Africa,Licence for Asset Verification Scanning Software,Market Demand Trading (Pty)Ltd,Procurement process not yet concluded,"R 1 60,597.50","R 1 ,262,010.00","R 1 98,957.14",2025/02/18,2025/04/01
204,Q4 2024/25,2025/03/10,National Prosecuting Authority of South Africa (NPA),Mimecast and DMARC Analyzer with maintenance and support,IT Monkey (Pty) Ltd,Continuation of service until the tender process if finalized,"R 8 ,789,101.82","R 2 1,038,082.41","R 2 ,719,182.96",2025/02/27,2025/03/01
205,Q4 2024/25,2025/02/20,Eskom Holdings SOC Ltd,The provision of car wash services for 36 months.,Sibusiso Samagcina Trading (Pty) Ltd,"Supplier delayed fixing the tax none compliant on CSD. Modification for time also approved for
additional 3 months from 13 January 2025 to 13 April 2025.","R 1 68,128.16","R 2 ,143,361.89","R 1 78,885.63",2024/12/31,2020/07/15
206,Q4 2024/25,2025/02/20,Eskom Holdings SOC Ltd,The Refurbishment and Repair of LV motors at Kusile Power Station for a period of three years.,Winding Technologies,"The reason for the extension of the contract is that Electrical maintenance is current placing a new
contract and currently there are three upcoming Outages, namely K3 28 November 2024, K2 23
January 2025 and K1 21 March 2025. Given that tender office is closing, Eskom will not be able to
place a new contract on time.","R 1 0,218,071.79","R 1 0,682,489.39","R 5 ,175,000.00",2024/11/11,2022/02/15
207,Q4 2024/25,2025/02/20,Eskom Holdings SOC Ltd,Coal Maintenace services.,Eskom Rotek Industries,"Majuba is a coal-fired PowerStation comprising of 6 operational units. The Power Station is also
equipped with a material conveying plant (coal plant) to convey coal from the stock yard or tippler to the
units through various conveyors. There is a need for bulk coal maintenance due to the critical nature
of this activity. The service is for the continued Mechanical maintenance on the coal plant in a safe,
efficient and effective manner to meet the demands of Majuba Power Station. The Contractor is to
continue ensuring that the Coal Plant is Available & Reliable to such that zero load losses are taken on
the units due to the Coal Plant. Furthermore, the Contractor must continue ensuring that the Tippler
Plant experiences no delays due to maintenance on either the Tippler or downstream plant.
Modification for time was also approved for 1 year, from 31 January 2025 to 31 January 2026.","R 1 1,919,733.08","R 3 8,964,205.92",R -,2025/01/29,2024/02/01
208,Q4 2024/25,2025/02/20,Eskom Holdings SOC Ltd,"Supply and delivery of Boiler Tubes on an as and when required basis to Kriel Power Station for a
period of 5 years.",Nqaba Industrial Supplies,"The primary reason for requesting additional funds is the urgent need to procure boiler tubes for the
upcoming outages. Boiler tubes are long lead items that typically require six to eight months for
delivery. With the current lead times, it is imperative that we act swiftly to ensure that we have the
necessary materials on hand to prevent any delays in the maintenance schedule. The process of
initiating a new contract is already underway, but the time required to establish a new contract may
result in us missing critical deadlines for the upcoming outages. Therefore, it is in our best interest to
proactively modify the current contract to meet our immediate needs while concurrently working on the
new contract. Kriel is facing an upcoming outage which is Unit 6 that demands immediate attention and
without additional boiler tubes, the risk that could have significant operational and financial implications
to the Station.","R 2 0,793,150.00","R 8 3,628,448.50",R -,2025/01/21,2020/04/01
209,Q4 2024/25,2025/02/20,Eskom Holdings SOC Ltd,"The coal plant cleaning, staithe lashing and sample management at Arnot Power Station for a
period of five (5) years.",Dalida Nkwena Trading Enterprise (Pty) Ltd,"Arnot Power Station has received a request from Kendal Power Station to piggy bag on Arnot coal
Plant Cleaning existing Contract. Providing the service for a period of 6 months will grant Kendal
adequate time to establish a new long-term contract. Kendal Power Station currently has a 5-year coal
plant cleaning contract which was placed in August 2024. On 12 November 2024, the supplier
indicated their desire to terminate the contract citing their inability to cope with the sharp rise in
minimum wage and would incur losses post December payroll. Kendal Power Station sought
assistance from other Stations to assist but unfortunately Arnot is the only Station in such a position
with a coal plant cleaning contract. Kendal Power Station has now begun the process to place a new
long-term contract but due to the duration of placing a long-term contract as well as it being the rainy
season, the Station will be at risk should it not have cleaning resources in place. The termination of
the contract was unforeseen and the time it takes to place a new contract can take up to 6 months.
Kendal does not have any contingency in place to mitigate the risk of not having a coal plant cleaning
contract.","R 2 0,915,400.98","R 6 9,118,011.16",R -,2025/01/28,2022/11/14
210,Q4 2024/25,2025/02/20,Eskom Holdings SOC Ltd,"Industrial specialized cleaning on both boiler and turbine side during planned and unplanned outages
for a period of five (5) years at Lethabo Power Station.",Mmakgoge Group,"On the 31 December 2023, SKK Engineering terminated the contract with Eskom Lethabo Power
Station due to failure to execute work as per contract agreement. From 1 January 2024 Mmakgoge
was awarded the urgent order to continue with cleaning of the plant while 5-year contract was
established. The five years contract was delayed due to SD&L requested additional information for the
QS report. The newly appointed QS contractor took long to share the report and lacked knowledge of
the plant until we invited them on-site to demonstrate our work execution requirements.","R 2 8,373,690.95","R 1 40,423,895.25",R -,2025/02/06,2023/04/01
211,Q4 2024/25,2025/02/20,Eskom Holdings SOC Ltd,Statutory lifting equipment inspections on an as and when required basis for a period of 5 years.,Eagle Lifting (Pty) Ltd,"This modification to Statutory lifting equipment inspections for a period of 5 years at Sere Wind
Contract (4600071083) is required to be modified to include the Gourikwa Power Station. Since
Generation is driving the reduction of placing once off orders by ensuring contracts are in place and
utilized (previously procured via LPO), it therefore resulted in the requirement of modifying the existing
contract within Peaking and to amend the value of the contract. Furthermore, due to lifting equipment
being a statutory requirement, if annual and biannual tests and inspections are not done timeously, this
will result in non-compliance to the requirement. Consequently, the equipment cannot be used, thus","R 4 82,582.32","R 1 ,374,859.50",R -,2025/02/07,2024/05/01
212,Q4 2024/25,2025/02/20,Eskom Holdings SOC Ltd,"Rewinding and testing of all LV-MV Transformers, Motors, Fan Assemblies and Motor Generators.",LH Marthinusen a Division of Actom (Pty) Ltd,"resulting in outage delays, impact on plant availability and plant production.
Failure to secure additional time (6 months, from 31 January 2025 to 31 July 2025) and money would
result in our inability to adequately respond to plant defects that require specialised skill and machinery
to refurbish equipment. With an already constrained workforce the plant cannot afford to further burden
resources. TAN Delta’s of our 6.6kV motors can only be done during outage and a dedicated resource
with specialised test equipment is required.","R 5 75,000.00","R 5 ,931,124.32","R 2 30,000.00",2025/01/30,2017/08/01
213,Q4 2024/25,2025/02/20,Eskom Holdings SOC Ltd,"Acid cleaning of the MTC, BFPT Condenser, Stator Cooler, Main Oil Cooler and BFPT Oil Cooler
for Outages at Kriel Power Station for a period of 5 years.",Gra-Tech (Pty) Ltd,"Hendrina additional Funds. Hendrina went out on tender 2022/2023 FY and did not result in award.
Currently in commercial contract strategy phase and requested to make use of the Kriel contract.
Hendrina Power Station has adopted HP Jetting cleaning method on the condensers all over the years.
Due to the ash dams, sewerage plant and cooling towers maturation ponds not being properly
maintained which leads to blockage of main condenser tube, thus leads to vacuum pressure being high
which pose a risk of unit trip when unit is on load. The service of HP Jetting and acid cleaning is
required to address sludge and mud in the condenser tubes for unit to be return to service with less
vacuum pressure as per designed specification. Modification for time approved for additional 7 months
from 10 February 2025 to 10 September 2025.","R 1 0,791,600.00","R 7 9,735,963.00","R 4 0,857,517.40",2025/01/27,2020/01/11
214,Q4 2024/25,2025/02/20,Eskom Holdings SOC Ltd,Installation of common plant compressors and maintenance.,Nzwalo Investment (Pty) Ltd t/a Lumacon,"The modification was requested to ensure the availability of spares and consumables on an as and
when required basis, in a timeous manner while ensuring that correct items or suitable alternatives are
available to minimize critical plant downtime which impacts production, plant equipment integrity and
health and safety without relying on a middle man.","R 8 7,885,183.75","R 3 2,180,023.63",R -,2025/01/29,2024/06/01
215,Q4 2024/25,2025/02/20,Eskom Holdings SOC Ltd,installation of common plant compressors and maintenance service of compressors,Kaeser compressors,"The maintenance services provided for Kaeser Compressors is for normal routine monthly
maintenance/inspection of the compressors and is only limited to unitized (unit 1-6) compressors and
driers, two mobile diesel compressors excluding the outside plant compressors Kaeser 1,2, 3 and
dries. The breakdowns, spares and emergency call-out are not included in the contract.","R 1 2,052,496.80","R 1 9,257,072.00",R -,2024/12/10,2021/05/01
216,Q4 2024/25,2025/02/20,Eskom Holdings SOC Ltd,"Repair and Maintenance of Boiler Auxiliaries, Ash-Hopper System, Cooling Water Pipe, Ducting
and Dampers.",Bazil Technologies (Pty) Ltd,"The need for a modification of the contract is because of resources which were not included in the
original scope and the approved funds not being enough to fulfil the entire contract duration.","R 1 17,295,814.00","R 7 2,151,620.37",R -,2025/01/28,2023/03/01
217,Q4 2024/25,2025/02/20,Eskom Holdings SOC Ltd,"The Maintenance and Repairs of 6 x Boiler House Goods Lifts, 5 x Auxiliary Bay Passenger lifts, 2
x Main Admin foyer passenger lifts, 1 x Coal Silo passenger and 1 x Paraplegic lift at Lethabo
Power Station.",Schindler Lifts SA (Pty) Ltd,"The amount we are requesting is based on the spares and maintenance for the next 6 months that we
are anticipate procuring. R232 266.73 x 6 months (routine monthly service) and R 324 017.82 x 6
months (anticipated monthly repairs). The total amount of the request will be R 3 336 935.04. My
assumption is based on an increased number of breakdowns and repairs that we encountered in the
past 4 months. Modification for time was also approved for additional 7.5 months, from 8 February
2025 to 30 September 2025.","R 3 ,837,475.30","R 1 6,026,377.84","R 1 ,762,271.53",2025/01/30,2020/03/01
218,Q4 2024/25,2025/02/20,Eskom Holdings SOC Ltd,"Provision of cleaning services for ash and dust, debris removal and emptying of domestic bins for a
period of 5 years at Matla Power Station.",Hlaba4 Industrial,"The current and dust plant status requires constant cleaning services on normal working hours.
Several incidents occurred during the period of service where full dust hoppers were dumped on the for
in several occasions due to dust that failed to convey as per normal plant operation. Matla is also
experiencing constant Ashing hoppers on the floor, ash hoppers doors leak during Ashing, defective
dust hoppers, ash line leaks and k -pumps leaks. Teams had to work around the clock to prepare plant
for housekeeping challenges to enhance the Station performance and preparations for insurance audits
and compliance audits. The mentioned challenges ultimately lead to over expenditure as a result of
high frequency manpower required to be onsite cleaning constantly to address such challenges.
Modification for time was also approved for additional 6 months, from 24 May 2025 to 24 November
2025.","R 1 7,792,043.08","R 6 4,443,506.81",R -,2025/02/07,2020/05/22
219,Q4 2024/25,2025/02/20,Eskom Holdings SOC Ltd,Sewage Maturation pond lining replacement at Lethabo Power Station.,TS Industrial Supplies CC,"To increase the contract value by R2 665 334.59 R34 385 075.06 excluding Value Added Tax (VAT),
Contract Price Adjustment (CPA) and contingency. The approved contingency of R9 498 000.00
excluding Value Added Tax (VAT) will remain the same as originally approved. This modification is as a
result of unforeseen project delays. The project experienced delays which equate to 24 months and as
a result of these delays it poses a danger to the compliance of the Waste Management License (WML)
which requires the maturation Pond to be in operation on or before 31 March 2024. The currently
approved schedule indicates a forecast to complete indicates the completion date of 31 July 2025 on
the normal 8 hours shift, however after consultation with the supplier there is room to ensure that the
project is completed on time by accelerating the works to 31 March 2025.","R 3 ,065,134.78","R 2 9,547,114.82","R 6 ,930,587.07",2025/02/11,2021/07/01
220,Q4 2024/25,2025/02/20,Eskom Holdings SOC Ltd,"Service, repair and refurbishment of Milling Plant Gearboxes on as and when required basis at
Grootvlei Power Station for a period of 60 months.",Ultra Gear Manufacturing,"The current contract was issued only for the service, repair and refurbishment of Milling Plant
Gearboxes at Grootvlei Power Station as and when required. However, there is now a need to
incorporate two more section gearboxes for refurbishment, namely turbine Maintenance and Auxiliary
Maintenance.","R 6 9,292,488.47","R 5 4,824,160.45",R -,2025/01/28,2022/10/28
221,Q4 2024/25,2025/02/20,Eskom Holdings SOC Ltd,The provision of general office and ablution cleaning services.,Yanda Dugima,"Kusile Power Station was meant to move all permanent employees from the park homes at HV yard
and GE stores to various buildings because HV yard was meant to be temporary however, the
increase in manpower resulted in some employees remaining behind at HV yard and GE stores.","R 8 ,918,250.00","R 4 1,802,845.69",R -,2025/02/04,2022/06/21
222,Q4 2024/25,2025/02/20,Eskom Holdings SOC Ltd,"Refurbishment of SO3 plant during planned (GO, MGO & IR’s) and unplanned (opportunity
maintenance) outages on an as and when required basis.",Leporung Construction and supply,"To modify the contract outage quantities by including additional planned and unplanned outages,
duration will remain the same.","R 9 ,489,032.65","R 1 3,641,983.03",R -,2025/01/28,2025/03/08
223,Q4 2024/25,2025/02/20,Eskom Holdings SOC Ltd,"Provision of Scaffolding on as and when required basis during Outages and Projects for Peaking
Generation.",Southey Contracting (Pty) Ltd,"The current supplier Southey Contracting (Pty) Ltd has performed as per expectation and fulfilled all
their contract obligations. Southey Contracting (Pty) Ltd is also one of the few reputable scaffolding
contractors in the market. This was evident from the previous tender process where many tenderers
did not meet the technical requirements. It is therefore prudent to get additional funds in order to give
Southey Contracting (Pty) Ltd the opportunity to fulfil the contract duration until 9 October 2025. The
current funds were exhausted due to high anticipated usage of this contract, so it’s not feasible to test
the market for the next nine months. Southey has presence in most major urban centres in South
Africa, thus suitably positioned to service all Peaking sites.","R 1 0,189,554.99","R 5 7,500,000.00","R 8 ,619,250.00",2025/01/28,2016/10/11
224,Q4 2024/25,2025/02/20,Eskom Holdings SOC Ltd,Hazardous and general waste removal at all Peaking Power Stations.,Yanga Projects,"Modification to contract to include Spill Management on an ad-hoc basis at all Peaking Power Stations
and the disposal of Effluent from the Reverse Osmosis (RO) Plant and Abatement Equipment and
Diesel-Contaminated water from Dirty water Dams at Ankerlig and Gourikwa Power Station.","R 2 9,397,340.75","R 1 5,109,045.00",R -,2025/02/10,2024/11/01
225,Q4 2024/25,2025/02/20,Eskom Holdings SOC Ltd,"Routine service, load testing and ad hoc repairs/replacement of lifting machinery and lifting
equipment at Palmiet Pumped Storage Scheme.",Blue Crane Contractors,"This modification to the 4600068065 contract is required to include ad hoc repairs on the Vanderkloof
and Gariep Hydro Power Station cranes and related equipment, as a statutory and maintenance
requirement.","R 3 50,727.00","R 7 67,625.00","R 4 86,967.50",2024/10/29,2020/09/28
226,Q4 2024/25,2025/02/20,Eskom Holdings SOC Ltd,"Provision of C&I Cable pulling, maintenance and outage services.",MJMP83 Pty Ltd,"This modification to contract 4600074107 is for additional scope for supply and delivery of C&I spares
for Unit 4 return to service.","R 8 4,059,974.05","R 8 7,617,837.60","R 7 7,208,159.02",2025/01/22,2023/08/04
227,Q4 2024/25,2025/02/20,Eskom Holdings SOC Ltd,"Units 1-6 Pulverized Fuel Burner Maintenance during planned (GO & MGO) and unplanned
(opportunity maintenance) outages on and as when required bases for a period of 5 years at Matla
Power Station.",Quench Management Solutions (Pty) Ltd,"Kriel Power Station would like to modify the contract for Matla pulverised PF burners and PF pipes for
an amount R19 882 053.36 for successful outage execution of Unit 6 & 4. Unit 5 had respective
defects on the PF pipes which were not worked on due to unavailability of the contract to maintain
them. There was an attempt to have an emergency order placed to repair defects of the PF pipes and
was not successful hence this request. Currently Kriel Power Station has embarked on the
procurement processes to have the PF pipes and hangers supports replacement and repair contract
placed, however, the projections to conclude the processes is 14 June 2025.","R 2 2,864,361.36","R 1 00,021,835.12","R 2 5,110,766.30",2024/12/20,2022/02/15
228,Q4 2024/25,2025/02/20,Eskom Holdings SOC Ltd,"Cable Testing, repairs / replace if necessary Medium Voltage (MV), Low Voltage (LV) cables and
Maintenance at Kriel Power Station.",Eskom Rotek Industries SOC Ltd,"The contract was extended by 12 months on the last day of the contract i.e. 26 November 2024. The
cabling contract is required as there are no internal skills to perform the cabling maintenance. It is
anticipated that a new contract will be in place within the next 12 months. The review of documents for
the future contract started in November 2024.","R 2 0,381,780.20","R 6 5,571,915.61","R 8 ,253,162.68",2025/02/13,2019/11/27
229,Q4 2024/25,2025/02/20,Eskom Holdings SOC Ltd,Provision for calibration of portable Gas Monitors.,Drager South Africa,"Portable gas monitors are used to detect gasses and are a mandatory requirement when work is
performed in a confined space and any other area where gases are present. The Portable Gas
Monitors needs to be calibrated within a regular time interval (bi-annually) to ensure that they are
serving their intended purpose. Modification for time also approved for 60 months, from 16 February
2025 to 16 February 2030.","R 2 ,469,745.75","R 1 92,260.29","R 2 0,807.89",2025/02/14,2021/06/14
230,Q4 2024/25,2025/02/20,Eskom Holdings SOC Ltd,Treatment Plant seal water recovery.,Tushcor Holdings (Pty) Ltd,"The current contract is left with 15 days and the project is not yet completed. The designs and
Relocation of Analysers are complete. The additional material and time (10 months, from 14 February
2025 to 14 December 2025) are required to fully complete the Project that is the installation of
additional analysers and Grab sampling points for the Water Treatment Plant to recover the vacuum
pump seal water. Additional Spares are also required to complete a project.","R 6 ,325,247.66","R 8 ,307,832.08","R 3 ,773,695.51",2025/02/13,2022/08/15
231,Q4 2024/25,2025/02/20,Eskom Holdings SOC Ltd,Provision of Construction Management Services at Kusile Power Station Project,Gabadela Mgabadeli Engineering,"Mod 3: The current construction management services contract that is providing these skills is expiring
09 April 2025. However, these skills are still required until Commercial Operation of Unit 6, completion
of the West permanent stack construction and commissioning and bulk material handling and the
construction of coal offloading facility.","R 1 5,266,433.15","R 4 7,607,470.00","R 4 2,886,835.00",2024/12/19,2022/01/10
232,Q4 2024/25,2025/02/20,Eskom Holdings SOC Ltd,"The Provision of New Office Screens, Modification of existing Office Screens and Installation of
Dry-Walling Services on an as and when required basis",Tribus Energy (Pty) Ltd,"Mod 2: The contract was established following Covid 19 and when the Hybrid model was applied (and
incorporated in the Space Planning Standard). Therefore, the anticipation/ assumption was for a lesser
demand for office spaces (as most of employees were working remotely) and contract costs were
estimated to be R2 940 000. Recently, End Users requested most of employees to return to offices (no
longer practicing hybrid). As a result, there is a high number of space planning requests/ projects
compared to what was assumed when the contract was established.","R 3 ,450,000.00","R 3 ,381,000.00",R -,2025/01/22,2023/02/15
233,Q4 2024/25,2025/02/20,Eskom Holdings SOC Ltd,"Project for solution software licenses, implementation, hardware, training and change",Vodacom (Pty) Ltd,"The addition of the IT infrastructure (VX Rails) on contract number 4600073012 necessitated the
procurement of Dell EMC Power Protect Data Protection Suite TLA for the maintenance and support on
term services contract (contract number 4600075274) (R65.365 512.00m).","R 7 5,159,988.80","R 3 54,574,099.85",R -,2024/09/16,2023/01/03
234,Q4 2024/25,2025/02/20,Eskom Holdings SOC Ltd,"Design, Engineering, Supply, Construction, Installation, Testing and Commissioning of Battery
Energy Storage Systems (BESS), Including Plants Operation and Maintenance Services for Eskom
at Paleisheuwel and Graafwater, Western Cape, South Africa. Lot A.","Pinggao Group Co., Ltd","Modification 1: Additional time of 06 months from 27 May 2024 to 27 November 2024 be granted for
the project to complete the outstanding activities that were impacted by the Late submission of design
and a Realistic Schedule, Delays in Amendment to the construction work permit and Contractor's poor
management of its Principal Contractor’s. The Contractor’s claim is currently being evaluated in terms
of legal, schedule and cost forensic analysis and time request thereof, while the cost component for
this extension of time (EoT) is still being finalised by Quantity Surveyors (QS) for further discussions
with the Contractor, cost and time changes subject to the Funder’s support. At this stage it is uncertain
as to the direction the Contractor will take in his response to the determination, which might have a
time and cost impact. To increase the time contingency by an additional four (04) months from
previously approved three (03) months to seven (07) months. Payment method of the 10 MVA
Transformer changed from ZAR to USD.","R 8 9,908,537.04","R 7 25,449,527.81",R -,2024/09/16,2023/05/08
235,Q4 2024/25,2025/02/20,Eskom Holdings SOC Ltd,"Design, Engineering, Supply, Construction, Installation, Testing and Commissioning of Battery
Energy Storage Systems (BESS), Including Plants Operation and Maintenance Services for Eskom
at Skaapvlei Substation, Sere Windfarm, Koekenaap, Western Cape, South Africa. Lot B.","Pinggao Group Co., Ltd","Mod 1: Additional time of 08 months from 27th of May 2024 to 28th of January 2025 be granted for the
project to complete the outstanding construction activities that were impacted by the events related to
the additional Telecommunication (telecoms) scope of work. Additional time contingency of 4 months
was approved, bring the contingency time to 8 months.","R 5 3,207,520.71","R 1 ,879,407,268.86",R -,2024/10/15,2023/04/23
236,Q4 2024/25,2024/12/17,Passenger Rail Agency of South Africa (PRASA),"The Provision Of Cleaning And Horticultural Services At Cape Town Station For A Period Of 36
Months",Rassol Projects Pty Ltd,Extension Is To Allow The Process To Conclude The New Contract Which Is Underway,"R 5 ,398,059.52","R 4 3,494,166.56",R -,2024/12/13,Not stated
237,Q4 2024/25,2025/01/14 P,"etroleum, Oil and Gas Corporation of South Africa (PetroS",A) Repair Raw Water Line leak at Aalwyndal,MDC Arendse Construction,Operational Requirement,"R 5 55,246.60","R 1 2,908,004.89","R 4 ,090,860.00",2025/01/06,2023/08/01
238,Q4 2024/25,2025/01/13,Department of Basic Education (DBE),Professional conference organiser,Gemini Moon Trading,Procurement of new organiser underway,"R 7 59,043.18",R -,R -,2021/10/18,2024/11/01
239,Q4 2024/25,2025/01/22,Department of Transport (DOT),The development of the White Paper on the National Rail Policy and National Rail Bill,SMEC,"Extending the timeframe of the project will allow the service provider to rework the draft National Rail
Bill as per the Freight Logistics Roadmap and sector recommendations before submission of the
National Rail Bill for presentation to the ESEID Cluster",R -,"R 1 4,215,700.00",R -,2024/12/09,2025/01/01
240,Q4 2024/25,2025/01/23,Ports Regulator of South Africa,Apppointment of a service provider to perform quality assurance review,Excellent Minds Institutte (Pty) Ltd,The service provider delayed to complete the project on time,R -,"R 1 31,000.00",R -,2024/07/15,2024/07/20
241,Q4 2024/25,2025/01/23,Ports Regulator of South Africa,Appointment of a service provider to provide information technology management services,Isite Internet Solutions,"The contract was extended as more inputs is sourced from the subject advisor from DoT. As a result
procurement process is delayed","R 2 42,121.00","R 1 ,986,993.00",R -,2024/06/07,2024/07/01
242,Q4 2024/25,2025/01/23,Ports Regulator of South Africa,Appointment of a service provider to provide information technology management services,Isite Internet Solutions,"The contract was extended as more inputs is sourced from the subject advisor from DoT. As a result
procurement process is delayed","R 1 21,060.50","R 1 ,986,993.00","R 2 42,121.00",2024/10/29,2024/11/01
243,Q4 2024/25,2025/01/23,Road Accident Fund (RAF),"Software Defined - Wide Area Network (SD-WAN) to include RAF Reserved Domains,
Secondary AWS Direct Connect, Microsoft Express route, relocated CECS and Menlyn site
installation",Vodacom (Pty) Ltd,"The variation is for modifying the scope of the existing contract to include RAF Reserved Domains,
Secondary AWS Direct Connect, Microsoft Express route, relocated CECS and Menlyn site
installation.","R 9 ,218,456.16","R 2 4,203,940.00",R -,2025/01/23,2024/12/19
244,Q4 2024/25,2025/01/29,Department of Transport (DOT),Comprehensive Employee Welness and Health Services,"Maeko Counselling and Social Work Services t/a
MSWS Counselling and Social Work Services","The contract extension is required for additional three (3) months until the new bid is advertised and
contracted. This will allow the integrated services to be provided to employees","R 1 09,200.00","R 1 ,232,280.00",R -,2025/01/16,2025/02/01
245,Q4 2024/25,2025/02/04,National Nuclear Regulator (NNR),Cleaning Services at the NNR Cape Town offices,Laboroka Holding,Not Stated,"R 1 30,714.40","R 2 ,281,530.56",R -,Not stated,Not stated
246,Q4 2024/25,2025/02/14 P,"etroleum, Oil and Gas Corporation of South Africa (PetroS",A) Alarm Monitoring,M Sec Security Systems,Operational Requirement,"R 2 5,000.00","R 1 00,000.00",R -,2025/02/04,2025/02/04
247,Q4 2024/25,2025/02/14 P,"etroleum, Oil and Gas Corporation of South Africa (PetroS",A) Weather Monitoring Serv & Recert FA,Nautibuoys,Operational Requirement,"R 3 9,250.00","R 1 81,660.00",R -,2025/02/12,2025/02/12
248,Q4 2024/25,2025/02/14 P,"etroleum, Oil and Gas Corporation of South Africa (PetroS",A) Rental FA Drilling Generator,Afritech Equipment Solutions,Operational Requirement,"R 2 ,382,000.00","R 1 ,746,458.00",R -,2025/02/12,2025/02/12
249,Q4 2024/25,2025/02/14 P,"etroleum, Oil and Gas Corporation of South Africa (PetroS",A) Servicing and Certification of Lifting Equipment,Econoflex,Operational Requirement,"R 7 00,000.00","R 1 ,606,025.00",R -,2025/02/13,2024/01/25
250,Q4 2024/25,2025/02/14 P,"etroleum, Oil and Gas Corporation of South Africa (PetroS",A) Ground Water Monitoring at Nautilus Bay,Kantey and Templer,Operational Requirement,"R 2 14,711.11","R 2 50,000.00",R -,2025/02/13,2024/11/15
251,Q4 2024/25,2025/02/12,Railway Safety Regulator (RSR),Provision of legal services,Tshiqi Zebediela Attorneys,Representation of RSR at Labour Court,"R 6 00,000.00","R 4 90,000.00","R 4 90,000.00",2025/02/05,2025/02/06
252,Q4 2024/25,2025/02/20,Strategic Fuel Fund (SFF),Water Dispenser Rental,R03 Oasis,"Extension required to cover rental for 2 additional months whilst the tender process is being finalized
for new contract",R 8 51.00,"R 5 ,106.00",R -,2025/02/07,2025/02/07
253,Q4 2024/25,2025/02/20,Strategic Fuel Fund (SFF),"Renewal of Mimecast email filtering S2, Large file send, Email Archiving, Cyber security awareness
training and support for 12 months",First Technology,"SFF fortified security by adding other services include, Mimecast Cyber Security, Awareness training,
DMARC Analyzer, CyberGraph A.I under the S2 Package","R 1 37,800.00","R 6 94,163.00",R -,2025/02/14,2025/02/14
254,Q4 2024/25,2025/02/20,Strategic Fuel Fund (SFF),Appointment of a Law Firm to update the Update the Procurement Policy,Mkhabela Huntley Attorneys,"Extension of scope to draft a separate and detailed procedure for the disposal and scrapping of assets
to align to the updated policy","R 1 49,988.75","R 9 99,925.00",R -,2025/02/13,2025/02/13
255,Q4 2024/25,2025/02/20,Strategic Fuel Fund (SFF),Appointment of a Law Firm to update the Update the Procurement Policy,Mkhabela Huntley Attorneys,"It was agreed by the stakeholders that it would be in the best interest of SFF to seek authority to vary
the current PO for Legal Opinion issued to MHA as the variation is directly associated with the
awarded scope","R 3 45,000.00","R 1 ,494,913.75",R -,2025/02/13,2025/02/13
256,Q4 2024/25,2025/02/20 P,"etroleum, Oil and Gas Corporation of South Africa (PetroS",A) Occupational Therapist,Natasha Waterson,Internal Budget Increase,"R 1 50,000.00","R 4 41,980.50",R -,2025/02/14,2022/06/01
257,Q4 2024/25,2025/02/24,Air Traffic and Navigation Services (ATNS),"For cleaning, hygiene and pest control services at George airport (FAGG",Bidvest services (pty) ltd t/a Bidvest prestige,The extension will allow sufficient time for the completion of the procurement process,"R 7 0,780.87","R 1 ,121,049.50",R -,2025/01/31,2025/02/10
258,Q4 2024/25,2025/02/19,South African Maritime Safety Authority (SAMSA),Renovations,First Hope group of companies,additional work required,"R 7 2,706.00","R 1 0,754.80","R 7 2,706.00",2025/02/13,2025/02/13
259,Q4 2024/25,2025/02/20,Road Accident Fund (RAF),CISCO Firewall Services,Sizwe Africa IT Group (Pty) Ltd,To allow finalization of the transition from private Datacenter at Vodacom to public cloud services.,"R 1 ,171,396.91","R 1 ,420,337.03","R 1 ,466,336.65",2025/02/20,2025/02/13
260,Q4 2024/25,2025/02/27,Air Traffic and Navigation Services (ATNS),Verification of charts,CGX Group,Single source,"R 1 ,809,952.00","R 1 ,798,542.54",R -,2025/02/11,2025/02/24
261,Q4 2024/25,2025/02/28,Department of Basic Education (DBE),Professional conference organiser,Gemini Moon Trading,Finalising a new appointment,"R 6 94,330.58",R -,"R 7 59,043.18",2021/10/18,2024/12/01
262,Q4 2024/25,2025/03/11,Department of Basic Education (DBE),Professional conference organiser,Gemini Moon Trading,Finalising a new appointment,"R 1 54,483.56",R -,"R 1 ,806,708.09",2021/10/18,2025/02/01
263,Q4 2024/25,2025/02/07,Road Accident Fund (RAF),Durban Regional Office lease,Delta Fund (Pty) Ltd,New organisational structure,"R 2 4,283,162.46","R 2 1,329,465.24","R 6 4,070,117.66",2025/02/05,2024/10/10
264,Q4 2024/25,2024/12/17,South African Revenue Service (SARS),Gardening Services at Lehae La SARS,Agility Business Solutions,"Additional funds needed on contract due to the expansion on the scope of work for gardening services
at Lehae La SARS","R 1 80,000.00","R 7 70,000.00",R -,2024/10/12,2024/10/12
265,Q4 2024/25,2024/12/18,Sasria SOC Ltd,Renewal of @Risk Ind Network Software License for a period of One (1) Year,Blue Crane Holdings CC T/A KZN Aggregates,"Blue Crane Holdings supplies licenses for the @Risk tool and is the sole source provider for such a
license. @Risk is used by Sasria Actuarial to process risk simulations to map out all possible
scenarios and the probability in which they will occur. This is a critical process in risk analysis and
management for the organization. The Actuarial department will be exploring other solutions in the new
financial year provided that a suitable service provider is found through the RFQ process while this
contract is in effect.","R 2 71,117.00","R 2 51,941.86",R -,2024/12/17,2025/01/31
266,Q4 2024/25,2024/12/18,Sasria SOC Ltd,Provision of Credit Ratings for a Period of One (1) Year,Moody’s Analytics UK Limited,"Moody's Analytics provides credit ratings for financial instruments invested in by asset managers on
behalf of Sasria. Sasria outsources the reporting and amdinistration related to its investment portfolio
to Standard Bank for cost-benefit reasons. Standard Bank uses Moody's exclusively for credit ratings.
For this reason, the contract has been extended by 1 year. During the year, Sasria will review whether
this procurement strategy remains the most effective.","R 1 ,460,939.42","R 2 ,527,801.00","R 1 24,971.13",2024/12/17,2024/12/20
267,Q4 2024/25,2024/12/18,Sasria SOC Ltd,Renewal of Guidewire Claims Centre Licenses with extended support for a periof of Two (2) years,Guidewire Software Inc,"Sasria SOC Limited implemented Guidewire’s Claims Management System (CMS) in December 2020
following open tender process. The CMS solution is regarded as a strategic solution and thus will
retained until Sasria has earned out appropriate cost-benefit from its recent implementation. Secondly,
whilst Guidewire has a cloud migration strategy / plan for its solutions, a decision was also taken to
migrate to cloud at the latest possible moment (2028/29) to optimise the investment in the on-premise
solution and upgrade to the latest on-premise version. The license fee extension is aligned to the
Guidewire solution roadmap.","R 1 3,802,189.09","R 1 0,851,540.15","R 4 ,017,968.17",2024/12/17,2025/01/07
268,Q4 2024/25,2024/12/19,National Treasury,Approval to amend the Termination Date of the Telkom Service Level Agreement (SLA),Telkom,"To align Telkom SLA contract end date with Business Connexion SLA-0186 contract end date as they
had varying contract end dates. Business Connexion is a subsidiary of Telkom which provides a unified
collaboration solution which operates on the infrastructure that Telkom provides. The alignment of
these termination dates is to ensure ICT can approach the market to acquire a consolidated service
through an open-bidding process","R 1 2,706,880.35","R 3 ,009,788.32",R -,2024/12/17,2024/05/01
269,Q4 2024/25,2024/12/19,National Treasury,"To request the variation of the BCX contract to include the replacement of the National Treasury
Secure Data facility server, support, and maintenance",Business Connexion,"National Treasury entered into a contract with BCX on 8 March 2024 to 7 March 2029. The current
contract does not include NT-SDF Servers which are currently out of warranty and need to be
procured. The currect contract extension will ensure support and maintainance to NT.",R -,"R 1 32,578,782.86",R -,2024/12/18,2024/12/08
270,Q4 2024/25,2024/12/20,Development Bank of Southern Africa (DBSA),"The Service Providers Appointed Under RFP046/2021 For Secondment Of Resources For Limpopo
Department Of Public Works Roads And Infrastructure (LDPWR&","Gonang Consulting
Infra Consultant
Durapi Consult","To seek SCMC approval for the time and cost variation order for the following service providers
appointed under RFP046/2021 i.e. Durapi Consult (Pty) Ltd, Infra-Consult CC and Gonang Consulting
(Pty) Ltd. These service providers were contracted
to provide secondment services of technical resources to the Limpopo Department of Public Works,
Roads & Infrastructure (LDPWR&I)","R 2 2,000,000.00","R 6 6,434,780.08","R 4 3,254,748.54",2024/04/04,2024/01/04
271,Q4 2024/25,2024/12/20,Development Bank of Southern Africa (DBSA),"Approval Of A Contract Adjustment / Variation Order On Total Facilities Management (TFM) Service
Provider For Prestige Accommodation In Gauteng",TeflaGroup/ Leafy Space JV Superfecta,"To seek approval for contract variation in adjustment of Total Facilities Management Service Provider
for the Prestige Accommodation in Gauteng. The user department is The Presidency.","R 8 5,230,966.21","R 4 24,339,818.71",R -,2024/04/25,2019/05/05
272,Q4 2024/25,2024/12/20,Development Bank of Southern Africa (DBSA),"Approval of contract adjustment of Professional Service Provider fees due to an increase in project
estimate against the tender estimate for RFP118/2023 – Fire
Remedial Works at New Assembly Building, Parliament Precinct, Cape Town, Western Cape
Province.",Parliament Consortuim,"To seek Adjustment of Professional Service Provider fees due to an increase in project estimate
against the tender estimate for RFP118/2023 for New Assembly Building, Parliament Precinct, Cape
Town, Western Cape Province.","R 7 7,271,658.28","R 6 2,437,242.73",R -,2024/06/13,31/07/2023
273,Q4 2024/25,2024/12/20,Development Bank of Southern Africa (DBSA),"Approval of contract adjustment of Professional Service Provider fees due to an increase in project
estimate against the tender estimate for RFP119/2023 – Fire Remedial Works at Old Assembly
Building, Parliament Precinct, Cape Town, Western Cape Province.",The Henry Fagan Consortuim,"To seek Adjustment of Professional Service Provider fees due to an increase in project estimate
against the tender estimate for RFP119/2023 for Old Assembly Building, Parliament Precinct, Cape
Town, Western Cape Province","R 8 1,720,364.01","R 3 6,586,318.29",R -,2024/06/13,2023/03/08
274,Q4 2024/25,2024/12/20,Development Bank of Southern Africa (DBSA),"Request for Approval to extend the contract by One year and increase of contract value -
RFQ121/2022 : Compilation of the Integrated Annual Report by Ince (Pty) Ltd",Ince (Pty) Ltd,"To request for a one year extension of the contract for the compilation
of the Integrated Annual Report with INCE (Pty) Ltd, to end on 31 March 2026. This request aims to
align the duration of the compilation of the Annual Reports compilation contract, which is set for two
years, with the design, layout, and printing of Annual Reports contract, which spans three years. The
extension will also increase the contract value by R432 867.00, which represents a 54.54% increase
from the current contract value.","R 4 32,867.00","R 7 93,615.00",R -,2024/09/06,2023/04/01
275,Q4 2024/25,2024/12/20,Development Bank of Southern Africa (DBSA),Construction of Kagiso Barolong School phase 2 in the Northwest Province within the North-West,M2F Consulting(Pty Ltd),To request the adjustment of Quantity Surveying fees (of M2F Consulting (Pty Ltd)based on the new,"R 3 ,261,194.68","R 3 ,476,528.65",R -,2024/09/12,2024/04/19
276,Q4 2024/25,2024/12/20,Development Bank of Southern Africa (DBSA),"DRepeaqrutemset nfto or fs Pcoupbelic v Waroiartkiosn & o Rn othaed sd ePtraoiglerda mplmanen –in Rg eaqnude csot nfosrtr aucptpioronv mala onfa Vgaermiaetniot no Overdrseirg hNto b 1y -
CSIR of Rural Community Water Schemes in Five identified priority villages in Vhembe District
Municipality",CSIR,"current construction estimates of appointed Contractor - Themane Consulting Management
To request approval for the scope variation on the infrastructure planning support to Vhembe District
Municipality (“the Municipality”)","R 5 ,000,000.00","R 9 ,815,035.46",R -,2024/11/01,2024/03/05
277,Q4 2024/25,2024/12/20,Development Bank of Southern Africa (DBSA),Approval Of A Contract Adjustment / Variation Order For RFP245/2019 – The,Temi Construction,"To seek approval for the additional budget required for the appointed service provider,Temi","R 2 1,956,093.27","R 9 9,505,877.04",R -,2024/11/25,2024/01/08
278,Q4 2024/25,2024/12/20,Development Bank of Southern Africa (DBSA),Emergency/MainteCnoamncbein eWdo crhksa nTgoe Trheeq uCehsrti sStiAaPn aS Hucocsepsitsa lF Ian cTtohers N Porrothjewcetst Province: Temi,SAP SA,"To seek approval from SCMCC too nvsatrryu cthtioen S, AuPnd SeAr RcFoPnt2ra4c5t/ 2fo0r1 a9dditional work relating to work","R 1 0,000,000.00","R 2 4,496,684.00","R 5 40,031.00",2024/12/13,2023/10/01
279,Q4 2024/25,2024/12/20,Development Bank of Southern Africa (DBSA),Request for approval to vary the PTPI contract for integration of SUPPLYFLOW (eProc) solution to,PTPI,To request approval to vdaerlyiv tehrea bPleTsP Ir ecqounitrreadc tw thoi cinhc alurdee n tohte p ianrtte ogfr athtieon between SAP and the,"R 1 ,622,742.00","R 7 ,452,000.00",R -,2024/12/13,2023/09/01
280,Q4 2024/25,2024/12/20,State Information Technology Agency (SITA),Extension of the SITAS ACPa pEeR TPown lease agreement,Black River Park Investments (Pty) Ltd,"SupplyFlow solution for a Ftointaall ivsaatluioen o of fR th1e,6 r2e2p,l7a4ce2m.0e0n (tI ntecnludseivr ep roofc VeAssT.). The required integration","R 1 0,283,354.88","R 8 2,232,522.40","R 1 0,782,018.38",2024/11/29,2024/12/01
281,Q4 2024/25,2024/12/20,State Information Technology Agency (SITA),Gauteng Provincial Government Fully Managed Data Centre contract variation,Telkom/BCX SA SOC,"To finalise migration of Fully Managed Data Centre( FMDC) services from Telkom/BCX to SITA Cloud
Foundation Infrastructure (CFI)",R -,"R 2 67,789,088.16","R 1 9,373,645.32",2024/11/30,2024/12/01
282,Q4 2024/25,2024/12/20,Department of Employment and Labour (DEL),Variation for plumbing,Asante Conglomerate,Leaks that required pipelines fixing,"R 1 1,155.00","R 7 ,646,000.00",R -,2024/12/09,Not stated
283,Q4 2024/25,2024/12/20,Department of Employment and Labour (DEL),Variation for Sign Langauge training,Kwarenge Language Solution,Group divided into two,"R 3 9,500.00","R 2 32,000.00",R -,2024/12/09,Not stated
284,Q4 2024/25,2024/12/23,South African Revenue Service (SARS),Kroonstad Lease Renewal,4 Hillstreet Investments (Pty) Ltd,"Lease agreement entered between SARS and 54 Hillstreet Investments (Pty) Ltd for a period of five(5)
years effective 1 January 2025 until 31 December 2029, with an option for early exit, at an estimated
total cost of R 13 000 676.54 incl. VAT and escalating at 2%.","R 1 3,000,676.54","R 2 3,740,304.19","R 4 ,787,599.65",2024/12/12,2025/01/01
285,Q4 2024/25,2024/12/23,Department of Public Service and Administration (DPSA),"Appointment of service providers to a panel of accredited Health Risk Managers for purposes of the
implementation of the policy and procedure on incapacity leave and ill- health retirement (PILIR) in
the public service for a period of three (3) years.","1. Soma Initiative
2. Alexander Forbes Health
3. Thandile Health Risk Management
4. Pro-active Health Solutions","The extension was based on the revision of the framework which governs the decentralization for
departments in the public service to appoint Health Risk Managers due to such being found defective
by a court judgement. In addition to the court judgement, there was a need identified to include the
Employee Health and Wellness (EHW) facet to that of the governing framework. This would have a
substantive impact on the bidding process as the Terms of Reference for the appointment of the Panel
of Health Risk Managers would have to be aligned to the revised framework to cater for the additional
EHW services required.","R 6 3,973,000.00","R 3 57,001,000.00",R -,2024/07/12,2025/01/01
286,Q4 2024/25,2024/12/24,National Treasury,Request for approval to extend the coaching agreement with Change Partners,Change Partners Coaching (Pty) Ltd,"The coach has shared the 6 months mid-way coaching feedback with HR and the line manager on the
progress of the coachee. The delay in the kick-off of the sessions has necessitated the request to
extend the period by a further two (2) months to ensure that all the 12 sessions are concluded.",R -,"R 7 5,325.00",R -,2024/12/20,2024/02/23
287,Q4 2024/25,2024/12/23,Department of Home Affairs (DHA),Provsion of conter furniture,Excellent shoplifting and interiors,In line with clause 4.2 of the Service Level Agreement.,R -,R -,R -,2024/12/17,2026/02/23
288,Q4 2024/25,2024/12/23,Department of Home Affairs (DHA),Financial implications in relation to the extension of scope work: evaluation of all bids and,Ernst&Young Advisory Services (Pty) Ltd,To cover the inflation adjustment and inclusion of the ICT evaluation for all six (6) Ports of Entry.,"R 2 6,249,446.00","R 2 7,368,086.00","R 1 9,656,030.00",2024/12/12,2025/03/13
289,Q4 2024/25,2024/12/23,Department of Home Affairs (DHA),"Extension of cleaning servicesn ien gGoatiuatteionng opfr oPvPinPc Ae gforere am peenrtiso d of 01 month, from 01 until 31",CSK Cleaning Services (Pty) Ltd,To allow the Department sufficient time in order to process the appointment of the new succesful,"R 4 52,146.44","R 5 ,104,335.32",R -,2024/12/13,2025/01/01
290,Q4 2024/25,2024/12/23,Department of Home Affairs (DHA),"January 2025.
Contract for cleaning services at Port Elizabeth refuge reception centre, Musina Reception, Cape
Town Harbour and Cape Town Harbour and Capr Town Refugee Reception",Maboka Cleaning Services,"To allow the Department sufficient time to inb iodrddeerr. to process the following information for the
appointment of the new succesful bidders;
-Evaluation of bid documents by the BEC
-Succesful bidders to hire employees for the new project.
-Counter corruption to screen succesful bidders for security clearance.","R 4 96,571.46","R 8 54,697.60","R 9 33,645.24",2024/12/13,2025/01/01
291,Q4 2024/25,2024/12/23,Department of Home Affairs (DHA),Contract for cleaning services at Head Office,SBPA (Pty) Ltd,"To allow the Department sufficient time to in order to process the following information for the
appointment of the new succesful bidders;
-Evaluation of bid documents by the BEC
-Succesful bidders to hire employees for the new project.
-Counter corruption to screen succesful bidders for security clearance.","R 1 ,281,472.50","R 1 2,052,800.00","R 2 ,503,447.32",2024/12/13,2025/01/01
292,Q4 2024/25,2024/12/23,Department of Home Affairs (DHA),Contract for cleaning servicesat Tshwane refugee Reception Centre,Tomema Trading CC,"To allow the Department sufficient time to in order to process the following information for the
appointment of the new succesful bidders;
-Evaluation of bid documents by the BEC
-Succesful bidders to hire employees for the new project.
-Counter corruption to screen succesful bidders for security clearance.","R 5 08,011.90","R 3 ,442,917.60","R 1 ,016,023.80",2024/12/13,2025/01/01
293,Q4 2024/25,2024/12/23,Department of Home Affairs (DHA),Manage front offices processing of visa and permit applicatons,VFS Global,Due to the critical nature of the service required by the Department.,R -,R -,R -,2023/12/12,2025/01/01
294,Q4 2024/25,2024/12/23,Department of Home Affairs (DHA),"Variation of the current contract of Geographical Information Solution (GIS) including maintenance
and support services with AfriGIS (Pty) Ltd, on a month-to-month basis for a period of twelve (12)
months from 01 January 2025 until 31 December 2025, at an amount of R 3 580 696,84 VAT
Inclusive.",AfriGIS (Pty) Ltd,Value and time,"R 3 ,580,696.84","R 1 4,229,431.91","R 9 ,358,712.73",2024/12/19,2025/01/01
295,Q4 2024/25,2024/12/24,Sentech,"Vodacom contract variation request for smart utility metering solution services provided at North
West Development Cooperation",Vodacom,NWDC Smart metering solution,"R 6 59,482.80","R 2 ,717,770.00",R -,2024/10/12,Not stated
296,Q4 2024/25,2024/12/24,Sentech,Motivation to reimbursement for Rate of Exchange Variation on contract no:8000000358,Terrace Projects,Satellite Operations,"R 3 ,036,726.32","R 3 4,992,000.00","R 3 ,603,478.72",20/12/2024,2025/06/01
297,Q4 2024/25,2025/01/06,Department of Employment and Labour (DEL),Additional amount for renewal of contract with Alexander Forbes,Alexander Forbes,"We therefore need an increase of all variables over and above the contract to recover the remaining
invoices. The amount that is needed is R179 234 of which is 7.5%.","R 1 79,234.00","R 2 ,375,481.60",R -,2024/12/05,2024/12/05
298,Q4 2024/25,2025/01/06,Department of Employment and Labour (DEL),Vary the scope and timelines for restructuring of DEL with six months,GTAC,"The timelines of the project would need to be adjusted to 30 June 2025, to be able to implement the
revised project outcomes. adjustment of time and reallocation of budget will allow the project team to
complete the project deliverables and address the new project requirements.",R -,"R 1 3,273,992.00",R -,2024/12/12,2024/12/12
299,Q4 2024/25,2025/01/06,Department of Employment and Labour (DEL),Extension of Tech Mahindra Contract to extend implimentation phase with twelve months,Tech Mahindra,"The SAP Support and Maintenance contract was intermittent and now we have not patched our
systems and no upgrades took place, as a result we are unable to Go Live with unsupported systems.
he Business sign off the addendum to the contract extension only took place in May (5 months later),
so UIF could not onboard relevant resources without the agreement being signed off, which resulted in
resource only being on boarded in July 2024.",R -,"R 3 16,064,486.63",R -,2024/12/12,2024/12/17
300,Q4 2024/25,2025/01/08 Land,and Agricultural Development Bank of South Africa (Land,Bank) Videography Services,Blue Media,"additional session for videography services for the Land Bank Staff Banking Conference taking place
05 – 06 December 2024","R 3 2,300.00","R 2 77,978.00",R -,2024/12/04,2024/12/06
301,Q4 2024/25,2025/01/08 Land,and Agricultural Development Bank of South Africa (Land,Bank) Security services at Eco Pullets Farm,4B Protection,Land Bank Staff Banking Conference taking place 05 – 06 Decemb,"R 1 08,733.79","R 8 15,000.00",R -,2024/12/04,2024/12/11
302,Q4 2024/25,2025/01/08,Government Pensions Administration Agency (GPAA),Variation - Cloud Based E-mail Security gateway solution services,NIHKA Technology Group (Pty) Ltd,To allow bid process be completed through SITA,"R 4 23,282.80","R 2 ,736,002.95","R 1 27,112.04",2024/12/12,2024/11/01
303,Q4 2024/25,2025/01/10,Statistics South Africa (Stats SA),Subscription to commodity datasets,IRESS MD RSA (Pty) Ltd,Commodity market is very small,"R 4 8,589.06","R 2 8,972,533.00",R -,27/11/2024,2024/01/12
304,Q4 2024/25,2025/01/09,Office of the Chief Justice (OCJ),Comprehensive employee health and wellness services for the period of 36 months,Proactive Health Solutions (PHS),"The bid evaluation committe process for the new project was not conclyded before the expiry of the
contract with PHS","R 5 2,295.56","R 2 ,004,868.94",R -,2024/12/05,2024/11/10
305,Q4 2024/25,2025/01/10,State Information Technology Agency (SITA),"Usage, maintenance and support services of the CA software products",CA Southern Africa (Pty) Ltd,Business continuity to allow finalisation of the replacement procurement process.,R -,"R 1 27,711,969.67","R 2 3,711,969.67",2024/11/13,2024/11/17
306,Q4 2024/25,2025/01/10,State Information Technology Agency (SITA),Navy secure information portal and secure reliable mail licence and support,VC IT Insight (Pty) Ltd,Business continuity to allow finalisation of the replacement procurement process.,"R 5 86,500.00","R 5 ,865,000.00","R 9 77,500.00",2024/11/29,2024/12/01
307,Q4 2024/25,2025/01/10,State Information Technology Agency (SITA),Microfilm and archving services to the Department of Defence (DOD) for a period of six months,Metrofile (Pty) Ltd,To allow the finalisation of the replacement tender,R -,"R 4 ,367,946.20","R 6 72,711.08",2024/11/29,2024/12/01
308,Q4 2024/25,2025/01/10,State Information Technology Agency (SITA),Security services for the SITA Pietermaritzburg and Durban offices,Qiniso Security CC,Business continuity whilst sourcing for a new service provider for the new contract.,R -,"R 4 ,977,875.88","R 1 ,345,163.62",2025/12/10,2025/01/01
309,Q4 2024/25,2025/01/10,State Information Technology Agency (SITA),"Supply of Symantec residency senior professional services, certified maintenance and support
services for the South African Police Service (SAPS)",Dotcom Security Solutions (Pty) Ltd,To allow the finalisation of the contract replacement process.,R -,"R 2 2,832,100.00","R 7 ,610,700.00",2024/12/23,2025/01/01
310,Q4 2024/25,2025/01/10,State Information Technology Agency (SITA),"Renewal Software, Mimecast License and Storage System for KZN Department of Treasury",Vox Telecommunications (Pty) Ltd,To avoid disruption of critical services whilst the replacement procurement process is underway.,R -,"R 3 ,109,140.00","R 5 61,233.64",2024/12/11,2025/01/01
311,Q4 2024/25,2025/01/14,National Treasury,Extension of NT015-2021 for M-Jnr and Olwethu consulting for a period of not exceeding 2 months,M-Jnr & Olwethu Consulting (Pty) Ltd,Delays in tender,"R 1 ,375,982.16","R 1 9,891,891.08",R -,2025/01/13,2022/02/01
312,Q4 2024/25,2025/01/14,Media Development and Diversity Agency (MDDA),Additional Licenses,ClearTech Solutions,New officials joined the organisation and exceeded the projected number of licenses.,"R 1 29,000.00","R 6 96,522.44",R -,2024/12/04,Not stated
313,Q4 2024/25,2025/01/17,Government Pensions Administration Agency (GPAA),Extension of the GPAA Forensic Panel For a period of Six Month,"1. Morar Incorporated2. Chavani Risk Advisory &
Forensic Services Pty Ltd3. Nexus Forensic Services
Pty Ltd4. SAB & Chartered Accountants Incorporated
t/a NexiaSAB&T5. Phumlani Mkhize & Associates6.
Ubucule Inland and Cordicel JV7. Rain Chartered
Accountants Inc8. Outsource Risk and Compliance
Assessment Pty Ltd(ORCA)9. Ligwa Advisory
Services Pty Ltd10. Integrated Forensic Accounting
Services Pty Ltd11. Blitz Forensic Pty Ltd12. MNB
Chartered Accountants13. Law@Work Pty Ltd14.
Analytical Forensic Investigation Services Pty Ltd15.
Ntshosho Group Pty Ltd16. Fundudzi Forensic
Services Pty Ltd17. Amanda Green Trading t/a NMK
Forensics",To allow GPAA to finalise the appointment a new panel of forensic service providers.,R -,R -,R -,2025/01/14,2025/01/15
314,Q4 2024/25,2025/01/22,Public Service Commission (PSC),Travel and accomodation management contract,Travel with fair,To allow BEC and BAC processes to e finalised,R -,R -,R -,Not stated,2024/11/01
315,Q4 2024/25,2025/01/23,South African Revenue Service (SARS),Lower Long branch office lease renewal,Ingenuity Property Investment Limited,"Variation of the lease agreement entered between SARS and Ingenuity Property Investment Limited for
the Lower Long taxpayer service office for a period of five (5) years effective 1 March 2025 until 28
February 2030, with an option for early exit, at an estimated total cost of R38 301 640.72 incl. VAT and
escalating at 5%.","R 3 8,301,640.72","R 3 5,727,571.80","R 6 3,093,676.49",2025/01/21,2025/03/01
316,Q4 2024/25,2025/01/23,South African Revenue Service (SARS),P166 building Lease Renewal,Sanlam Life Insurance limited,"Lease agreement entered between SARS and Sanlam Life Insurance limited for the P166 office space
for a period of five (5) years effective 1 March 2025 until 28 February 2030, with an option for early
exit, at an estimated total cost of R213 280 799.54 incl. VAT, escalating at 4.8%","R 2 13,280,799.54","R 3 68,476,856.28","R 1 70,964,454.74",2025/01/21,2025/03/01
317,Q4 2024/25,2025/01/23,South African Revenue Service (SARS),Randburg Lease Renewal,Delta Property Fund,"Lease renewal between SARS and Delta Property Fund for Randburg Services Centre for a period of
two (2) years effective 1 March 2025 until 28 February 2027 at an estimated cost of R 20 788 155.00
including VAT at 4.5% escalation rate.","R 2 0,788,155.00","R 1 48,993,884.89","R 6 6,586,170.34",2025/01/21,2025/03/01
318,Q4 2024/25,2025/01/29,Department of Public Service and Administration (DPSA),"Provision of Security Guarding Services at the Thusong Service Centre located at Maponya Mall in
Soweto for a period of two (2) Years.",Prime African Security (Pty) Ltd,"The contract extension was based on request from the Office of the Premier (OoP) Gauteng for the
transfer of the Thusong Service Centre (TSC) from DPSA to OoP to be extended by a period of three
(3) months to aligh with budget cycle and APP. Extension was to ensuring continuity and operability of
the Centre as security services is critical to ensure the safety of both the employees and citizens at
the TSC.
This includes guarding against any eventualities for illegal activities as well as protection of state
information in line with the MISS Act among others while in the process of transferring of the TSC to the
Office of the Premier Gauteng.","R 5 00,432.85","R 3 ,756,360.00","R 1 ,000,865.70",2024/11/12,2025/01/01
319,Q4 2024/25,2025/02/03,Public Service Commission (PSC),"ICT Desktop, Server and Network Support",Sizwe Africa IT Group,Business Continuity (please refer to the attached copy of submission),"R 1 93,821.00","R 7 75,284.00",R -,2025/01/23,2025/03/02
320,Q4 2024/25,2025/02/03 Land,and Agricultural Development Bank of South Africa (Land,Bank) Expansion of contract for the Finnivo Financial Reporting Tool SLA,Infinitus reporting solutions (Pty) Ltd,Addition of project and Support hours,"R 7 43,027.00","R 1 ,987,708.00","R 4 26,412.00",2025/01/30,TBC
321,Q4 2024/25,2025/02/04,Department of Home Affairs (DHA),"Provision of automated biometrics information system (ABIS) support and maintenance for a period
of three (3) months",Idemia South Africa,"The Department has revised its strategy to focus on facila biometrics as a primary modality, thus
promping a reassessment of vendor engagement to minimize redundancy and aligh with our
transformation goals.","R 3 3,957,315.00","R 4 09,885,716.00","R 4 9,162,210.00",2025/01/29,2025/02/01
322,Q4 2024/25,2025/02/04,Department of Employment and Labour (DEL),Variation for air compressors,Field services field air compressors,Rewiring of the electrical connection on the compressor,"R 9 ,167.02","R 4 52,976.42",R -,2025/01/23,Not stated
323,Q4 2024/25,2025/02/04,South African Revenue Service (SARS),"Variation of scope and time of the subsisting agreement entered between SARS and Nexia SAB&T
for the provision of investigations into suspected irregularities at the OR Tambo International
Airport (ORTIA) customs operations",Nexia SAB&T,Time & value,"R 2 ,500,000.00","R 7 ,190,524.22",R -,2025/01/30,2025/02/08
324,Q4 2024/25,2025/02/06,South African Revenue Service (SARS),Frames and Certificates for National ARA,Shereno Printers,Additional funds required for procuring frames and certificates for the annual Amakhwezi event,"R 4 1,179.50","R 1 95,594.00",R -,28/01/2025,29/01/2025
325,Q4 2024/25,2025/02/06,Department of Home Affairs (DHA),For the SLA Annexure AC LTE network connectivity,State Information Technology Agency,"Additional 220 LTE network connectivity is utilized for health facilities, mobile offices due to its rapid
deployment ability and mobility capabilites","R 8 ,721,820.11","R 5 ,877,607.92",R -,2025/02/04,2025/03/01
326,Q4 2024/25,2025/02/06,Competition Commission,Provision for Internal Audit services,Lunika (Pty) Ltd,To allow internal audit tender process to be concluded,"R 5 42,455.00","R 2 64,953,443.00",R -,2025/01/29,2025/02/01
327,Q4 2024/25,2025/02/07,South African Revenue Service (SARS),Albany House Parking space,Zelpy 1325 (Pty) Ltd,"The lease agreement entered between SARS and Zelpy 1325 (Pty) Ltd for the Albany House parking
space for a period of two (2) years and three (3) months effective 1 February 2025 until 30 April 2027
at an estimated total cost of R14 699 777.73 incl. VAT, with an annual escalation rate of 5%.","R 1 4,699,777.73","R 2 94,937,587.12","R 3 32,242,069.79",2025/01/30,2025/02/01
328,Q4 2024/25,2025/02/07,South African Revenue Service (SARS),CMH Parking Lease,Delta Property Fund Limited,"The lease agreement entered between SARS and Delta Property Fund Limited for the CMH parking
space to include 20 additional parking bays at an estimated total cost of R580 635.00 incl. VAT,
escalating at 0%.","R 5 80,635.00","R 1 ,165,000.00","R 8 ,661,910.65",2025/01/30,2023/08/08
329,Q4 2024/25,2025/02/10,Department of Employment and Labour (DEL),Request for the DBAC to take note of the contract extension with Alexander Forbes,Alexander Forbes,Its a DPSA contract to all government departments,"R 5 37,696.78","R 9 08,732.35",R -,2025/12/31,2025/01/01
330,Q4 2024/25,2025/02/11,Government Pensions Administration Agency (GPAA),Sage CRM Modu,Jicho Consulting T/a Jicho,To add the sage crm module in the upgraded financial systems licenses and services for implentation,"R 4 3,725,760.00","R 1 9,209,600.00",R -,2025/01/31,2025/02/01
331,Q4 2024/25,2025/02/11,State Information Technology Agency (SITA),"Contract variation on RFB 2784-2023 for upgrade of all ablution facilities with the new tiles, toilets,
mechanisms, basins, taps, vanitoes, mirrors, ceiling tiles and light fittings at Erasmuskloof and
Centurion",Maanda-Fhadzo Construction and Projects,"Change of the flushing system to accommodate the number of employees that are returning to work in
the office.","R 8 ,360,327.50",R -,"R 1 ,290,300.00",2024/12/02,Once-off
332,Q4 2024/25,2025/02/11,State Information Technology Agency (SITA),Contrcat extension for current in-house travel agency for a maximum of two months,Travel With Flair,To allow the finalisation of the replacement tender process.,"R 1 55,947,876.96","R 4 6,266,733.73","R 1 0,273,755.00",2024/11/30,2024/12/01
333,Q4 2024/25,2025/02/11,State Information Technology Agency (SITA),"Expansion of of contract for additional forty (40) hours required to complete the implementation of
CICS ON Z14 mainframe",IBM South Africa Pty Ltd Registration,"To customise the current software so that the Persal and Walke applications are able to function on
the Z14 mainframe.","R 2 0,921,799.35","R 1 ,424,100.66","R 9 4,939.84",2024/12/12,2024/08/01
334,Q4 2024/25,2025/02/11,State Information Technology Agency (SITA),"Extension of a contract for provision of gardening and landscaping service on a month-to-month
basis for a period not exceeding six months",Delta Facilities Management (Pty),"The replacement tender process was cancelled due to non-compliance with public procurement
prescripts.","R 7 ,720,233.41","R 1 ,445,447.86","R 1 ,445,447.86",2025/01/29,2025/02/01
335,Q4 2024/25,2025/02/11,State Information Technology Agency (SITA),"Extension of a contract for SAPS hardware maintenance and support of all EUE related equipment
on a month-to-month basis for a period not exceeding three mpnths",Gijima Holdings,To allow the finalisation of the contract replacement process.,"R 1 23,162,324.38","R 2 6,532,809.34","R 1 3,266,404.67",2025/01/31,2025/02/01
336,Q4 2024/25,2025/02/11,State Information Technology Agency (SITA),Scope expansion on the existing contract of a financial statements software,Sizwe Africa IT group,Enhancement of the existing tool for better functionality.,"R 8 7,364,006.69","R 1 5,453,326.60","R 8 ,035,729.82",2025/01/31,2025/02/01
337,Q4 2024/25,2025/02/11,State Information Technology Agency (SITA),Contract extension for the provision of White Space Server Accommodation for SITA clients,"CaseWare Africa, a division of Adapt IT (Pty) Ltd","Buisness continuity whist SITA completes the modernization of the Centurion data centre to a Tier III
rating.","R 8 59,860.43",R -,"R 5 64,964.75",2024/12/05,2024/04/01
338,Q4 2024/25,2025/02/12 In,dependent Communications Authority of South Africa (ICAS,A) Western Cape Office Space,Redefine Properties,Competitive bidding process was non-responsive,"R 2 25,724,144.00","R 8 ,874,430.69",R -,2024/10/01,2024/10/01
339,Q4 2024/25,2025/02/12 In,dependent Communications Authority of South Africa (ICAS,A) Security Services at Limpopo Regional Office for two (2) months,Mmampheng Construction and Security Services,RFQ process is in progress - not yet finalised,"R 5 3,040.00","R 3 45,251.52",R -,2024/08/08,2024/09/19
340,Q4 2024/25,2025/02/12 In,dependent Communications Authority of South Africa (ICAS,A) Office Cleaning Services,Impact Cleaning CC,Competitive bidding process not yet completed,"R 1 22,376.04","R 5 ,204,991.00","R 1 ,707,727.33",2024/10/31,2024/11/01
341,Q4 2024/25,2025/02/12 In,dependent Communications Authority of South Africa (ICAS,A) Office Cleaning Services,Impact Cleaning CC,Competitive bidding process not yet completed,"R 7 60,587.00","R 5 20,499,100.00","R 9 47,140.33",2024/05/16,2024/04/30
342,Q4 2024/25,2025/02/12 In,dependent Communications Authority of South Africa (ICAS,A) Contract extension for Limpopo Regional Office Lease Agreement,Valozone 104,Competitive bidding process not yet completed,"R 1 ,437,264.93","R 4 ,551,208.99","R 2 ,418,411.01",2024/10/14,Not stated
343,Q4 2024/25,2025/02/12 In,dependent Communications Authority of South Africa (ICAS,A) Contract extension for JDE Support and Maintenance,Resolve Red,Competitive bidding process not yet completed,"R 5 50,019.56","R 2 ,175,225.00",R -,2024/11/24,2024/12/01
344,Q4 2024/25,2025/02/12 In,dependent Communications Authority of South Africa (ICAS,A) Employee Recruitment Sytem,Frainah's Consulting,Competitive bidding process not yet completed,"R 8 3,477.00","R 2 50,431.64",R -,2024/07/08,2024/08/10
345,Q4 2024/25,2025/02/12,South African Revenue Service (SARS),Integrated Pest Control Management Services extension of time,"1. Supercare Hygiene
2. Masana Hygiene Services
3. Kusile Facilities Management","Expansion of Integrated Pest Control Management Services between SARS and the current service
providers over a period of eighteen (18) months. The commencement date will be 1 February 2025
ending 31 July 2026 for an amount of R3 612 648.60. including VAT.","R 3 ,612,648.60","R 6 ,567,596.80","R 4 ,609,745.73",2025/01/30,2025/02/01
346,Q4 2024/25,2025/02/13,Broadband Infraco,"EXTENSION BETWEEN BROADBAND INFRACO SOCT LTD AND ON POINT ON TIME
SOLUTIONS (PTY) LTD FOR PROVISION OF CUSTOMER RELATIONSHIP MANAGER
RESOURCE IN THE CPM DEPARTMEN FOR A PERIOD OF TWO (2) MONTHS.",On Point On Time Solutions (Pty) Ltd,"EXTENSION BETWEEN BROADBAND INFRACO SOCT LTD AND ON POINT ON TIME SOLUTIONS
(PTY) LTD FOR PROVISION OF CUSTOMER RELATIONSHIP MANAGER RESOURCE IN THE CPM
DEPARTMEN FOR A PERIOD OF TWO (2) MONTHS.","R 2 85,591.00","R 1 ,999,137.00","R 2 85,591.00",2024/10/24,2024/10/24
347,Q4 2024/25,2025/02/13,Broadband Infraco,"Extension of contract for Local Support on the Transmission Network for a further period of 12
Months",Bluetel Communications Pty Ltd,Extension of contract for Local Support on the Transmission Network for a further period of 12 Months,"R 3 ,565,461.12","R 3 ,565,461.12",R -,2024/10/24,2024/10/24
348,Q4 2024/25,2025/02/13,Broadband Infraco,Extension of Lease contract,Rezmar Bothma,Single Source appointment of Service provider,"R 5 79,282.62","R 1 ,292,906.27",R -,2024/12/31,2024/10/24
349,Q4 2024/25,2025/02/13,Broadband Infraco,Purchase Order variation order to procure fifteen (15) computer servers for the OSS-BSS project,Bawula's Group,Purchase Order Variation,"R 8 ,935,165.35","R 3 9,132,798.00",R -,2024/12/31,Once Off
350,Q4 2024/25,2025/02/13,Broadband Infraco,"Contract variation with additional scope of work for development of 30 unique modules that were
not ""off-the-shelf"" and required urgent scoping, design, coding, testing, and adaptation",Mugentek Pty Ltd,Contract Variation,"R 6 ,664,250.00","R 1 8,588,140.00",R -,2024/12/31,Once Off
351,Q4 2024/25,2025/02/13,Department of Employment and Labour (DEL),Maintanance of Office,Thathakahlem 1006,Maintanance and Office Repairs,"R 1 03,040.00","R 5 77,769.50",R -,2024/11/13,2024/11/25
352,Q4 2024/25,2025/02/13,Department of Employment and Labour (DEL),Removal of Alarm System,Rose Yabo t/a Isakhiwo Network,Removal of Alarm system and installing in the new office,"R 1 2,336.60","R 2 00,284.95",R -,2022/11/09,2022/12/01
353,Q4 2024/25,2025/02/13,Department of Employment and Labour (DEL),Maintanance of Office,Ntandokayise Omuhle PTY LTD,Maintanance and Office Repairs,"R 1 39,814.13","R 8 58,003.78",R -,2024/08/07,2024/09/01
354,Q4 2024/25,2025/02/14,Commission on Restitution of Land Rights,Lease Building and parking,JHI Properties Pty Ltd,To finalise tender process,"R 3 ,367,080.53","R 1 5,692,438.80","R 2 ,353,864.98",2019/06/01,2019/06/01
355,Q4 2024/25,2025/02/21,Postbank,Payment reconciliation and Data Extraction,BCX,Expansion of scope for data extraction and reconciliation,"R 3 5,429,040.00","R 3 ,508,951.12",R -,2025/03/11,2024/08/20
356,Q4 2024/25,2025/02/21,Postbank,Bloemfontein Security and Guarding Services,Invicta SA,Expansion of scope for an additional guard to assist with qeue management for card distribution,"R 4 1,850.00","R 1 ,035,828.00",R -,2024/04/26,2024/08/01
357,Q4 2024/25,2025/02/21,Postbank,Cyber security,Scarybyte,Expansion of scope to include Card Replacement Project requirements,"R 7 ,306,465.17","R 1 ,035,828.00",R -,2024/01/23,2024/01/23
358,Q4 2024/25,2025/02/21,Postbank,PCI-DSS Support and Maintenance 9 months,Galix Networking,Extension of Period for support and maintenance,"R 6 67,503.00","R 2 ,480,004.00",R -,2022/04/20,2024/11/23
359,Q4 2024/25,2025/02/21,Postbank,Bloemfontein Security and Guarding Services,Invicta SA,Expansion of scope for an additional guard to assist with qeue management for card distribution,"R 8 3,700.00","R 1 ,035,828.00","R 4 1,850.00",2024/04/26,2024/08/01
360,Q4 2024/25,2025/02/21,Financial Intelligence Centre (FIC),"Extension of the physical security contract for a period of two years from 01 May 2025 to
30 April 2027",Prime African Security (Pty) Ltd,"It will not be cost effective or efficient to change service providers after three (3) years. To derive full
benefit from the investment made into the training of the security officers, approval was granted that
the contract with the current service provider, Prime African Security (PTY) Ltd, be extended for two
(2) years that is also aligned to the FIC's strategic procurement principles to conclude facilities related
agreements for at least five (5) years.
The cost quoted by Prime African Security (PTY) Ltd for the requested extension was benchmarked
against the Private Security Industry Regulatory Authority illustrative costing guideline (with effect from
2 March 2024) that revealed that the cost quoted is way below the industry average.","R 6 ,022,941.00","R 7 ,385,760.00",R -,2025/02/14,2025/05/01
361,Q4 2024/25,2025/02/21,Financial Intelligence Centre (FIC),"Expansion of the travel management services contract on a month-to-month basis for a period of
six months from 01 March 2025 to 31 August 2025",Travel with Flair (PTY) Ltd,"To allow for the finalisation of the tender process whilst ensuring that travel management services are
not interrupted.","R 3 ,844,615.00","R 1 6,337,387.08","R 2 ,084,029.00",2025/02/14,2025/03/01
362,Q4 2024/25,2025/02/25,South African Revenue Service (SARS),"The request to expand RFT 17-2022 Bulk High Volume Scanners Agreement with Nakede
Management Services to include the relocation of scanners at an additional amount of R200
000.00 (including VAT)",Nakede Management Services,Value,"R 2 00,000.00","R 2 ,426,615.14",R -,2025/02/14,2025/03/01
363,Q4 2024/25,2025/02/25,South African Revenue Service (SARS),"Request to vary the current Session Initiation Protocol (SIP) Trunk Services contract with Telkom
Soc Limited. The proposed variation amounts to R12 873 945.99 VAT inclusive, for a period of
twenty-four (24) months, on a month-to-month basis, from 01 April 2025 to 31 March 2027.",Telkom SOC LIMITED,Value&Time,"R 1 2,873,945.99","R 4 9,200,297.00","R 4 ,371,504.38",2025/02/14,2025/04/01
364,Q4 2024/25,2025/02/26,Sentech,"Motivation for to extend the 3 year SLA (2021 – 2024 v1.5) with AUCOM for the Dialogue VSAT
Hub Care plan for a period of 1 year.",AUCOM,Satellite Operations,"R 1 ,445,764.49","R 3 ,405,905.57","R 4 ,851,670.06",26/02/2025,Once-off
365,Q4 2024/25,2025/02/26,Sentech,Motivation for to extend for 6 months with Performanta from 01 February 2025to 31 July 2025.,PERFORMANTA,IBM QRadar SIEM Administration,"R 3 ,036,726.32","R 9 ,828,277.61","R 1 2,865,003.93",21/02/2025,Once-off
366,Q4 2024/25,2025/02/27,National Treasury,Extention to SLA-0258 FROM 28 February 2025 to 31 March 2025,The Institute of Board of Directors in SA (IODSA),"The requested time extension will facilitate the project's completion by providing the necessary
additional time to address these delays",R -,"R 5 51,310.00",R -,2025/02/24,2024/10/31
367,Q4 2024/25,2025/03/03,National Treasury,Extention to SLA-0255 FROM 28 February 2025 to 31 March 2025,Clarity Global Strategic Communications (Pty) Ltd,"On 19 February 2025, The Minister of Finance was supposed to table the 2025 Budget. However on
the day the minister in The Presidency and Minister of Finance announced that the tabling of the
2025/26 annual budget, scheduled for 19 February 2025 to be postposed to 12 March 2025. Because
of the extention from 19 February to 12 March 2025, it implies that further work will be done on the
budget and a complete re-work of most of the budget publications and draft legislation that were already
finalised by 19 February. To prepare an updated version of the 2025 budget documentation, Budget
Office requires comprehensive editorial services and is proposing that Editorial services and is
proposing that Clarity Editorial contract be extended for a further one month","R 2 99,999.99","R 1 ,829,880.00",R -,2025/02/27,2024/10/01
368,Q4 2024/25,2025/03/03,Border Management Authority (BMA),Extension of the Huawei cloud services contract,Brainet Consulting,To allow finalisation of the SCM procurement process for acquisition of the new service provider,"R 1 ,837,678.74","R 5 ,829,084.00","R 8 15,500.00",2025/03/01,2025/03/01
369,Q4 2024/25,2025/03/03,Border Management Authority (BMA),Appointment of Law firm to represent BMA in a court matter,A Vilakazi and Associates,"To allow continuity as it would be impractical and costly for BMA to appoint a new legal firm for the
finalisation of the matter","R 1 26,000.00","R 2 20,000.00",R -,2025/03/01,2025/03/01
370,Q4 2024/25,2025/03/03,Department of Home Affairs (DHA),"Extension os scope of works for Deliblox Construction to include additional items that are similar or
the same in nature as the approved scope of works for intrastructure/refurbishment/construction",Delibox (Pty) Ltd,"The additional items are mostly daily maintenance items which will provide the offices with minimal
downtime to ensure business continuity and compliance to occupational health and safety",R -,R -,R -,Not stated,2023/04/21
371,Q4 2024/25,2025/03/04,South African Revenue Service (SARS),"Approve the variation of the
subsisting agreement entered between SARS and SafetyCloud/ NOSA to provide HS&E training",SafetyCloud/ NOSA,Value,"R 1 0,090.96","R 7 7,754.75",R -,Not stated,2025/03/03
372,Q4 2024/25,2025/03/07,Department of Home Affairs (DHA),Rental of forklift and maintenance,Invuctus Equipment (Pty) Ltd,Lack of responsive bidders in the last procurement process,"R 1 55,508.00","R 4 66,524.00",R -,2025/03/03,2025/03/18
373,Q4 2024/25,2025/03/10 Land,and Agricultural Development Bank of South Africa (Land,Bank) Provision of job validation servcies,21st Century,Variation of price,"R 5 ,520.00","R 1 89,835.10",R -,2025/02/27,Not stated
374,Q4 2024/25,2025/03/11,South African Revenue Service (SARS),Sibasa Branch Office Lease Renewal (Thohoyandou),MRR Management CC,"Lease expansion between SARS and MRR Management CC for the Sibasa Integrated Service Centre
(ISC) at Thohoyandou over a period of five (5) years, effective 1 May 2025 with an option for an early","R 1 6,902,473.11","R 6 ,579,202.84","R 3 1,974,048.47",2025/03/05,2025/05/01
375,Q4 2024/25,2025/03/11,South African Revenue Service (SARS),Paarl lease renewal,Die Willie Rousseau Trust,"Lease expansion between SARS and Die Willie Rousseau Trust for Paarl Integrated Service Centre
(ISC) for a period of three (3) years, effective 1 April 2025 with an option for an early exit and at an","R 9 ,410,691.58","R 9 ,897,083.70","R 1 5,915,575.51",2025/03/05,2025/04/01
376,Q4 2024/25,2025/03/11,South African Revenue Service (SARS),Asset In Transit,Fidelity Cash Solutions (Pty) Ltd,"Extension of time for the contract between SARS and Fidelity Cash Solutions (Pty) Ltd for RFP
60/2018 Provision of Assets in Transit Services to SARS. The extension is on a month-tomonth basis",R -,"R 5 4,058,010.61",R -,2025/02/28,2025/03/01
377,Q4 2024/25,2025/03/11,National Treasury,Request to extend the Domestic Legal Panel for a period of up to six months,"Allen & Overy LLP, White and Case LLP, Arnold &
Porter LLP, Clifford Chance, Clearly Gorrlieb &","The legal panel has been instrumental in supporting the ALM Unit's functions by providing corporate law
expertise. It is recommended that this practice continue",R -,R -,R -,2025/02/28,2021/12/17
378,Q4 2024/25,2025/03/11,National Treasury,Request for approval of the Annual price escalation for M Guard NT009-1-2023,M Guard,"Annual Price increase based on the Sectoral Determination for Private Security Industry Regulatory
Authority","R 1 51,936.64","R 1 ,276,778.46",R -,2025/03/04,2024/07/01
379,Q4 2024/25,2025/03/11,National Treasury,Request for approval of the CA Succeed Training (Pty) Ltd contract extension,CA Succeed (Pty) Ltd,"The recommended six-month contract is designed to ensure ongoing compliance with SAICA
requirements and maintain accreditation status for training chartered accountants, thereby avoiding","R 4 41,481.16","R 1 ,787,700.00",R -,2025/03/04,2022/05/06
380,Q4 2024/25,2025/03/11,Department of Home Affairs (DHA),Expansion of scope to cover the procurement of stationery for the digitisation of records,Phetego Joint Venture,"The project is currently running out of patch didviders. GPW was unable to provide sheets therefore the
urgent need to avoid delays in the production","R 9 15,264.88","R 4 98,691,138.20","R 3 1,793,881.44",2025/03/05,2024/09/19
381,Q4 2024/25,2025/03/12,South African Revenue Service (SARS),"Increase in the number of SAP Learning Hub Enterprise subscription from 40 to 60 licenses at no
additional cost to SARS.",SAP Education South Africa,Time,R -,"R 1 2,726,209.22",R -,Not stated,2023/04/01
382,Q4 2024/25,2025/03/12,Department of Employment and Labour (DEL),"price adjustment as a result of sectoral determination wage increase enforced by Department of
Employment and Labour on the current contract for cleaning service.",Bida South Africa,result of sectoral determination wage increase enforced by Department of Employment and Labour,"R 2 97,921.51","R 8 ,835,338.03","R 2 20,737.46",2025/03/04,2025/03/01
383,Q4 2024/25,2025/03/12,Department of Employment and Labour (DEL),"approval be granted to utilize Management Integrity Evaluation-MIE for the extension of the contract
duration (8 months) between the Department of Employment and Labour and Managed Integrity",Managed Integrity Evaluation,"to exhaustion of the already approved Purchase Order period of twelve months, for the Directorate:
Human Resource Management at the remaining total cost of R192 623.66.",R -,"R 2 41,500.00",R -,2025/03/12,2025/04/01
384,Q4 2024/25,2025/03/14,Department of Public Service and Administration (DPSA),"Provision of Dedicated Virtual Private Network (VPN) Services to the Thusong Service Centre at
Maponya Mall in Soweto.",SITA,The contract extension was based on request from the Office of the Premier (OoP) Gauteng for the,"R 1 8,226.38","R 3 66,669.41","R 1 49,502.08",2025/11/03,2025/01/01
385,Q4 2024/25,2025/03/14,State Information Technology Agency (SITA),"Cleaning and hygiene services to sita gauteng offices (erasmuskloof, centurion, beta, numerus, and
medical battalion) on a month-to-month basis not exceeding a period of six (6) months from 01",Siyathuthuka and Mutla Bafokeng Facility JV,To allow finalisation of the replacement tender process.,R -,"R 2 7,865,626.61","R 5 ,281,681.25",2025/02/25,2025/03/01
386,Q4 2024/25,2025/03/14,State Information Technology Agency (SITA),"Request to extend contract rfb 2017-2019: for sita switching centre maintenance on a month-to-
month basis not exceeding three (3) months",Infrasol (Pty) Ltd,To allow finalisation of the replacement tender process.,"R 3 ,984,224.12","R 1 0,520,187.02","R 9 60,663.16",2025/02/27,2025/03/01
387,Q4 2024/25,2025/03/14,State Information Technology Agency (SITA),"Broadcom software licenses via ca southern africa (pty) ltd with maintenance and support for a
period not exceeding six (6) months",CA Southern Africa (Pty) Ltd,"For the post migration support services of the North West Provincial Government (NWPG) IBM
mainframe. And to llow finalisation of the replacement tender process.",R -,"R 6 ,775,340.00","R 1 ,965,573.33",2025/02/28,2025/03/01
388,Q4 2024/25,2025/03/14,Development Bank of Southern Africa (DBSA),DBSA Internet Bandwidth and Support to allow for handover to the new service provide,MTN (Pty) Ltd,"To allow for contracting, transition and cutover from MTN as the current service provider to the new
service","R 5 47,408.05","R 3 ,434,257.18","R 5 47,408.05",2021/11/02,2023/03/01
389,Q4 2024/25,2025/03/14,Development Bank of Southern Africa (DBSA),"Procurement of an international infrastructure finance expert (expert), to bolster the in-house
expertise within the IF, in respect of innovative blended finance",Rebel Group Consulting South Africa Pty Ltd (Rebel),"The expert’s continued assistance is required
for the finance related activities during the process towards financial close. The activities","R 2 ,498,358.00","R 1 4,062,067.00",R -,As per Original Contract,Not stated
390,Q4 2024/25,2025/03/14,Development Bank of Southern Africa (DBSA),"Procurement of the service provider for maintenance of existing DBSA security systems and
related equipment",Procurex Advisory And General Services (Pty) Ltd,To incorporate corrective maintenance into the current contract.,"R 5 00,000.00","R 2 ,499,648.92",R -,As per Original Contract,2024/12/01
391,Q4 2024/25,2025/03/14,Development Bank of Southern Africa (DBSA),Appointment of Professional Service Provider for Remedial Works at New Assembly Parliament,"Parliament
Consortium","Fee adjustment due to actual construction appointment cost and expanding of the scope to include the
procurement and installation of Audio Visual and Broadcasting equipment for the temporally Dome","R 1 ,751,649.49","R 1 ,751,649.49","R 7 7,271,658.53",2023/07/20,2023/10/14
392,Q4 2024/25,2025/03/14,Development Bank of Southern Africa (DBSA),Approval Increase Budget On A Variation Contract To Host Finance In Common (FICS 2025),The Allure Group,"The decision to continue working with The Allure Group for the FiCS summit is based on the
importance of service continuity. Since The Allure Group has already been contracted to","R 5 ,178,087.59","R 3 0,000,000.00","R 1 8,327,242.55",2024/06/28,2024/09/12
393,Q4 2024/25,2025/03/14,Development Bank of Southern Africa (DBSA),"Provision of a Registered Professional Construction Health and Safety Agent on the Msukwaligwa
CHC project.",EMPOWERisk,"To amend the professional fees of the consultant to be in line with the anticipated completion date of
the project.","R 1 43,462.50","R 6 14,243.75",R -,As per Original Contract,2019/02/26
394,Q4 2024/25,2025/03/14,Development Bank of Southern Africa (DBSA),Appointment Of A Socio-Economic Analysis Specialist,CSIR,"To include
the additional projects","R 1 6,510,000.00","R 3 4,822,000.00",R -,As per Original Contract,2022/11/10
395,Q4 2024/25,2025/03/14,Development Bank of Southern Africa (DBSA),Approval Of Variation Order For Vo No. 01 Lingomso-Lethu Special School,Ishvuyo Building Construction,For additional scope,"R 3 ,910,621.16","R 7 ,478,700.08",R -,As per Original Contract,2023/11/20
396,Q4 2024/25,2024/12/23,South African National Parks (SANParks),Entertainment/Artists for Kudu Awards Ceremony,Melodi ya Batsha,Additional Artist for Entertainment on additional segments provided,"R 2 7,750.00","R 1 85,000.00","R 2 12,750.00",2024/11/28,Once off
397,Q4 2024/25,2024/12/24,"Department of Environment, Forestry and Fisheries (DEFF",) Procurement of 30 Transporters to Transport Tyres Within Waste Bureau,30 Suppliers,"Securing The Services Transportation of Waste Tyres While Finalising The Procurement of The New
Service Providers","R 5 0,892,148.20","R 4 24,000,550.00","R 4 5,650,000.00",2024/09/30,2024/10/01
398,Q4 2024/25,2024/12/24,"Department of Environment, Forestry and Fisheries (DEFF",) Procurement of Security Services,POPO Protection Services (PTY) LTD,Procurement of Security Services for Areas Whereby Another Service Provider Has Been Terminated,R -,"R 1 6,500,000.00","R 2 ,570,435.00",2024/05/17,2024/05/17
399,Q4 2024/25,2024/12/24,"Department of Environment, Forestry and Fisheries (DEFF",) To Request Ap Ep xr to ev na sl i ofo nr ia n n R A ed sd pi eti co tn oa fl C tho en Etr Sa Rct I V Ea nr ti ea rt pio rn is eO r Ld ie cer na sn ed AE gig reht e ( m8 e) nM t onth Duration,ESRI Enterprises (PTY) LTD,"Extension of ESRI (PTY) LTD to do License Agreement While Finalising The Procurement of The New
Service Provider","R 2 ,608,724.57","R 3 1,494,506.07","R 6 ,956,598.84",2024/07/28,2024/07/28
400,Q4 2024/25,2024/12/24,"Department of Environment, Forestry and Fisheries (DEFF",")A op np r ao v Ma ol nto E -tx ot -e Mnd nE thx i Bst ain sg V oe rs Use nl iM Ta hn ea Nge em we Sn et rC vo icn etr a Lc et w eli t Ah A refr eic ma en M ia sr Sin ie nS eo dl u ft oio n as ( eP rT ioY d) L noT tD
th o is t l v g n t g r P",AMSOL (PTY) LTD,"Extension of the Existing Vessel Management Contract with African Marine Solutions (PTY) LTD on a
Month-to-Month Basis or Until The New Service Level Agreement is Signed for a Period not Exceeding","R 1 23,548,612.00","R 9 52,673,627.41","R 2 54,000,000.00",2024/06/29,2024/07/01
401,Q4 2024/25,2024/12/24,"Department of Environment, Forestry and Fisheries (DEFF",) Mimecast as Preferred Email Continuity Solution,CHM Vuwani Computer Solutions,Mimecast as Preferred Email Continuity Solution,R -,"R 1 7,772,034.68","R 1 ,625,263.98",2024/08/02,2024/08/02
402,Q4 2024/25,2024/12/24,"Department of Environment, Forestry and Fisheries (DEFF",")To Extend Contra ac nt dW Ii nth dA ed nv ta sn Hce tC lina ell f( oP rT aY F) uL rT thD f ro Pr eT rh ioe M oa n 3a (g Te hm ree en )t o Mf E nn thv sironmental Crimes
ci o e d f o",Advance Call,"To Extend Contract With Advance Call (PTY) LTD for The Management of Environmental Crimes and
Incidents Hotline for a Further Period of 3 (Three) Months",R -,"R 1 82,774.18","R 1 6,266.90",2024/08/14,2024/08/14
403,Q4 2024/25,2024/12/24,"Department of Environment, Forestry and Fisheries (DEFF",")BA urp ep aro v aa nl dto E x (t Te wn ed nM tye -m Nio nr ea )n Td ya eo f A eg pr oe te Om pe ent aE tont re st ore nd in Mto B nte ht -w toe -e Mn T nh the W asa is st e fM fea cn ta ivg ee fm roe mnt
u 2 9 r D r a o o B E 1",29 Suppliers,"Approval to Extend Memoranda of Agreement Entetred into Between The Waste Management Bureau
and 29 (Twenty-Nine) Tyre Depot Operators on a Month-to-Month Basis Effective from 1 August 2024","R 3 8,934,320.93","R 1 56,564,604.68","R 4 3,558,471.05",2024/08/18,2024/08/18
404,Q4 2024/25,2024/12/24,"Department of Environment, Forestry and Fisheries (DEFF",")ReA lop cp ar to ev Cal f to er pA id llad rit i Do 6na Dl 3P 3a 0y 6m Den ot t eo A Cf ari sh ea u 1l 4F 5r e Fig roh mt f o Lr L vho ow la-B /e Md oT dra dens rvp leo ir t Oat fi fo icn S te or Vvi oc oe rs pto
a r z r u e s o ed",Afrihaul Freight (PTY) LTD,Services to Relocate Caterpillar D6D 3306 Dozer Case 145,R -,"R 1 0,971.00",R -,2024/04/16,2024/07/18
405,Q4 2024/25,2024/12/24,"Department of Environment, Forestry and Fisheries (DEFF",")Ap Sp oo ui tn ht m Ae frn ict ao nf K Cr eu rg tie fir S atw ioa nr t & dA Sss tao nc dia at re ds f so r S ae rtr v oi fc te hs to NE Dxe Pc /Gut Ee T 6he P ior so pje ec ct t- iD nge /v Be iolo tp a dn ed T ae lus et a
c a n a P e U F B ra V",Kruger Swart & Associates (PTY LTD,Continuation of Work,"R 1 ,406,446.64","R 4 ,839,350.00",R -,2024/11/07,2024/11/08
406,Q4 2024/25,2024/12/24,"Department of Environment, Forestry and Fisheries (DEFF",")R Be uq reu ae us t f no dr 7A 8p p Vro av ria ol t so SE ex rt ve in cd T Ph re vM ide em rso r oa nn d au Mm o nf hA -g tore -Mem one tn ht BE an ste isr e Ed fI en cto vB ee Ftw roe men t 1h e aW nua as rte
a u e o o t f ti 0 J y",Transportation (29),Continuation of Work,"R 1 49,391,000.00","R 3 28,850.55","R 1 46,042,148.00",2024/12/19,2025/01/01
407,Q4 2024/25,2024/12/24,"Department of Environment, Forestry and Fisheries (DEFF",")R Be uq reu ae us t f no dr 7A 8p p Vro av ria ol t so SE ex rt ve in cd T Ph re vM ide em rso r oa nn d au Mm o nf hA -g tore -Mem one tn ht BE an ste isr e Ed fI en cto vB ee Ftw roe men t 1h e aW nua as rte
a u e o o t f ti 0 J y",Depot Operators (25),Continuation of Work,"R 7 1,235,292.81","R 1 35,832,847.10","R 7 1,423,829.47",2024/12/19,2025/01/01
408,Q4 2024/25,2024/12/24,"Department of Environment, Forestry and Fisheries (DEFF",")R Be uq reu ae us t f no dr 7A 8p p Vro av ria ol t so SE ex rt ve in cd T Ph re vM ide em rso r oa nn d au Mm o nf hA -g tore -Mem one tn ht BE an ste isr e Ed fI en cto vB ee Ftw roe men t 1h e aW nua as rte
a u e o o t f ti 0 J y",Depot Leases (22),Continuation of Work,"R 2 9,422,487.46","R 1 13,382,735.00","R 2 9,422,487.46",2024/12/19,2025/01/01
409,Q4 2024/25,2024/12/24,"Department of Environment, Forestry and Fisheries (DEFF",")R Be uq reu ae us t f no dr 7A 8p p Vro av ria ol t so SE ex rt ve in cd T Ph re vM ide em rso r oa nn d au Mm o nf hA -g tore -Mem one tn ht BE an ste isr e Ed fI en cto vB ee Ftw roe men t 1h e aW nua as rte
a u e o o t f ti 0 J y","Project Managers (Micro-Collectors and Micro-Depots
(2)",Continuation of Work,"R 4 ,096,833.00","R 2 4,580,994.00",R -,2024/12/19,2025/01/01
410,Q4 2024/25,2025/01/21,Council for Scientific and Industrial Research (CSIR),"Variation on The Provision of Seasonal Casual Labour/Temporary Staffing Solutions to the CSIR
International Convention Centre (ICC)",BetaGroup (Pty) Ltd,Variation on The Provision of Seasonal Casual Labour/Temporary Staffing Solutions,"R 4 ,000,000.00","R 4 ,000,000.00",R -,2024/12/12,2025/01/14
411,Q4 2024/25,2025/01/10,Department of Small Business Development (DSBD),Response Handling Services for Recruitment.,Kgadi Staffing Solutions,To reduce the pressure on HR staff and ensure a more efficient processing of application,"R 6 03,750.00","R 5 00,000.00","R 6 03,750.00",2025/02/05,2025/02/10
412,Q4 2024/25,2025/01/3H1ealth an,d Welfare Sector Education and Training Authority (HWSE,TA)SETA Variation of contract for sourcing of OHS Eisa Examination paper,Morden Printers,"ETQA included an additional centre where OHS Eisa Examination papers are to be delivered by
Modern Print, has led to the variation","R 1 ,955.00","R 3 0,689.40",R -,2024/04/07,2024/04/07
413,Q4 2024/25,2025/01/31Energy a,nd Water Sector Education and Training Authority (EWSE,TA)SETA Intergreat System,Hadar T/A Strategic Dimensions,"Additional time is required due to recent regulatory changes and evolving EWSETA business needs,
necessitating adjustments to the Strategic Dimensions SLA to ensure compliance and operational","R 9 50,000.00","R 2 ,795,259.00",R -,2025/01/20,2025/01/20
414,Q4 2024/25,2025/02/05 Ins,urance Sector Education and Training Authority (Inseta)S,ETA Request for approval for contract variation for IKB Company Secretaries,IKB Company Secretaries,Request for approval for contract variation for IKB Company Secretaries,"R 8 50,000.00","R 2 ,293,200.00",R -,2025/02/03,2025/02/10
415,Q4 2024/25,2025/02/05 Ins,urance Sector Education and Training Authority (Inseta)S,"ETARequest for approval to exte sn td t th ee is cc ro isp ke wo of rM kso hn od pia fl oC o Mn as nul ata gn et ms eto include the facilitation of the
ra g r nt",Mondial Consultants,"Request for approval to extend the scope of Mondial Consultants to include the facilitation of the
strategic risk workshop for Management","R 2 1,620.00","R 9 0,800.00",R -,2024/11/26,2024/11/27
416,Q4 2024/25,2025/02/05,"Department of Environment, Forestry and Fisheries (DEFF",) For an enterprise license agreement (E stL aA tu) tf oo rr y G bI oS d is eo sftware used by the Department and its,Advance Call (Pty) Ltd,Continuation of work,"R 3 2,543.88","R 1 99,046.10","R 1 6,271.94",2024/12/23,2024/12/24
417,Q4 2024/25,2025/02/07Depa,"rtment of Women, Youth and Persons with Disabilities (DW","YPEDxt)ension: TM cC C nto rant cr ta Rct f o 2r a p 0e 4r 9io .3d o f 3 m 40o n 0t 0h 0s ff oro m 0 m1 nM tha src h x2 t0 e2 n5 oti nll 3 71 M 9%ay 2025 (original
o 3 9 2 5 , R 2 r 3 o , e si .2 )",Tourvest Travel Services,"Extension: TMC Contract for a period of 3 months from 01 March 2025 till 31 May 2025 to allow
conclusion of the tender process","R 2 40,000.00","R 3 ,292,049.35",R -,2025/01/31,2025/03/01
418,Q4 2024/25,2025/02/07Depa,"rtment of Women, Youth and Persons with Disabilities (DW","YVPaDria)tion: Addition oa nl a 1t 1te -1nd 2e Je us f o 2r t 2h 3e (n Ra 7ti 1o n 3a 0l 0s t Ora rit ge ig ni ac p ala ndn Ron 5G 4B 0V 0F ap dr dio itr ii oti ne as )at Diep in die berg
ly 0 l 6 l",TTS: Diep in die Berg,"Additional attendees for the national strategic plan on GBVF priorities at Diep in die berg on 11-12 July
2023","R 6 5,400.00","R 7 1,300.00",R -,2024/10/09,Once off
419,Q4 2024/25,2025/02/07Depa,"rtment of Women, Youth and Persons with Disabilities (DW","YWPYVDPa)r Dia otio n 1: 5A Add ui gti uo sn ta 2l 0a 2d 4d e an d Te he es pfo rer mth iee im hop tl ee lm Re on ota dt eio vn lo lef e 2c 0o 2n 4o m (Ric e 6m 4p 0o 0w Oe rr im gie nn at s at nra te Rg 3y f 3o 8r
n t r a y 2 l d 5 7.",TTS: Roodevalley hote,"Additional addendees for the implementation of economic empowerment strategy for WYPD on 15
August 2024","R 3 5,387.00","R 2 6,400.00",R -,2024/10/12,Once off
420,Q4 2024/25,2025/02/07Depa,"rtment of Women, Youth and Persons with Disabilities (DW","YPVDar)iation: procuremen (t o 1f li 8v e 0s 0tr e Oa rm igi in ng lf o ar dth Re 2p 2o l 0ic 0y d aia dl do ig tiu oe ao ln 1d 1a .t 7a f %or gender equality in SA
R 8 0 a n 0 n , 0 )",TTS: River meadow manor,"Change in scope of the workshop. Procurement of live streaming for the policy dialogue on data for
gender equality in SA","R 2 2,000.00","R 1 88,000.00",R -,2024/10/09,Once off
421,Q4 2024/25,2025/02/07Depa,"rtment of Women, Youth and Persons with Disabilities (DW","YPVDa)riation: Halfday HC oo tn ef le r Pe rn ec te rf io r W 19o 0m 5e 0n in T or ra gd ine w o Rr 4k 0s h 0o 4p h =e l Rd 2o 0n 0 97 N do iffv )ember 2024 at RH
, o a ( .0 0 a l, 0 9 0",TTS: RH Hotel,"Halfday Conference for Women in Trade workshop held on 07 November 2024 at RH Hotel, Pretoria","R 2 0,990.00","R 1 9,050.00",R -,2024/11/28,Once off
422,Q4 2024/25,2025/02/10,William Humphreys Art Gallery,"IT Services, Maintenance & Support Services",Pronto IT Solutions,Expansion of scope of work,"R 1 2,584.92","R 2 17,534.92",R -,2025/02/01,2025/02/01
423,Q4 2024/25,2025/02/10,William Humphreys Art Gallery,Legal Services Consultant,Motlhamme Attorneys,Expansion of scope of work,"R 3 ,600.00","R 2 1,600.00",R -,2024/10/17,2024/10/17
424,Q4 2024/25,2025/02/06,Council for Scientific and Industrial Research (CSIR),"Provision of external legal services in a labour dispute with a former employee (on senior
management level)",MF Jassat Dhlamini,Acrimonious and litigious nature of the dispute,"R 3 41,550.00","R 3 66,850.00",R -,2025/01/22,2025/01/22
425,Q4 2024/25,2025/02/06,Council for Scientific and Industrial Research (CSIR),"The appointment of a service provider for the provision of Heavy Vehicle Simulator (HVS) support
and data analysis services to the CSIR",Pavement Engineering Research Consultancy (Pty Ltd,Increasing/expanding the scope of work,"R 1 13,850.00","R 1 59,420.00",R -,2025/01/29,2025/01/29
426,Q4 2024/25,2025/02/06,Council for Scientific and Industrial Research (CSIR),Legal support in a litigation/debt collection matter against BGM Pharmaceuticals,Jassat Dhlamini,An on-going litigation/debt collection matter that has not yet been finalised,"R 4 7,150.00","R 6 8,310.00",R -,2025/01/23,2025/01/23
427,Q4 2024/25,2025/02/05,"Department of Sports, Arts and Culture (DSAC)","Request for approval for a further three months contract extension on current contract for Private
Security Services from 01 February 2025 to 30 April 2025",Vimtsire Security and Protection Services,"The tender was advertised in July 2024, however, canceled due to anonyous complain received. The
contract was extended from 01 October 2024 to 31 January 2025(which was not exceeding 15% of","R 4 ,446,780.00","R 4 5,549,911.00","R 5 ,929,040.00",2025/01/28,2025/02/01
428,Q4 2024/25,2025/02/14,South African Weather Service,"Variation of PO00002685 for procurement of additional 10 x laptops for the newly appointed Boad
of members",Zingwe Global,"Business continuity-SAWS new board was appointed on 01 January 2025, to ensure the effective
operation as the old board members' laptops are old and out of OEM warranty and cannot be","R 3 13,754.50","R 4 11,266.22",R -,2025/01/14,Once off
429,Q4 2024/25,2025/02/14,South African Weather Service,Variation of contract amount of the Aviation tariff calculation.,Leano Consulting Services (Pty) LTD,"Continuity of service- SAWS appointed Leano Consulting Services (Pty) LTD to provide Activity based
Costing (ABC) for the Client product and services (Statutory Aviation Revenue) for two years (29","R 4 89,000.00","R 8 90,000.00",R -,2025/01/29,2023/09/23
430,Q4 2024/25,2025/02/14,South African Weather Service,Extension of the SLA with NETSYS for a period of 12 months,NETSYS,"Continuity of service-The software used by SAWS and supplied by NetSys are essential for SAWS to
provide services as mandated by the WMO and ICAO. NetSys is the primary software developers and","R 1 ,032,320.00","R 3 ,514,860.00",R -,2025/02/05,2025/04/01
431,Q4 2024/25,2025/01/31Energy a,nd Water Sector Education and Training Authority (EWSE,TA)SETA Intergreat System,Hadar T/A Strategic Dimensions,"Additional time is required due to recent regulatory changes and evolving EWSETA business needs,
necessitating adjustments to the Strategic Dimensions SLA to ensure compliance and operational","R 9 50,000.00","R 2 ,795,259.00",R -,2025/01/20,2025/01/20
432,Q4 2024/25,2025/02/13,South African National Biodiversity Institute (SANBI),Sound Engineering,Audio Engineering,Continuation of the service,"R 8 00,000.00","R 9 75,000.00",R -,2025/01/31,2025/02/05
433,Q4 2024/25,2025/02/13,South African National Biodiversity Institute (SANBI),Azure,BUI Medical and Technology Suppliers,"The contract has been extended multiple times due to pre-migration delays, staff turnover, budget
constraints, and procurement delays. The contract is set to expire on January 31.","R 6 40,000.00","R 3 ,197,209.80","R 1 ,032,547.97",2025/01/31,2022/02/01
434,Q4 2024/25,2025/02/18,"Department of Environment, Forestry and Fisheries (DEFF",) For an enterprise license agreement (E stL aA tu) tf oo rr y G bI oS d is eo sftware used by the Department and its,ESRI SA,Continuation of the work,"R 5 ,217,449.12","R 3 1,494,506.07","R 6 ,959,598.84",2025/02/14,2025/02/14
435,Q4 2024/25,2025/02/18,Council for the Built Environment (CBE),"Approval sought to pay the additional cost incurred for the Sign Language Service provided at the
Built Environment (BE) Colloquium on 3 December 2024",DeafSA,"The appointed Sign Language Interpreters were required to render their services for an estimated 6
hours. The event proceeded beyond the anticipated timeframe due to unforeseen circumstances and","R 1 ,035.00","R 6 ,842.50",R -,2025/02/03,2024/12/03
436,Q4 2024/25,2025/02/19,Technology Innovation Agency (TIA),Extension for office lease 3 years,Redefine properties,Impractical to move offices and cost effective,"R 2 ,289,608.41","R 7 01,781.72","R 7 01,781.72",2025/02/14,2025/03/01
437,Q4 2024/25,2025/02/19,"Department of Environment, Forestry and Fisheries (DEFF",")E soxp lua tin os ni so n Po tf t )h le e ax nis dt i tn hg c dr ee pw ain rtg a en nd os fh fi op rm esa tn rya ,g fe ism he en rt c so n atr na dc et na vn id o nr mde er tb e (dtw ffee )e fn rA tf hri rc ea en mm oa nr tin he
( y td e m t ie , ro n o s",AMSOL (PTY) LTD,"Expansion of the existing crewing and ship management contract and order between African marine
solutions (Pty) ltd and the department of forestry, fisheries, and environment (dffe) for three months and","R 4 5,000,000.00","R 9 52,673,627.41","R 3 77,548,612.00",27/12/2024,2025/01/01
438,Q4 2024/25,2025/02/12,National Research Foundation (NRF),Office Accommodation Lease for uLwazi Node,Redefine Properties Limited,"Expansion of original scope of work for additional space for new staff members and contract period for
a period of three years.","R 2 ,431,497.00","R 3 ,419,751.00",R -,2025/02/11,2019/04/01
439,Q4 2024/25,2025/02/12,National Research Foundation (NRF),"Executive and leadership coaching to senior managers of the national research foundation for a
period of thirty-six (36) months",Experiential Technologies (Pty) Ltd,"Expansion of contract scope to cover additional needs and areas for development that extend beyond
the initial scope that emerged from the initital coaching engagements.","R 2 ,082,938.00","R 6 ,520,443.00",R -,2025/02/11,2019/04/01
440,Q4 2024/25,2025/01/09,"Department of Sports, Arts and Culture (DSAC)","Request to approve variation of an order for service provider who was appointed to manage
Minister's stakeholder feedback session on the 28 October 2024",RPM Events & Décor,"It was decided on the day of the event 28 October 2024, that the service provider needed to procure
and provide stationery for the delegates. That led to additional costs.","R 1 0,752.00","R 5 1,117.00",R -,2024/10/22,Once off
441,Q4 2024/25,2025/02/21,Small Enterprise Development Finance Agency (SEDFA),Contract Extension- North West Cleaning Services,Aptcot (Pty) Ltd,New RFQ is underway for the procurement process.,"R 2 4,690.09","R 1 09,601.70",R -,2025/01/31,2025/02/01
442,Q4 2024/25,2025/02/21,Small Enterprise Development Finance Agency (SEDFA),Contract Extension- Security Services at Gelvandale,Xhobani Eastern Block,"The tender was cancelled and re-advertised 09 December 2024 and closed on 27 January 2025. The
evaluation (BEC) has been finalised, and the submission is under review.","R 2 13,330.75","R 4 11,240.00",R -,2025/01/31,2025/02/01
443,Q4 2024/25,2025/02/24,Quality Council for Trades and Occupations (QCTO),HouseKeeper Temp,Interdot,To extend the scope of service,"R 2 7,140.00","R 7 38,206.64",R -,2024/02/14,2024/02/14
444,Q4 2024/25,"Manu2f0a2c5tu/r0in2g/1, 7Engineer",ing and Related Services Sector Education and Training A,uMthpourimtya (lamnegraS EofTfiAc)eS aEcTcAomodation lease (further extension while procurement process is underway),"De Bruyn Commercial Property
Brokers (Jetvest 1002 CC)",Office accomodation period extend due non-responses to tender advertised,"R 1 78,817.55","R 1 ,641,267.47","R 6 ,313,499.31",2025/01/31,2025/02/01
445,Q4 2024/25,"Manu2f0a2c5tu/r0in2g/1, 7Engineer",ing and Related Services Sector Education and Training A,"uthoUritryg e(mnte rreSvEieTwA )oSfE inTtAernal controls qin p ar lie fip ea dr a at uio din ofo ur cu op mco em s)ing audits (following 2 consecutive
u t t",Kopax Advisory,"Awarded by way of RFQ Nov'2024. During project implementation, instead of conducting
only sample-based testing, management directed auditors to carry out 100% testing on all","R 6 80,250.00","R 4 19,750.00",R -,2025/01/06,2025/01/06
446,Q4 2024/25,2025/02/06 Ins,urance Sector Education and Training Authority (Inseta)S,ETA Appointment of a service provider for the supply and delivery of office furniture,Turnkey Interiors (Pty) Ltd,"This request to is due to experienced challenges relating to unsuccessful process in an effort to
appoint a service provider to provide office furniture , in addition to ensure that are equipped with tools","R 5 5,454.15","R 2 03,517.80",R -,2025/01/30,Once off
447,Q4 2024/25,2025/03/05,Council for Scientific and Industrial Research (CSIR),"Provision of occupational health doctor services to the CSIR Medical Centre at the Pretoria
campus for a period of 12 Months.",Moyreg (Pty) Ltd,"A new tender process has started to appoint a new service provider and is in its initial stage, with the
procurement process expected to be completed within six months. To ensure uninterrupted delivery of","R 3 70,185.00","R 6 10,500.00",R -,2025/02/20,2025/02/20
448,Q4 2024/25,2025/03/12,"Department of Environment, Forestry and Fisheries (DEFF",")Re thq eue ds et f eo lr a pp mp ero ntv oa fl o thf ea d Nd ait tiio on naa ll c Co os nt ss i rn vc au tr iore nd d tu rari tn eg yth ae p dr o Bv ioin dc ivia el rs st ia tyk e Mh ao nld ae gr e mn eg na tg pe lam ne sn t fs ro n
v o e S g n e o",Munghana Leisure & Tourism,Number of participants increased on the day of the meeting,"R 2 7,150.00","R 3 1,900.00",R -,2025/02/12,2025/02/12
449,Q4 2024/25,2025/03/12,National Library of South Africa (NLSA),Senior Risk and Compliance officer,Thusa Batho,The senior risk and compliance officer extended for two months though the moratorium is lifted,"R 9 1,833.34","R 5 51,000.00",R -,2025/02/26,2025/03/01
450,Q4 2024/25,2025/03/12,National Library of South Africa (NLSA),Senior Internal Auditor,Masegare and Associate,The senior internal auditors extended for two months though the moratorium is lifted,"R 9 1,832.01","R 5 51,000.00",R -,2025/03/05,2025/03/05
451,Q4 2024/25,2025/03/12,Iziko Museums of South Africa,Master of ceremonies,Dumile Group,During the ISA200 we had to add one more delegate,"R 4 49,000.00","R 3 9,200.00",R -,2025/02/26,Once off
452,Q4 2024/25,"Manu2f0a2c5tu/r0in3g/1, 3Engineer",ing and Related Services Sector Education and Training A,"uRtAhi uola trhpitoayrx i(t my(P e&try Ss) uEL bTt -dAc )w oSmaEs mT iaAttp ep so . in At e Cd o d nu trr ain cg t wye aa sr e 2 n0 te2 r3 e t do i nre ton d fre or m s e 0c 1r e At pa rr ii la 2t 0s 2e 3rv ti oc e 3s 1 f Mor a t rh ce h A 2c 0c 2o 6u , n wti in thg",Rilapax (Pty) Ltd,Contract extension,"R 1 50,000.00","R 9 90,000.00",R -,2023/04/01,2023/04/01
453,Q4 2024/25,2025/03/13,National Research Foundation (NRF),"Ground Maintenance (Mole Control and Gardening Services) at iThemba LABS for a period of 36
months contract",Cocopan (Pty) Ltd,Variation to contract amount for business continuity while a new contract is being finalised,"R 2 20,000.00","R 1 ,496,352.84",R -,2025/03/12,2021/04/01
454,Q4 2024/25,2025/03/11,Council for the Built Environment (CBE),Approval sought to extend the travel management company with R2 million.,Nexus Travel (Pty) Ltd,"The CBE obtained a sponsorship from CETA to host BERA and various other events. CBE will utilise
the service provider to book venues for the events. Increased travel since COVID travel restrictions","R 2 ,000,000.00","R 8 ,000,000.00",R -,2023/03/16,2023/05/01
455,Q4 2024/25,2025/03/14,Private Security Industry Regulatory Authority (PSIRA),Physical Security and Guarding for Nelspruit Regional Office,HM Security and Armed Response,Addidtional Guards needed to beef up security services after barglury incidents attempts in the office.,"R 1 60,356.00","R 9 62,136.00","R 3 42,355.00",2024/10/15,2024/10/17
456,Q4 2024/25,2025/03/14,Private Security Industry Regulatory Authority (PSIRA),"Online application, registration, training, assessment and back office solution",People Technology Processes Integrated (PTPi),"Additional scope of work to include the billing system.Change request for the online financial
management enhancements.","R 2 3,731,755.55","R 7 ,728,000.00","R 8 33,250.00",2024/08/14,2024/08/15
457,Q4 2024/25,2025/03/14,Private Security Industry Regulatory Authority (PSIRA),Physical Security and Guarding of Mthatha Regional Offices,Marshal Nights Security,Addidtional Guards needed to beef up security services after barglury incident happended in the office.,"R 4 40,606.69","R 1 ,038,190.80","R 2 98,037.60",2024/10/15,2024/10/17
458,Q4 2024/25,2025/03/14,Private Security Industry Regulatory Authority (PSIRA),Leasing of office space: Johannesburg,City Properties Administration,Extension of lease was necessary to allow the finalisation of the new lease agreement.,"R 1 85,880.77","R 9 ,367,690.53","R 4 ,242,248.61",2024/04/01,2024/04/01
459,Q4 2024/25,2025/03/14,Private Security Industry Regulatory Authority (PSIRA),Physical Security: Johannesburg,PCP Phetha Group SA,Night guard services to beef up securiy at Johannesburg office.,"R 3 43,428.99","R 1 ,138,148.92","R 1 54,645.74",2024/10/15,2024/10/17
460,Q4 2024/25,2025/01/16 S,outh African Broadcasting Corporation SOC Limited (SAB,C) Provision of E-LEARNING Content creation solution (ARTICULATE 360),Zimele ERP IT Services (Pty) Ltd,Contract variation: replacement solution to ensure speedy implementation of training needs,"R 8 42,076.04","R 1 ,995,866.82",R -,2024/12/27,2024/12/01
461,Q4 2024/25,2025/01/16 S,outh African Broadcasting Corporation SOC Limited (SAB,C) Provision of advertising management scheduling system,Imagine Communications EMEA UK Ltd,Contract extension and price increase,"R 9 ,504,504.66","R 1 1,109,974.00","R 6 6,013,796.46",2024/12/23,2025/01/01
462,Q4 2024/25,"Educa2t0io2n5,/ 0T1ra/2in4ing and",Development Practices Sector Education and Training Aut,hority (ETDP SETA)SLEeTaAse of office space for the ETDP SETA Free State office.,Regus Management Group (Pty) Ltd,"The signed agreement catered for the lessee to use the in-house ICT infrastructure. however, due to
the special needs and network security reasons of the ETDP SETA, a need has arisen not to use the","R 6 6,263.00","R 6 91,944.00",R -,2025/01/10,2025/01/10
463,Q4 2024/25,2025F/0in3a/n1c4e and A,ccounting Services Sector Education and Training Authorit,y (Fasset)SETA Internal Audit Services,Nexia SAB &T,Ad-hoc reviews and other assurance required by ARC,"R 1 ,991,246.00","R 4 47,569.63",R -,2023/09/05,2023/09/05
