number,period_quarter_usedropdownlist,datereceivedbygmcyy_yy_mm_dd,entity_department_usedropdownlist,projectdescription,supplier_serviceprovider,valueofdeviation_r,reasonfordeviation,awardbyao_aa_date_yyyy_mm_dd,contractstartdateyyyy_m_m_dd,contractexpiryyyyy_mm_dd
1,Q4 2024/25,2024/12/18,Department of Human Settlements (DHS),Supply of 87 building materials at Soshanguve City of Tshwane,Manthwadi Trading and Projects,"R 1 ,144,465.00",Emergency Procurement,2024/12/11,Not Stated,Not Stated
2,Q4 2024/25,2024/12/18,Department of Human Settlements (DHS),Supply of 193 buiding material at Bothaville Free State,Multiservice and Construction Pty Ltd,"R 2 ,383,200.00",Emergency Procurement,2024/12/11,Not Stated,Not Stated
3,Q4 2024/25,2024/12/20,South African Social Security Agency (SASSA),Emergency Building Material,Lenai,"R 1 ,138,090.50","On the 11th of December 2024 it was discovered that the sewer line from the kitchen drainpipes was
blocked, and the kitchen sink outlet was also broken and need to be replaced. Again, the external front
double door locking system was no longer able to lockable and need a replacement. If the sink is not",2024/12/11,2024/12/11,2024/12/12
4,Q4 2024/25,2024/12/20,"Department of Justice and Constitutional Development
(DoJ&CD)",Emergency Building Material,Hustleberg,"R 1 ,976,250.00","Limited bidding - The Department requires SAP software license assurance to assist in upkeeping the
current installed SAP software solution. The License Assurance is also required for envisaged",2024/12/05,2025/01/01,2027/12/31
5,Q4 2024/25,2024/12/20,Public Protector South Africa,Emergency Building Material,KTM Mojor Projects,"R 1 ,976,456.00",Emergency procurement,2024/12/09,Not Stated,Not Stated
6,Q4 2024/25,2024/12/20,Public Protector South Africa,Emergency Building Material,Fierce Dimensions,"R 3 ,774,258.00",Radio slot interviews - Limited bidding,2024/11/24,Not Stated,Not Stated
7,Q4 2024/25,2024/12/20,Public Protector South Africa,"Single Source memo for the transfer of Microsoft Azure services
from the previous MSP to the new MSP",Exelligent,"R 9 25,142.50",Radio slot interviews - Limited bidding,2024/11/18,Not Stated,Not Stated
8,Q4 2024/25,2024/12/20,Public Protector South Africa,"Procurement of Global Internal Auditing Standards (GIAS) training
for the CSOS internal Audit staff",Leadership Academy for guardians of governance,"R 5 5,482.90",Radio slot interviews - Limited bidding,2024/11/18,Not Stated,Not Stated
9,Q4 2024/25,2024/12/20,Public Protector South Africa,Procurement for Quant Studio Pro 6 consumables,"LTC Tech South Africa (Pty) Ltd TA Thermofisher
Scientific","R 1 0,329.80",Radio slot interviews - Limited bidding,2024/11/18,Not Stated,Not Stated
10,Q4 2024/25,2024/12/20,Public Protector South Africa,Procurement of Filtration Media,Freudenberg Filtration Technologies,"R 1 72,321.06",Radio slot interviews - Limited bidding,2024/11/18,Not Stated,Not Stated
11,Q4 2024/25,2024/12/20,Public Protector South Africa,"Maintenance of Ion Chef Ion Torrent PGM (Personal Genome
Machine)","LTC Tech South Africa (Pty) Ltd TA Thermofisher
Scientific","R 1 98,175.00",Radio slot interviews - Limited bidding,2024/11/18,Not Stated,Not Stated
12,Q4 2024/25,2024/12/24,South African Social Security Agency (SASSA),Procurement of flow meters for the TSI Certi Tester,AMS Laboratory Technologies (Pty) Ltd,"R 6 8,740.00",Sole Supplier,2024/12/19,Not Stated,Not Stated
13,Q4 2024/25,2024/12/19,National Gambling Board (NGB),Single & Double Half Mask (Green),Paramount Safety Products CC,"R 8 38,740.00",Sole Source,2024/12/17,2025/03/01,2027/02/28
14,Q4 2024/25,2024/12/19,National Gambling Board (NGB),Supply and delivery of Electronic Equipment.,Test Dynamics Defense (Pty) Ltd,"R 1 40,090.00",Emergency,2024/12/17,2024/11/28,2024/11/28
15,Q4 2024/25,2024/12/17,South African National Accreditation System (SANAS),Emergency Building Material,Mmkumula,"R 4 ,131,606.00",Urgent Procurement,2024/12/02,2024/12/02,2024/12/06
16,Q4 2024/25,2024/12/17,South African National Accreditation System (SANAS),"95 Beneficiaries Building Material Mangaung Informal Settlements
Ethekwini",Surtech Solutions RSA,"R 1 ,282,500.00",Emergency,2024/11/15,2024/11/15,2024/11/15
17,Q4 2024/25,2025/01/03,Department of Human Settlements (DHS),"Appointment of a service provider to support and maintain the website at
CSOS.",Nomasathi Group (Pty) Ltd,"R 1 6,900.00",Procurement occurred in Emergency situation and Urgent cases,2024/12/29,Not Stated,Not Stated
18,Q4 2024/25,2025/01/03,Department of Human Settlements (DHS),Procurement of Caseware License Renewal,Adapt IT (Pty) Ltd,"R 2 03,238.92",Procurement occurred in Emergency situation and Urgent cases,2024/12/29,Not Stated,Not Stated
19,Q4 2024/25,2025/01/03,Department of Human Settlements (DHS),204 Beneficiaries in various areas within City of Cape Town,RS Construction,"R 2 56,568.00",Procurement occurred in Emergency situation and Urgent cases,2024/12/28,Not Stated,Not Stated
20,Q4 2024/25,2025/01/03,Department of Human Settlements (DHS),Emergency Building Material,Fierce Dimensions,"R 3 ,774,258.00",Procurement occurred in Emergency situation and Urgent cases,2025/01/02,Not Stated,Not Stated
21,Q4 2024/25,2024/12/19,Department of Human Settlements (DHS),"Single Source memo for the transfer of Microsoft Azure services from the
previous MSP to the new MSP",Exelligent,"R 9 25,142.50","The transfer will allow the organisation to avoid any further charges from Jec Tech forAzure services,
ensuring that all future financial commitments are consolidated under Exelligent’s contract, as per the
new agreement",2024/12/09,2025/01/01,2025/10/30
22,Q4 2024/25,2025/01/08,Legal Aid South Africa,"Property Evaluator Expert for the matter of Sophy Kgotho Selau
and Gaolaolwe Joseph Selau",DDP Valuation & Advisory Services Pty Ltd,"R 2 4,012.00",Single Source,2024/12/12,2024/12/13,2024/12/13
23,Q4 2024/25,2025/01/08,Legal Aid South Africa,Monitoring and Armed Response in Humansdorp Satellite Office,Fidelity Security Services,"R 8 ,740.00",Emegency,2024/11/29,2024/12/01,2025/11/30
24,Q4 2024/25,2025/01/15,Community Schemes Ombud Service (CSOS),"Procurement of Global Internal Auditing Standards (GIAS) training for the
CSOS internal Audit staff",Leadership Academy for guardians of governance,"R 5 5,482.90","Procurement of Global Internal Auditing Standards (GIAS) training for the CSOS Internal audit staff
members from the Leadership Academy for Guardians of Governance on behalf of the Institute of
Internal Auditors South Africa (IIASA) as a sole source supplier in providing Internal Audit training",2025/01/15,Not Stated,Not Stated
25,Q4 2024/25,2025/01/08,Eskom Holdings SOC Ltd,"To conduct the detailed engineering design, procurement, manufacture,
construction, factory acceptance testing, delivery and provide site storage
procedure for the Ex Lethabo 01 rotor (serial number: 410533) rewind kit.",Toshiba International,"R 5 2,859,657.38","Original Equipment Manufacturer. Lethabo and Matla Power Stations are sister Stations which were
originally fitted with interchangeable and concertina winding designed GE/Alstom Belfort type (T262-
610) rotors prior 2001. The Matla specific rotors with serial numbers (410518, 410519, 410533,",2024/11/29,2024/12/03,2026/06/02
26,Q4 2024/25,2025/01/08,Eskom Holdings SOC Ltd,"Cleaning of overly blocked Trenches and Sumps at FGD – U1, U2 and U3
K1",Lingomso Business Enterprise & Projects (Pty) Ltd,"R 4 ,776,253.04","Flu4e1 0G7a4s1 D, 4e1s0u7lp4h2u, r4iz1a0t7io4n3 Palnadn t4 i1n1s4p0e6c)ti owne rtoew maardnsu fpalcatnutr ereds btoertawtieoenn s 1ta9r7te7d-1 r9e8c2e natnlyd aLnedth raebvoe aroletodr tsh at
there is a lot of slurry that has solidified. This demanded an urgent action to resolve this issue before
the first unit reconnection start. The estimated duration of unblocking is estimated to take 2 months",2024/11/18,2024/11/28,2025/01/31
27,Q4 2024/25,2025/01/08,Eskom Holdings SOC Ltd,"The establishment of the emergency order with a service provider at Eskom
Lethabo Power Station with temporary security service during the industrial
action taken by Eskom permanent employees",Mjayeli Security Services,"R 7 40,307.07","The resources are required to safeguard the Eskom employees from either internal and external attacks
from while the employees are participating in the illegal strike to ensure continuous and sustainable
supply of electricity.",2024/11/22,2024/11/27,2024/11/06
28,Q4 2024/25,2025/01/08,Eskom Holdings SOC Ltd,"Supply and deliver 10 000 Fabric Filter Bags,",Industrial Filters and Fabrics,"R 1 8,975,000.00","On 9 October 2024 an urgent situation arose at Arnot Power Station. The situation arose as a result of
an increase in plant failure which led to a high usage of Fabric Filters leaving Arnot Power Station with
a risk of bags being depleted.",2024/10/16,2024/11/29,2025/02/28
29,Q4 2024/25,2025/01/08,Eskom Holdings SOC Ltd,Supply and deliver tools and machinery for maintenance.,Alpha Ascari,"R 3 4,460,369.94","Matla Power Station is equipped with 24hrs tool store service where tools and equipment’s that are
used across the Station by various sections are kept. The tool store keeps various tools and equipment
to ensure easy access during maintenance activities. The Station's tool store initiative is a good cost",2024/11/28,2024/11/28,2025/02/28
30,Q4 2024/25,2025/01/08,Eskom Holdings SOC Ltd,Supply and delivery of Engineering equipment at Tutuka Power Station,Chongo Trading,"R 1 ,882,704.68","The funding was only recently made available with the production ERA only being approved on the 25
October 2024. Items on the list were being budgeted for execution in FY26.",2024/11/08,2024/11/27,2025/01/03
31,Q4 2024/25,2025/01/08,Eskom Holdings SOC Ltd,T1A&B Drive Upgrade,Bnmz International (Pty) Ltd,"R 7 45,581.80","The urgent situation arose at T1A and B Drive. The situation arose as a result of design deficiency or
oversight at Kusile Power Station.",2024/11/29,2024/12/04,2024/12/04
32,Q4 2024/25,2025/01/08,Eskom Holdings SOC Ltd,Station Cleaning,S DV K Construction and Projects,"R 3 2,852,092.55","On 13 September 2024, Kendal Power Station encountered an urgent situation on its boiler and ash
plants due to unexpected failure on all its course Ash conveyors and the unavailability of its Sicon",2024/11/29,2024/11/29,2025/11/28
33,Q4 2024/25,2025/01/08,Eskom Holdings SOC Ltd,"Supply and deliver of Buffer:ST300 C80 Spider Black; Rubber and Buffer:
ST360C80 Black Spider; Rubber",Voith Turbo,"R 3 8,843.55","VoCitohn Tvueryboor sh, oKldesn dthael Pinotewlelerc Stutaatl iopnro hpaedrt yto f orer sthoert jtaoc ekimnge rogiel npcuym dpusm, epliencgt rpicr efeveedn tp ausmh pb agcekalrobgosx iens i tasn d
outside plant’s couplings, brakes, and speed switches. Voith Turbo thus holds all the drawings,",2024/11/26,2024/11/26,2025/01/10
34,Q4 2024/25,2025/01/08,Eskom Holdings SOC Ltd,"Repair, installation and commissioning of APE Pumps.",APE Pumps,"R 1 ,431,608.55","In September 2024 an urgent situation arose at Duvha Power Station Southern Cooling Water Pump 1B
when this pump had a breakdown and failed to turn. It left the southern units with no standby pump as
maintenance Contractor on site have been working on this pump without getting it into service. A
decision to contact the OEM (APE Pumps) for guidance and recommendations was taken as per the
formal guideline from engineering department. APE submitted their plans and recommendations to
strip, repair, install and commission this pump back onload within three weeks. That will enable Duvha",2024/10/10,2024/12/09,2024/12/31
35,Q4 2024/25,2025/01/08,Eskom Holdings SOC Ltd,Provision of Office Cleaning Services at Medupi Power Station,Koketso Anna Ngoako Trading and Projects,"R 4 ,448,095.76","On 1 February 2024, the Urgent procurement process was approved by the Medupi Station General
Manager to place an urgent order with Koketso Anna Ngoako Trading and Projects for ten(10) months.",2024/11/26,2024/12/01,2025/01/31
36,Q4 2024/25,2025/01/08,Eskom Holdings SOC Ltd,"Urgent Refurbishment for Slurry fans and Pumps for Matla Power Station
for a period of 12 Months on as when required",La Nkosi Projects,"R 3 7,151,618.83","TThhee uurrggeennct yo ordf ethr e4 5p0ro3c3u8r2e9m2e9 nstt aorf ttehde s1e F sepbarrueasr ym 2a0t2e4ri aalnisde dis feronmdi nthge o hni g3h0 fNaioluvreems beexrp e2r0i2e4n.c eTdh ien GthEe
plant and the Station cannot afford to run the risk of the unavailability of the spares.",2024/11/28,2024/11/28,2025/11/27
37,Q4 2024/25,2025/01/08,Eskom Holdings SOC Ltd,"Electrical Maintenance Services for Unitised plant and Auxiliary Plant
(Excluding Coal and Ash)",Eskom Rotek Industries 2989 (Pty) Ltd,"R 2 4,365,569.66","The maintenance services provided in the contract maintains the critical plants for the generation of
electricity in the Station and without a service contract it will lead to multiple breakdowns which will not",2024/11/01,2024/11/01,2025/04/30
38,Q4 2024/25,2025/01/08,Eskom Holdings SOC Ltd,"Supply, deliver, install and replace copper aluminium and joint kits 11/0.4kV
Dry Transformer Neutral Cables and phases (Aluminium single core",Emgazini Paramount,"R 8 ,043,859.00","The situation arose as a result of the theft of 11/0.4kV precipitator Transformers neutral cable and
phase cables suffering a theft incident. This putting the unit that is on 83 days outage at risk of meeting",2024/12/02,2024/12/02,2025/12/02
39,Q4 2024/25,2025/01/08,Eskom Holdings SOC Ltd,"Raerpmaoiru Mreadt lac aPbolew PerV SCt/aXtiLoPnE d aanmda gCeodp pSeurb sminegrlseib cloer aen adr mDoieusreeld P cuambples ;
Rental of Submersible and Diesel Pumps on as and when required basis;",Siel Solutions,"R 1 8,723,159.02","Duteh eto R ae tnuurmn btoe Sr eorf vpiclaen nt oatb bneo rrmeaalliistieeds. s uTchhe acso lads ahn sdu hmopt cbolomcmkaisgseiso,n sinlugr royf cthoen vneeywinlyg uspygstreamde f aHilFuTre s,
condenser draining, sumps flooding, pits flooding and unplanned weather conditions such as flooding",2024/11/29,2024/11/29,2025/11/28
40,Q4 2024/25,2025/01/08,Eskom Holdings SOC Ltd,"Supply andP rdoecluivreermy eonf tC oRf 1ne2w, 1 S6Mub0m3 eHrsailbf Mle oaonnd C Dhieasnenle Plsu, mBpalsl .Joints and
SS Shafts.",FRA 505 (Pty) Ltd,"R 2 1,425,535.00","Undit u4e G toO h iesa avny orauitnasg,e t hber oSutgahtiot nfo risw eaxrdp eacftteedr tthoe b Gee fnuellyra etoqru eipxppelods wiointh, iVt wacausu tmak Ternu tcok m, Daikees eslu aren dth at
we don’t have another bigger outage after the Gen recovery as a drive to end load shedding.",2024/11/03,2024/11/03,2025/06/30
41,Q4 2024/25,2025/01/08,Eskom Holdings SOC Ltd,PAH Scope of Work - Unit 2 & Unit 1,BMS Environmentals,"R 2 2,816,954.50","Mandate to negotiate for Enquiry No.: MPKEN10941GX (For this project) was presented on 27
September 2024, however the quantities issued were not complimenting the scope, as such Middle
Manager Procurement advised that the tender should be cancelled since there is a change of scope of",2024/11/29,2024/11/29,2024/11/29
42,Q4 2024/25,2025/01/08,Eskom Holdings SOC Ltd,"Mechanical Maintenance Services on Auxiliary Plant (BOP excluding Coal
and Ash Plant).",Eskom Rotek Industries 2989 (Pty) Ltd,"R 3 0,235,458.90","The maintenance services provided in the contract maintains the critical plants for the generation of
electricity in the Station and without a service contract it will lead to multiple breakdowns which will not
be attended to, leading to load losses and ultimately multiple unit shutdowns.",2024/11/01,2024/11/30,2025/05/30
43,Q4 2024/25,2025/01/08,Eskom Holdings SOC Ltd,Site Investigation for permanent stormwater system at NOU,Trans Africa Projects (Pty) Ltd,"R 4 13,775.75","On 23 July 2024, an emergency arose at Koeberg Nuclear Power Station. The situation arose as a
result of severe weather conditions which resulted in extensive damage to KNPS buildings, training",2024/11/12,2024/11/28,2024/12/31
44,Q4 2024/25,2025/01/08,Eskom Holdings SOC Ltd,HSSD refurbish 6 DN 30000 resilient butterfly valves,Zenzele Valves (Pty) Ltd,"R 4 1,214,511.46","Unit 1, 2 & 3 is planned for HSSD outage which is committed to start on 10 December 2024, DN 3000
(Tower inlet/outlet isolating valve) Valves refurbishment has faced significant delays due to the failure of",2024/11/01,2024/11/27,2025/03/31
45,Q4 2024/25,2025/01/08,Eskom Holdings SOC Ltd,"Once off Supply and Delivery of OEM Spares for Peaking Generation
Power Stations. Switchgear Maintenance at Palmiet Pumped Storage",ABB South Africa (Pty) Ltd,"R 4 05,892.50","Peaking Power Stations are equipped with ABB equipment. ABB is the original equipment
manufacturer (OEM) and local distributor of the equipment. ABB maintains all copyright privileges for",2024/12/02,2024/12/02,2025/02/28
46,Q4 2024/25,2025/01/08,Eskom Holdings SOC Ltd,"Over Silo, Link conveyor, Moving tail carriage Modification.",Lilangeni Lelihle,"R 6 ,552,662.68","A risk was identified by Asset Management that there would be insufficient coal supply and failure to
maintenance bunker and silo levels due to moving tail carriage collapse leading to partial load losses",2024/12/03,2024/12/03,2024/12/31
47,Q4 2024/25,2025/01/08,Eskom Holdings SOC Ltd,"Urgent contract for refurbishment of the slurry plant spares for Matla Power
Station for a period of 12 months on an as and when required.",Brandon Supply and Logistics (Pty) Ltd,"R 9 ,518,679.71","The urgency of the procurement of tahneds ep ostpeanrteiasl mmautlteiprilael iusendit tfrriopms. the high failures experienced in the
plant and the Station can't afford to run the risk of the unavailability of the spares. The situation arose",2024/12/03,2024/11/18,2024/12/03
48,Q4 2024/25,2025/01/08,Eskom Holdings SOC Ltd,"Supply and delivery of Vorecon, Unit 4 BFP11 and BFP 13 Vorecons
Spares.",NT Uneya Engineering (Pty) Ltd,"R 1 0,450,825.10","Procurement of Unit 4 BFP 12&13 Vorecon Gearbox. BFP 12&13 Vorecon Bearings and gears
damaged are and need replacement, for the Unit to be able to do Acid Flushing at least X3 Vorecon
pumps should be available and for a successful boiler flushing. The unavailability of the vorecons will",2024/11/28,2024/11/29,2025/02/28
49,Q4 2024/25,2025/01/08,Eskom Holdings SOC Ltd,Refurbishment and supply of winches.,Dymot Engineering (Pty) Ltd,"R 6 ,281,073.45","Dymot Engineering is the OEM of Dymot winches installed at Matimba Power Station, and they regard
the design and the drawings as their own intellectual property.",2024/12/01,2024/12/01,2029/11/30
50,Q4 2024/25,2025/01/08,Eskom Holdings SOC Ltd,Transport & dispose of dirty oil & grease for a period of 12 months.,K NDU Mining Solutions,"R 7 ,334,401.00","Should it happen that cleaning of the plant does not take place, it will lead to load losses which will be
caused by spilled oil, and the spilled oil is a fire risk which will lead to unit's shutdown. This will lead to",2024/11/18,2024/12/17,2025/12/12
51,Q4 2024/25,2025/01/08,Eskom Holdings SOC Ltd,Supply and deliver 6 off Silencers,Ramovha Tradings,"R 2 ,898,000.00","loadM sahneddadtein tgo onre geovetina tae f loorn Egneqr uloirayd N soh.:e MddPiKngE Nb1e0c9a4us1eG Xno (wF oitr wthilils t apkroej e mcto) rwe atism per etos ernetceodv eorn f 2ro7m a
September 2024, however the quantities issued were not complimenting the scope, as such Middle",2024/11/08,2024/12/23,2025/02/28
52,Q4 2024/25,2025/01/08,Eskom Holdings SOC Ltd,Supply and deliver 4 off Balloon Plugs,Sthebu Holdings,"R 1 0,810,000.00","On 6 November 2024 an urgent situation arose at Arnot Power Station. It arose because there were no
Condenser CW Isolations to conduct on load Tube Leak repairs and even when the unit is off load, tight",2024/11/08,2024/12/23,2025/09/29
53,Q4 2024/25,2025/01/08,Eskom Holdings SOC Ltd,Supply and delivery of 90Ton Mobile Crane.,Kgaofilwe Distribution Enterprise (Pty) Ltd,"R 1 3,225,000.00","In the past few months, we have experienced a high number of failures on the 90Ton Mobile crane
whereby we had to hire for the continuation of the services due to ageing and other functional factors as",2024/12/02,2024/12/02,2024/12/31
54,Q4 2024/25,2025/01/08,Eskom Holdings SOC Ltd,Supply and delivery of Fuel oil burner spares.,Safurnco,"R 2 1,021,678.00","itT hhaesre b aereen 4 in8 ofupeel roaitli obnu rfnoer rms opreer tuhnaint, 1w5i tyhe 6a rrso.w Ts hoef 8in fcureela osiel db ufarniluerres. r aAte tso taarl en uamffebcetirn ogf p2l8a8n nfueedl,
burners are installed on the plant. The purpose of the fuel oil plant is to provide the boilers with fuel oil",2024/11/26,2024/12/06,2025/12/05
55,Q4 2024/25,2025/01/08,Eskom Holdings SOC Ltd,Supply and delivery of Fuel oil burner spares.,Dirane Trading,"R 5 2,760,850.00","There are 48 fuel oil burners per unit, with 6 rows of 8 fuel oil burners. A total number of 288 fuel
burners are installed on the plant. The purpose of the fuel oil plant is to provide the boilers with fuel oil",2024/11/26,2024/12/06,2025/12/05
56,Q4 2024/25,2025/01/08,Eskom Holdings SOC Ltd,Supply and delivery of New Diesel Compressors Engine to Matimba,Cummins South Africa (Pty) Ltd,"R 8 48,697.70","The situation arose as a result of electrical compressor tripping and losing reliability. One electrical
compressor currently out of service and remaining two tripping. At the moment the diesel compressor",2024/11/26,2024/12/05,2024/12/10
57,Q4 2024/25,2025/01/08,Eskom Holdings SOC Ltd,Refurbishment of Ash Stacker Crawler Gearbox.,Hyses,"R 8 31,545.68","T5h eru sntsa cwkiethr rleefaukribnigs hinmjeecntto wrso arkn da nddie bseellt csohmiftpinregs wsoerr ec udrerleanytelyd oduut ew tioth t hfuee fli rceu itn-ocfifd sewnti tochn. t hTeh sep dreieasdeel r
machine resulting in stacker being the only available stream for Ashing. The ash stacker belt shifts
operations could not be implemented since there was no redundancy and Ashing on 00ETK13 was",2024/12/04,2024/12/04,2024/12/05
58,Q4 2024/25,2025/01/08,Eskom Holdings SOC Ltd,Supply and delivery of Module Relay; O/P 250 VAC; IEC60255,Schneider Electric South Africa,"R 7 45,692.06","A change of Supplier would compel Eskom to obtain spare parts or additional assets, goods or
services that are not compatible or interchangeable with existing assets, goods or services that were",2024/12/03,2024/12/03,2024/12/17
59,Q4 2024/25,2025/01/08,Eskom Holdings SOC Ltd,"Supply, Delivery, Refurbishment and Technical Support of Conveyor belts
protection system and Spares.",Electrotron (Pty) Ltd,"R 7 9,717,273.10","oCbhtaainngede ofrfo Smu pthpeli eorr iwgionualld s cuopmplpieerl. E Sspkaormes t oc aonb toaninly s bpea rbeo puagrhtts foror mad thdeiti oOnEaMl a usnsleetsss, griosokd asn oarly sseisrv sicheosw
that are not compatible or interchangeable with existing assets, goods or services that were obtained
from an original Supplier. Spares can only be bought from the OEM, unless risk analysis shows that
the use of parts from alternative manufacturers is feasible, and this has been confirmed in writing by the",2024/10/10,2024/12/05,2029/12/04
60,Q4 2024/25,2025/01/08,Eskom Holdings SOC Ltd,Supply and delivery of Fuel oil burner spares.,KW General,"R 1 6,970,550.00","OEM.
These items are needed for Outages for Unit 2,5 and 6 due to price volatility of the steel items and
urgency need for the items in the coming outages is difficult to get standard prices.",2024/11/29,2024/12/10,2025/12/09
61,Q4 2024/25,2025/01/08,Eskom Holdings SOC Ltd,Supply and deliver of Fuel oil burner spares.,Mabotsha Legacy,"R 1 9,569,550.00","The availability and reliability of the fuel oil burners is essential for safe and efficient boiler operation as
per the design base. Therefore enough critical spares are needed to effectively execute the
preventative maintenance strategy (including both on and off load conditions) on the fuel oil plant, also
the required spares are needed for the upcoming outages: unit 6 - ID 38255, unit 5 - ID24428, Unit2 -
ID 24410 and unit 5 - ID GO.",2024/12/04,2024/12/05,2025/12/04
62,Q4 2024/25,2025/01/08,Eskom Holdings SOC Ltd,"The Supply and Delivery of 10.8e and 12e Vertical Spindle Mills Spares for
Kriel Power Station on an “as and when” Required Basis for The Period of 5",Babcock Ntuthuko Engineering (Pty) Ltd,"R 1 77,846,051.92",The sole source mechanism was utilized on the Milling plant spares as Babcock Ntuthuko is the OEM.,2024/10/14,2024/12/10,2029/12/09
63,Q4 2024/25,2025/01/08,Eskom Holdings SOC Ltd,"years.
Supply, transport and deliver of Industrial cleaning equipment to Tutuka
Power Station",Goscor Cleaning Equipment,"R 3 0,107,755.78","Tutuka Power Station propose a strategic shift in our approach to Industrial cleaning by transitioning
from hiring equipment to purchasing our own. This change is aimed at optimizing our operational
efficiency and reducing costs in the long term.",2024/12/05,2024/12/05,2025/02/28
64,Q4 2024/25,2025/01/08,Eskom Holdings SOC Ltd,Supply and delivery of Mechanical Turbine Spares.,JX Power Tech,"R 3 8,660,761.36","Tutuka Power Station has been experiencing frequent failures on the Turbine plant which has impacted
the Station's performance as a results of unreliability of electric feed pumps and the availability of steam
feed pump. There has been an increase on the number of trips on units where only one EFP has been
in operation and made worse with the unavailability of the BFPT's. Spares were procured to replenish
in order to meet the min/max stock level at Stores, however due to the high failures and frequent plant
breakdowns, the Turbine auxiliary spares were utilized to address the challenges encountered on the
running units.",2024/12/04,2024/12/06,2025/12/31
65,Q4 2024/25,2025/01/08,Eskom Holdings SOC Ltd,Service of Ball mill 23 and 33.,Bonakude Engineering Services,"R 2 ,698,682.05","The need to services comes because of a plant breakdown that happened on 20 November 2024 and
further inspection and attempts to do internal repairs. Engineering instruction and scope of works was
issued and signed on 22 November 2024 for urgent repairs to be conducted in order to restore
redundancy in the plant.",2024/11/27,2024/12/06,2024/12/31
66,Q4 2024/25,2025/01/08,Eskom Holdings SOC Ltd,"The maintenance services, repairs, inspection and testing of the Buffalo
Feeder as well as the supply, refurbishment and delivery of Buffalo Feeder
spares at Grootvlei Power Station for a period of 60 months.",FL Smidth Buffalo,"R 2 5,195,453.71","There is a need to place five years contract for a maintenance services, repairs, inspection, and testing
of the buffalo feeder as well as the supply, refurbishment and delivery of buffalo feeder spares at
Grootvlei Power Station. The contract is essential because the buffalo feeder supplies coal to the coal
bunker for the generating units. Regular maintenance on the buffalo feeder is needed to ensure that the
buffalo feeder is available to constantly supply coal to the coal bunkers, therefore a 5 year contract is
necessary.",2024/10/09,2024/12/10,2029/11/30
67,Q4 2024/25,2025/01/08,Eskom Holdings SOC Ltd,Supply and delivery of Hopkinson valves for Unit 1.,PH Marketing (Pty) Ltd,"R 1 7,744,689.46","Tutuka Unit 1 and HSSD will start in November and Unit 1 to Unit 3 HSSD will commence in November
with a major overhaul. In 2023/2024 Unit 5 and Unit 4 Outages were returned to service from long
outages with high denim water consumption due to unavailability of replacement valves. the leaking
valves are currently affecting efficiency and plant's reliability.",2024/11/14,2024/12/06,2025/03/13
68,Q4 2024/25,2025/01/08,Eskom Holdings SOC Ltd,Men's Conference,Ixesha Engineering & Construction,"R 9 2,138.00","The urgent process was due to the urgency of the function where early delivery is critical and the
invitation of competitive bids is impractical .",2024/11/28,2024/11/29,2024/12/27
69,Q4 2024/25,2025/01/08,Eskom Holdings SOC Ltd,"Turbine Governor valve cables replacement - Supply of various probes,
cables, removal of old burnt cables, rerouting of cable racks, cable",Kudon Engineering Services,"R 7 ,382,517.00","In July 2024 the turbine went into single valve operation then later tripped due to burnt governor valves
cable. The cables were burnt by a persistent high pressure, high temperature steam leak from the IP",2024/12/09,2024/12/11,2025/03/03
70,Q4 2024/25,2025/01/08,Eskom Holdings SOC Ltd,Supply and deliver of Milling Plant Recovery Spares.,Enflotech,"R 2 68,935,650.74","During October 2024 an urgent situation arose at Kusile Power Station. The situation arose as a result
of poor coal quality affecting the milling plant. As a result of this there are threats are likely to arise to
the Eskom business, interruptions in the supply of electricity to customers resulting in load shedding
/load reduction and/or production loss, major consequential expense to Eskom and serious damage to
Eskom's reputation.",2024/12/06,2024/12/06,2025/06/30
71,Q4 2024/25,2025/01/08,Eskom Holdings SOC Ltd,Refurbishment of various RF Spares for Majuba Power Station.,Newcastle Technical Services,"R 1 ,939,527.90","The refurbishment of spares was crucial to the running of the plant and normal procurement process
would have been too long and risk the operational function.",2024/12/09,2025/01/31,2025/12/31
72,Q4 2024/25,2025/01/08,Eskom Holdings SOC Ltd,Supply and delivery of various spares.,Fire Raiders Cape,"R 4 7,610,000.00","Generation has critical spend funding required to spend by 31 March 2025. It is also critical for the
emergency fire vehicles to be replaced to Tutuka Power Station to ensure that the Station is prepared
for emergencies on site and minimize impact to the plant effectively.",2024/10/12,2024/10/12,2025/03/31
73,Q4 2024/25,2025/01/08,Eskom Holdings SOC Ltd,"Manufacture, supply and installation of Hagglund hydraulics and power
pack and drives",Hytec South Africa RF (Pty) Ltd,"R 1 4,750,808.96","The power packs are obsolete and cannot be controlled according to the design, operating and control
philosophy as it will force the Station to work at low energy availability factor or even shut done some of
the units.",2024/12/10,2025/01/31,2025/03/28
74,Q4 2024/25,2025/01/08,Eskom Holdings SOC Ltd,"Strip, Assess & Repair MV & LV Motors",Tomco Electrical & Mechanical Engineering,"R 1 6,100,000.00","On 15 August 2024 an urgent arose at Hendrina Power Station. The situation arose as a result of units
delayed return to service due to repairs or unavailability of critical spares motors and possible flooding",2024/12/03,2024/12/06,2025/04/06
75,Q4 2024/25,2025/01/08,Eskom Holdings SOC Ltd,CBMS Maintenance.,SMTC Projects (Pty) Ltd,"R 5 ,321,127.63","Medupi Power Station has no CBMS maintenance contract in place and it's an audit finding hence the
urgent procurement mechanism was used while waiting for the contract.",2024/11/29,2025/01/20,2025/05/30
76,Q4 2024/25,2025/01/08,Eskom Holdings SOC Ltd,"Cleaning of Ash Spillages along the ash lines from behind the coal staithe
up to the distribution point including the DWS residential area.",Dirane Trading,"R 4 5,291,167.86","Over the years Slurry plant has recorded many incidences where ash/slurry is spilled along the
pipelines used to transport ash to the new ash dam facility. The spillages are due to the aging
infrastructure/pipes. Measures were implemented regarding the aging infrastructure however the clean
up process of the spillage was only done on small portion along the ash lines. The wetland area behind
the coal state is covered with ash many complaints that were also received from the DWS due to ash
that was spilled around their residential area. This was a concern raised by the officials from
Department of Water and Sanitation (DWS) and incident No.00000000000000124356 has been
registered to this effect and it is tracked at GX Environmental Committee.",2024/10/12,2024/11/12,2025/12/05
77,Q4 2024/25,2025/01/08,Eskom Holdings SOC Ltd,"The purchase of a rapid deployment mobile RO plant and associated pre-
treatment unit as well as the installation and commissioning for a period of
12 months for treating ash water from SWR dam.",Watericon Purification Systems,"R 1 0,593,706.44","The mobile reverse osmosis plant is an urgent project to assist in reducing the current excess water
contained in the Matla dams. This project will assist in preventing overflows to the natural environment.
All the Matla dams have high levels above the respective normal working levels and poses a risk of
overflowing into the natural environment which will result in a legal contraventions. If the water is
allowed to overflow into the natural environment there will be serious consequences as stipulated by the
NWA, NEMA and WUL. An attempt to follow the open enquiry process was unsuccessful with the
duration of the procurement process taking more than 6 months while the situation with the access
effluent at the Power Station deteriorated. Should the tender be re-issued with the same duration the
Power Station will risk further contraventions.",2024/11/06,2024/12/09,2025/12/08
78,Q4 2024/25,2025/01/08,Eskom Holdings SOC Ltd,"The supply and delivery of conveyor belt cleaning equipment at Camden
Power Station for a period of 36 months.",Flexco SA (Pty) Ltd,"R 5 ,886,042.39","Camden Power Station utilises conveying systems to transport coal from the stockyard up the mill
bunkers. Belt cleaning equipment for the conveying systems is required to eliminate fine coal carry
back on the conveyor surfaces. This ensures that the conveyors are operated safely and prevents
downtimes caused by coal build-up of pulleys. Spares need to be kept at stores readily available to
ensure that breakdowns attend urgently.",2024/09/25,2024/12/18,2027/12/17
79,Q4 2024/25,2025/01/08,Eskom Holdings SOC Ltd,Supply and delivery of Turbine Bearing Shells.,LMN Engineering and Environmental Services,"R 1 3,813,008.89","The contract placement is still in the initial phase and might not be placed on time for maintaining the
stock level at stores. Anticipated contract placement date is March 2025. This may result in delays on
maintaining the turbine plant should there be a need and that would be a threat to generate electricity.",2024/10/15,2024/12/11,2025/04/10
80,Q4 2024/25,2025/01/08,Eskom Holdings SOC Ltd,"Strip, assess and refurbish MV motors for milling, main CW drought group
and ash.","Marthinusen and Coutts Cleveland A Division of
Actom","R 5 ,391,485.20","MV/HV motor refurbishment contract is not in place, Tutuka is experiencing challenges, milling plant is
heavily impacted and at a critical stage.",2024/12/11,2024/12/11,2025/03/28
81,Q4 2024/25,2025/01/08,Eskom Holdings SOC Ltd,Fuel oil Maintenance at Majuba Power Station for 60 Months,Safurnco SA (Pty) Ltd,"R 1 02,510,908.17","The fuel oil plant is regarded as Level 1 plant. The current OEM for fuel oil is John Zink Hamworty
Combustion. Safurnco SA (Pty) Ltd is the authorised sole agents.",2024/11/15,2024/12/13,2029/12/12
82,Q4 2024/25,2025/01/08,Eskom Holdings SOC Ltd,Supply and delivery of Turbine and Boiler Valves Soft Spares for U4.,Green Corn (Pty) Ltd,"R 7 ,545,541.00","Medupi Power Station Unit 4 experienced a Hydrogen explosion on 8 August 2021 during a short
outage that started on 6 August 2021. Thus, caused extensive damage to the generator and affected
surrounding areas. It is critical to reinstate the damaged property to its conditions prior to the incident.
The scope of work was issued by engineering for Turbine and Boiler valves to conduct inspections and
refurbishment prior the RTS of the Unit to ensure that there are no damages and to ensure smooth re-
commissioning of Unit 4.",2024/11/17,2024/11/20,2025/05/30
83,Q4 2024/25,2025/01/08,Eskom Holdings SOC Ltd,Supply and delivery of burner spares.,Actom (Pty) Ltd,"R 2 7,776,550.19",Spares are required to fabricate the eroded burners to ensure optimal operation.,2024/11/08,2024/11/12,2025/05/30
84,Q4 2024/25,2025/01/08,Eskom Holdings SOC Ltd,"Supply and delivery of catering services for 200 days without load shedding
celebration at Medupi Power Station.",Mathandas 31 Water and Civil Construction,"R 3 99,050.00","As part of Eskom’s corner stones to recognize and reward employees, it’s imperative to have this
celebratory event to boost morale and further motivate employees to archive greater heights.
Furthermore, in the week starting 13 October 2024 to date, Medupi Power Station has managed to
return 3 Units to the National grid. On 17 October 2024 Medupi Power Station achieved an EAF of
74,6% which was second highest in the fleet.",2024/10/30,2024/10/30,2024/10/31
85,Q4 2024/25,2025/01/08,Eskom Holdings SOC Ltd,"Supply and delivery of catering services for 200 days without load shedding
celebration at Medupi Power Station.",Moretiyadi Construction and Project,"R 5 64,937.50","As part of Eskom’s corner stones to recognize and reward employees, it’s imperative to have this
celebratory event to boost morale and further motivate employees to archive greater heights.",2024/10/30,2024/10/30,2024/10/31
86,Q4 2024/25,2025/01/08,Eskom Holdings SOC Ltd,"Supply and delivery of catering services for 200 days without load shedding
celebration at Medupi Power Station.",Mashana Business Enterprise,"R 4 02,500.00","As part of Eskom’s corner stones to recognize and reward employees, it’s imperative to have this
celebratory event to boost morale and further motivate employees to archive greater heights.",2024/10/30,2024/10/30,2024/10/31
87,Q4 2024/25,2025/01/08,Eskom Holdings SOC Ltd,"Supply and delivery of catering services for 200 days without load shedding
celebration at Medupi Power Station.",Holtstra Trading and Projects,"R 4 23,487.50","As part of Eskom’s corner stones to recognize and reward employees, it’s imperative to have this
celebratory event to boost morale and further motivate employees to archive greater heights.",2024/10/30,2024/10/30,2024/10/31
88,Q4 2024/25,2025/01/08,Eskom Holdings SOC Ltd,The Maintenance of Weighbridge.,Treck Scale (Pty) Ltd,"R 6 ,842,914.00","Furthermore, in the week starting 13 October 2024 to date, Medupi Power Station has managed to
Majuba Power Station Weighbridge system is fitted with Metler Toledo branded products, this is
applicable for load cells, weigh modules, etc. The installed weighbridges are used for coal supply
payment as well as coal accounting process, thus their accuracy is of utmost importance, procuring
spares/services from any other Supplier (other than the OEM of an OEM approved Supplier) will
compromise the accuracy of the weighbridges and may lead to frequent breakdown of the
weighbridges. It should also be noted that diverting from OEM components would require the new
components to undergo intensive testing to prove its accuracy.",2024/12/10,2024/12/11,2027/12/10
89,Q4 2024/25,2025/01/08,Eskom Holdings SOC Ltd,The supply of unit 4 valves spares to Medupi Power Station.,AMK Steel and Suppliers (Pty) Ltd,"R 1 6,646,866.60",It is critical because it will affect unit RTS date.,2024/12/04,2024/12/09,2025/12/03
90,Q4 2024/25,2025/01/08,Eskom Holdings SOC Ltd,"Matimba-Marang 1 400kV Emergency Backstay of towers affected by illegal
mining",Melees Electrical (Pty) Ltd,"R 2 ,723,200.00","The Lines and Servitudes team spotted illegal chrome mining during aerial inspection of the Matimba-
Marang 1 400kV line on Friday 17 May 2024. Towers 423 stay anchors and 425 foundations were found
to have been affected and anchored on loose soil.
There was a risk to the power system as this is a critical line from Matimba Power Station. The Grid
engaged Lines Engineering Services (LES) to recommend an immediate action to avoid tower
collapse in the area should the affected foundations fail.
As a temporary immediate measure, the Grid has decided to backstay the affected towers to avoid
tower collapse. The Grid does not have concrete blocks, sledges, transportation and back-staying skills
for this task and is therefore requesting the approval of the emergency procurement process to
implement the temporary solution of back-staying the affected towers.",2024/06/08,2024/06/08,2025/01/31
91,Q4 2024/25,2025/01/08,Eskom Holdings SOC Ltd,Payments of all municipality bills for Transmission Southern Grids,Maluti-A-Phofung - FS Local,"R 5 75,000.00",Municipalities are the sole providers who render the service.,2024/12/05,2024/12/05,2029/12/05
92,Q4 2024/25,2025/01/08,Eskom Holdings SOC Ltd,"Software support and Maintenance of 100 TeamMate user licenses and
professional Services",Wolters Klower Tax,"R 4 ,159,008.87",Installed Base - Original Equipment Manufacturer (OEM). Group IT,2024/11/04,2024/11/28,2028/03/31
93,Q4 2024/25,2025/01/08,Eskom Holdings SOC Ltd,"A legal opinion on NTCSA MYPD6 application, Board Fiduciary duty and
related matters",Cliffe Dekker Hofmeyr Inc,"R 3 15,353.00","The NTCSA Board approved NTCSA’s MYPD application which was submitted to Eskom for inclusion
as part of Eskom’s MYPD application for FY26-28. The Board of Eskom has not approved NTCSA tariff
application and has imposed the tariff to be applied for by NTCSA. The Board is concerned that the
application does not adequately cater for NTCSA’s financial sustainability and may lead to a shortfall in
revenue which may prevent NTCSA from implementing the TDP and its mandate. The Board is further
concerned that it is not enabled to exercise its fiduciary duties.
Due to the environment that the Board operate at, a legal opinion is required ,especially where Board
is not enabled to exercise its fiduciary duty and the financial state of the company may be
compromised.",2024/12/11,2024/12/11,2024/12/17
94,Q4 2024/25,2025/01/08,Eskom Holdings SOC Ltd,"Works to temporarily backstay Tower 95 & 96 on the Kriel Tutuka 400kV
line as detailed in the scope work.",Melees Electrical Lines,"R 2 ,429,423.37","On 8th of August 2024 an emergency situation arose at Kriel Tutuka 400kV Line Tower 96. The North
East Grid employees discovered that one of the stays on the guy foundations on tower 96 on the Kriel
Tutuka 1 400 kV line has pulled out. There was corrosion on the mast.
If the emergency materialised, one / more of the following threats to the NTCSA business were likely to
arise within 24-48 hours .",2024/12/17,2024/12/17,2024/12/31
95,Q4 2024/25,2025/01/08,Eskom Holdings SOC Ltd,Payments of all municipality bills for Transmission Southern Grids,Maluti-A-Phofung - FS Local,"R 5 75,000.00",Municipalities are the sole providers who render the service.,2024/12/05,2024/12/05,2029/12/05
96,Q4 2024/25,2025/01/08,Eskom Holdings SOC Ltd,Maintenance on various transformers for Matla,Prest Business Suppliers,"R 2 ,684,645.02","On 8/11/2024 an urgent situation arose at Matla Strategic Spare Store. This is due to the need of
Strategic Spares where there was a failure that urgently required a Spare at Proteus Substation.
NTCSA had to deliver the spare parts urgently.",2024/12/05,2024/12/05,2024/12/09
97,Q4 2024/25,2025/01/08,Eskom Holdings SOC Ltd,Maintenance on various transformers for Garona,Solid Wedge Systems,"R 4 93,939.49","On 8/11/2024 an urgent situation arose at Garona Substation. his is due to the need of Strategic
Spares where there was a failure that urgently required a Spare at Proteus Substation. NTCSA had to
deliver the spare parts urgently.",2024/12/10,2024/12/10,2024/12/12
98,Q4 2024/25,2025/01/08,Eskom Holdings SOC Ltd,"Site sharing agreements between NTCSA Telecommunications and IHS
Towers South Africa (Pty) Ltd in various IHS radio high sites to install
NTCSA Telecommunications antennas, lease land space and auxiliary
services",IHS Towers South Africa,"R 1 6,166,159.50","Telecoms contracts for the payment of rental space and use of access roads on the various service
providers Site Towers to enable Eskom SOC Ltd to fulfil its mandate to deliver electricity around South
Africa and neighbouring countries.",2024/08/30,2024/10/22,2029/10/21
99,Q4 2024/25,2025/01/08,Eskom Holdings SOC Ltd,"Site Sharing agreements with Transnet SOC Ltd for various Transnet radio
high sites",Transnet SOC Ltd,"R 1 4,122,339.54","Telecoms contracts for the payment of rental space and use of access roads on the various service
providers Site Towers to enable Eskom SOC Ltd to fulfil its mandate to deliver electricity around South
Africa and neighbouring countries.",2024/05/21,2024/07/01,2028/09/30
100,Q4 2024/25,2025/01/08,Eskom Holdings SOC Ltd,"Supply and delivery of Critical Conveyor Spares for a period of 12 months
on an as and when required.",Bhese Bhese Investments,"R 5 6,588,050.00","The coarse ash is pumped from the ash sumps to the top of the hydro bins into the launder distributor
which can be rotated to discharge into any of the four Hy robins. These 4 Hydro bins (11 to 14) are
used to receive and discharge boiler bottom ash from the units to the 30-series conveyors via 20 series
conveyors. The frames troughing, return idlers and conveyor pulleys are critical to the availability of 20
and 30 series conveyors. The slurry plant cannot be able to discharge the hydro bins if the
aforementioned components are defective or damaged. This will result in the dumping of the hydro
bins on the floor with very high clean-up costs and environmental contravention with very high penalties
to Eskom.",2024/12/09,2024/12/11,2025/12/10
101,Q4 2024/25,2025/01/08,Eskom Holdings SOC Ltd,C & I Module Repairs,Okwamantungwa (Pty) Ltd,"R 2 6,722,396.46","All the modules have been obsolete, they have been sent for repairs over the years and we now
currently have zero stock at stores. We need modules to be repaired to ensure our DCS are in a
healthy status and reliable. The DCS are operating on Ash, Coal and water treatment plant and
currently we do not have spares hence they need to be repaired.",2024/12/11,2024/12/12,2025/04/30
102,Q4 2024/25,2025/01/08,Eskom Holdings SOC Ltd,Supply of x3 3BHE066202R0203 SYN 6202-0203 Synchroniser,ABB South Africa (Pty) Ltd,"R 1 ,077,195.80","The situation arose because of a previous failure we had and we could only find a spare from Peaking.
The plan is to replace 2 units with this new type to have 2 old synchronisers as spares. One new
synchroniser will be kept as a spare for the new type. The old synchronisers characteristics changed
dramatically over the years (out of specification) and we could be forced to replace them all. The
replacement of the generator protection scheme project will eliminate all the risks eventually.",2024/12/12,2024/12/12,2024/12/12
103,Q4 2024/25,2025/01/08,Eskom Holdings SOC Ltd,FGD onsite Service &Valves Refurbishment.,KSB Pumps and Valves,"R 5 16,822,819.79","The Supplier (OEM) is required supply the FGD KSB pumps and valves as well as all their spare parts.
The Supplier is to supply items which are both catalogued and uncatalogued.",2024/12/12,2024/12/12,2029/06/30
104,Q4 2024/25,2025/01/08,Eskom Holdings SOC Ltd,Urgent Contract for procurement of Critical Outage Spares.,Jikelele Support Services,"R 5 0,326,633.10","The unavailability of the spares will render the whole ash and dust plant unavailable and this will lead to
load losses as the units will trip. The request to purchase these spares will prevent this from
happening and improve the availability and reliability of the plant. The availability of the spares is of",2024/12/04,2024/12/12,2025/12/11
105,Q4 2024/25,2025/01/08,Eskom Holdings SOC Ltd,Repair of Pumps.,Barrage Pipes,"R 4 ,312,500.00","Currently we have five units on load and there is no spare pump available at stores should we suddenly
encounter a pump failure. We risk overflowing the atmospheric tanks which will in turn impact our low-",2024/12/13,2024/12/13,2024/12/23
106,Q4 2024/25,2025/01/08,Eskom Holdings SOC Ltd,Lift maintenance.,Schindler Lifts South Africa,"R 3 88,761.55","Maintenance department has an obligation to provide safe and operational lifts to Eskom Employees.
Failing to provide this service will result in employees being unhappy and will lower the moral of the",2024/12/17,2024/12/17,2025/02/28
107,Q4 2024/25,2025/01/08,Eskom Holdings SOC Ltd,Milling plant recovery services.,Mitsubishi Power Africa,"R 2 12,442,441.45","Kusile Power Station has beeemn peqlouyiepepse,d t hwisit hc ovuelrdt icaalsl os pbien dal es aLfMetPy Sc o2n6c5e rmn.ills which requires on and off
line maintenance to be executed to ensure availability and reliability of the plant. It is agreed that a sole",2024/12/11,2025/01/13,2025/03/31
108,Q4 2024/25,2025/01/08,Eskom Holdings SOC Ltd,Procurement of Unit 6 Recovery Spares.,Simotech,"R 2 ,697,099.60","On 3 November 2024, Kriel Power Station succumbed to a fire incident at unit 6, the fire has caused
significant damage to the turbine and boiler’s electrical and instrumentation systems, which must be",2024/12/10,2024/12/13,2025/02/28
109,Q4 2024/25,2025/01/08,Eskom Holdings SOC Ltd,Procurement of Unit 6 Recovery Spares.,Khutsokwenzo Trading & Projects,"R 1 3,111,035.00","Ofnu 3lly N reosvteomrebde rto 2 m02e4e, tK orpieelr aPtoiownearl Ssttaantidona rsdusc. c Tuhmisb ewdo rtok aw iflilr ee ninscuirdee tnhte a ttu urbniitn 6e, athned fbiroei lehra sis c saaufsee, d
significant damage to the turbine and boiler’s electrical and instrumentation systems, which must be",2024/12/10,2024/12/17,2025/01/31
110,Q4 2024/25,2025/01/08,Eskom Holdings SOC Ltd,"Removal, replace & commission main Turbine Fire Protection Snooper
Pipes and Fittings.",Ordained Trading,"R 1 ,874,488.50","Unfiut l6ly i sre osftfo dreude ttoo ma beeret aokpdeorwatnio annadl s itta ins dimarpdosr.t a Tnht itso weoxprke dwiitlel eanlls suprea rtehse rteuqrbuiinreed a snod tbhoaitl ethr iiss usnaifte c, an
be bought back online in the shortest time possible. 475 MW has been taken off the grid due to this
breakdown, failure to bring this unit back could contribute not only to Eskom burning diesel but can be a",2024/09/12,2024/12/15,2024/12/31
111,Q4 2024/25,2025/01/08,Eskom Holdings SOC Ltd,"The Provision of refurbishment of pumps, supply of valves and critical
spares for Grootvlei Power Station.",KSB Pumps and Valves,"R 1 44,064,930.89","Maintenance department sees a need to refurbish EFP(electric feed pump)and supply of valve spares
as the Station has been granted 4 years to continue with production. There are currently three(3)
pumps that need to be refurbished awaiting at stores. The Station is currently at risk as there's only 1",2024/12/11,2024/12/13,2029/11/16
112,Q4 2024/25,2025/01/08,Eskom Holdings SOC Ltd,"K1 – K3 Oxy blowers repair, install, service and commissioning.",Howden Africa (Pty) Ltd,"R 2 4,942,918.34","The contract for five years is on the negotiation stage and the repairs for the oxy blowers needs to take
place before the unit is back on outages.",2024/12/18,2024/12/18,2025/03/31
113,Q4 2024/25,2025/01/08,Eskom Holdings SOC Ltd,Security contract for one month.,Huntrex 116,"R 7 9,810.00","Eskom Property was unoccupied and at risk due to illegal occupancy and threats to vandalism.
Therefore it was necessary to require services to protect and apply security measures to mitigate and
prevent risk on property.",2024/12/18,2024/12/31,2024/12/31
114,Q4 2024/25,2025/01/08,Eskom Holdings SOC Ltd,Supply and delivery of Fleet.,Sahara Fleet and Logistics (Pty) Ltd,"R 1 2,374,710.40","The need for these urgent vehicles cannot be met through standard bidding process due to time
constraints hence it is not feasible to conduct a competitive bidding process. The lead time for delivery
may also exceed the time available before the deadline of 31 March 2025.",2024/12/17,2025/03/31,2025/03/31
115,Q4 2024/25,2025/01/08,Eskom Holdings SOC Ltd,Supply and delivery of T1A and T1B grid coupling sets.,Ratamang Engineering and Supplies,"R 6 14,855.55","On 5 December 2024 an urgent situation arose at Matimba Power Station due toT1A low speed
coupling failure and as a result the conveyor is not available. The Station is currently relying on T1B",2024/12/19,2024/12/23,2025/01/31
116,Q4 2024/25,2025/01/08,Eskom Holdings SOC Ltd,Supply and Delivery of Novilon for Unit 1 GO.,Kamookgo Trading (Pty) Ltd,"R 3 72,600.00",The initial order was cancelled and the items are required for Unit 1 which is currently on outage.,2024/12/18,2024/12/18,2024/12/20
117,Q4 2024/25,2025/01/08,Eskom Holdings SOC Ltd,"Supply and deliver of fabricated base plates as per drawing, manufacturing
of dipper plates SSC.",Steinmuller Africa,"R 3 ,898,635.70","On 18 November 2024 an urgent situation arose at Kusile Power Station unit 1 and 3. The situation
arose as a result of Equipment failure which must be attended to during the next coming outage.",2024/12/17,2024/12/23,2025/02/10
118,Q4 2024/25,2025/01/08,Eskom Holdings SOC Ltd,"Supply, deliver, install, and monitor the Security System (CCTV) at Kriel
stores.",Ams Haden Instrument and Mining,"R 1 9,857,072.84","The neeEd sfokor mth eh aPsr oinccuurerrmeden lot aodf S loescsueristy a Sndys utenmit t(rCipC dTuVe) t oo riingginraetsess o ffr oamir iPnrtoo jtehcets b Doielepra ortnm Ke3n.t at Kriel
Power Station and as a result, the Station facing risk due to the stores not having a access control or
monitoring system.",2024/12/18,2024/12/18,2025/04/18
119,Q4 2024/25,2025/01/08,Eskom Holdings SOC Ltd,Claims Consulting Services at Nuclear Operation Unit.,Capic SA,"R 3 3,324,654.00","Due to the urgent need from the NOU a decision was made to allow the NOU to utilise the Corporate
Panel for their short-term needs and CAPIC. CAPIC was awarded a task order from the panel to",2024/11/29,2024/12/09,2027/09/08
120,Q4 2024/25,2025/01/08,Eskom Holdings SOC Ltd,Technical fault finding for coolant.,Man Energy Solutions South Africa,"R 1 ,338,180.48","The diesel was identified as currently in operatable and the assistance of Man Energy Solutions was
sought to resolve the concern.",2024/12/14,2024/12/14,2024/12/31
121,Q4 2024/25,2025/01/08,Eskom Holdings SOC Ltd,Urgent Contract for the Matla Power Station fence security monitoring.,Moribula Investment Solution (Pty) Ltd,"R 2 5,977,092.83","There is no security monitoring installed around the perimeter fencing for Matla Power Station and is
currently in a substandard condition and requires attention. This discrepancy has allowed trespassers",2024/12/10,2024/12/12,2025/12/11
122,Q4 2024/25,2025/01/08,Eskom Holdings SOC Ltd,Refurbishment of various sizes of Pulleys spares.,Mthembt Precision Engineering,"R 2 2,810,724.77","The need for the refurbishment of spares originates from the risk of when the spares are not available
as per the original plant expectation, it is of good knowledge that it will cause multiple unit trips or load",2024/12/12,2025/01/13,2025/03/31
123,Q4 2024/25,2025/01/08,Eskom Holdings SOC Ltd,Medupi Power Station Mill Overhaul with Spares,Enflotech (Pty) Ltd,"R 2 09,029,686.75","Currently at Medupi Power Station we have five mills that are overdue for overhaul service, with the
other five approaching with approximately 1000 hours away from being overdue. This totals 10 mills
(40% excluding Unit 4). This puts a massive risk on the Station's overall performance. Based on
experience, it is expected that the Station EAF can well plummet below 60% by March 2025 if the mill
overhaul services are not urgently prioritized through the placement of an urgent order to execute
overdue overhaul services by 13 December 2024 earliest.",2024/12/18,2025/01/01,2025/12/31
124,Q4 2024/25,2025/01/08,Eskom Holdings SOC Ltd,Supply and delivery of normal and critical spares for U1 MO - Boiler Tubes.,Babcock Ntuthuko Engineering,"R 6 47,477.60","On 10 December 2024 an urgent situation arose at Matimba Power Station in Outage Management.
The situation arose after inspection. Issuing of the tender following the informal route will affect the
execution progress of Unit 1 MO as it is currently on outage. The spares in question are not yet in the
contract driven by SP2 project and therefore will not support the execution of the outage as the
estimated placement is late 2025 and the execution completion date of the outage is on 28 February
2025. It is for these reasons that this request is made to procure the spares as quickly as possible to
support execution of the boiler scope.",2024/12/19,2024/12/23,2025/02/28
125,Q4 2024/25,2025/01/08,Eskom Holdings SOC Ltd,"Repair of EME 200/200 Fire Pump, Pump Type: UNK, 10041251.",Sulzer Pumps South Africa,"R 1 ,492,442.40","On 4 December 2024 an urgent situation arose at Duvha Power Station. The situation arose as a result
of shortage of fire pumps due to repairs.",2024/12/19,2024/12/19,2025/02/24
126,Q4 2024/25,2025/01/08,Eskom Holdings SOC Ltd,U3 GO Refurbishment of Turbine Bellows.,South African Compensators (Pty),"R 2 ,289,255.25","Long/lead time delivery. The bellows are required for the return of the units. If the units are not
returned to service it could result in load shedding.",2024/12/19,2025/03/03,2025/04/14
127,Q4 2024/25,2025/01/08,Eskom Holdings SOC Ltd,"Provision of Maintenance and engineering services at Grootvlei Power
Station including Vaal dam pump station for distributed control system.",Honeywell Automation and Control System,"R 1 9,389,465.77","The need for the provision of maintenance and engineering service is due to optimum operation,
availability and safety of Honeywell control system installed.",2024/12/19,2024/12/19,2027/05/17
128,Q4 2024/25,2025/01/08,Eskom Holdings SOC Ltd,"Renting of long arm excavators, ADT Trucks and Front-End Loaders",Sandleni Investments,"R 1 7,466,429.93","There is currently an excessive inflow of Ash water from Tutuka Power Station into the dirty water dam.
Additionally, the screw pump has been turned off due to the silted-up ash sedimentation ponds. A
sonar survey conducted in January 2024 indicated 26024 m3 of sludge build up in the dirty water dam
and additional 20000 m3 at the ash sedimentation ponds. An appointed short term Supplier is currently",2024/12/12,2024/12/15,2025/04/01
129,Q4 2024/25,2025/01/08,Eskom Holdings SOC Ltd,Supply and delivery of C & I spares.,Kwenzamakhuze (Pty) Ltd,"R 2 2,995,793.63","We need to sock up our stores with spares for Ash and Coal plant while we are busy with the
placement of the spares contracts. The process of it is currently with Qs stage and second contract is
on scope development . We need to have spares on site ASAP so that we can be able to do proper",2024/12/19,2025/06/26,2025/06/26
130,Q4 2024/25,2025/01/08,Eskom Holdings SOC Ltd,"Renting of long arm excavators, ADT Trucks and Front-End Load.",Sthebu Holdings,"R 1 9,468,350.00","There is currently an excessive inflow of Ash water from Tutuka Power Station into the dirty water dam.
Additionally, the screw pump has been turned off due to the silted-up ash sedimentation ponds. A
sonar survey conducted in January 2024 indicated 26024 m3 of sludge build up in the dirty water dam",2024/12/12,2024/12/15,2025/04/01
131,Q4 2024/25,2025/01/08,Eskom Holdings SOC Ltd,Refurbishment of Spares.,Blue PS (Pty) Ltd,"R 1 0,762,275.00","Around 6 August 2024 an urgent situation arose at Majuba Power Station. The situation arose as a
result that most maintenance spares start failing in a high number and the normal refurbishment
process it takes a bit, hence MM and the end-user reach some consensus to consolidate all damages",2024/12/04,2024/12/20,2025/03/31
132,Q4 2024/25,2025/01/08,Eskom Holdings SOC Ltd,Installation of new ENS pipes.,RP Business Enterprise,"R 4 4,343,247.90","On 10 October 2024 an urgent situation arose at Kusile Power Station. The situation arose as a result
of ENS line that started developing leaks on a lot of areas which is an issue since the leaks are leaking",2024/12/12,2025/02/15,2025/02/15
133,Q4 2024/25,2025/01/08,Eskom Holdings SOC Ltd,Cooling towers 5 and cleaning and replacement of nozzles,Industrial Cooling Towers,"R 9 42,225.36","TBC, buyers on leave",2024/12/18,2024/12/18,2024/03/30
134,Q4 2024/25,2025/01/08,Eskom Holdings SOC Ltd,Supply and Delivery of Lubricants at Duvha Power Station,BP Southern Africa,"R 1 8,828,385.93","This urgency arose due to unplanned/unprepared defects/breakdowns in the plant resulting from the
plant contaminating oil and spillages which could not be pre-empted prior.",2024/12/20,2024/12/20,2025/07/31
135,Q4 2024/25,2025/01/08,Eskom Holdings SOC Ltd,Supply and deliver inner ash hopper door spares.,Babcock Ntuthuko Generation,"R 4 65,155,220.00","The inner doors of the ash hoppers provide a seal between the boiler bottom (coarse) ash hopper and
the environment. The condition of these doors has deteriorated over the years and their functionality has
been severely compromised. This results in the inner doors being unable to form the required seal
between the boiler and the atmosphere. The effects of this are extensive and dire.
With the inner doors being unable to form a seal, water from the ash hoppers perpetually leak through
the inner doors and flow into the ash pump pit, where it is transferred to the ash dam. This excess water
compromises the stability of the ash dam and has the potential to collapse the dam. Should this occur,
the probability of shutting down the power station is not unrealistic.
Excess water into the ash plant is a significant contributor to the overall unreliability of the ash plant.
The unreliability of the ash plant is regarded as the number one risk of the power station. Urgently
procuring new ash hopper inner doors is an effective treatment of the risk that excess water in the ash
plant systems poses.",2024/12/19,2024/12/20,2025/03/20
136,Q4 2024/25,2025/01/08,Eskom Holdings SOC Ltd,Supply and delivery of Various spares for Various critical commodities,Mavrox Plant Hire (Pty) Ltd,"R 5 2,305,120.21","Currently, we have low stock of items related to the following critical parts: Sootblowers, seals, valves,
pipes, and filter spares. In some cases, the system shows stock availability while there is none on the",2024/12/20,2024/12/20,2025/01/31
137,Q4 2024/25,2025/01/08,Eskom Holdings SOC Ltd,Kusile Power Station K1 to K3 Rubber Lining Repair SOW,Furnish Flow Trading & Projects,"R 3 2,892,380.19","TBC, buyers on leave",2024/12/12,2024/12/17,2024/12/31
138,Q4 2024/25,2025/01/08,Eskom Holdings SOC Ltd,"Supply, Delivery and installation of OV1 CHUTE SCOOPS",Rula Bulk Materials Handling Pty Ltd,"R 1 ,696,719.76","There is currently a challenge with OV1 misalignment which is cause by the build ups on the belt feeder
chutes 1 &2. Since the chute's fabrication and replacement of new tiles, we have experiencing the",2024/12/19,2024/12/20,2025/01/31
139,Q4 2024/25,2025/01/08,Eskom Holdings SOC Ltd,"The for Ash and coal recovery project for Arnot Power Station for a period
of 12 months","African Commodity Handling (Pty) Ltd (Reg No.
2014/219514/07","R 4 2,136,648.84","The recommendation to engage African Commodity Handling Projects (ACHP) for the refurbishment of
the ash handling plant and coal plant is motivated by several key factors. The main motivational reason
for recommending ACHP to continue with the execution of the remaining scope is to prevent potential
guarantee and warranty-related issues that may arise in the future. If we choose a different company to
complete the remaining scope, their work may overlap with that of ACHP, leading to confusion when
defects arise. It could become a challenge to determine which company should be held responsible for
addressing the defects. Thus, allowing ACHP to execute the remaining scope minimizes the likelihood
of misunderstanding the completed works and objectives and eliminating the possibility of blame
shifting. In addition, ACHP is still under the 52-week defect notification period, and they have not done
site disestablishment. Thus, logistically, they can easily continue with the outstanding scope.
Furthermore, we are not only recommending ACHP just because they were executing the urgent
purchase scope. We believe that they have done satisfactory work under the challenges faced and they
are a competent contractor.",2024/12/13,2025/01/13,2026/01/12
140,Q4 2024/25,2025/01/08,Eskom Holdings SOC Ltd,FGD K1-K3 Absorber painting & corrosion,Mjongeni Group,"R 3 2,964,750.00","TBC, buyers on leave",2024/12/17,2024/12/17,2025/12/31
141,Q4 2024/25,2025/01/08,Eskom Holdings SOC Ltd,"Supply and refurbishment for all LOESCHE coal grinding mill components
LM 26-30 D type spares installed at Duvha Power Station Unit 5 and 6.",Loesche South Africa (Pty) Ltd,"R 6 2,105,217.48","Sole Source supplier for Duvha Power Station coal grinding mill
components LM 26-30 D type spares",2024/11/28,2024/12/17,2029/12/16
142,Q4 2024/25,2025/01/08,Eskom Holdings SOC Ltd,"Supply of vertical spindle mill rotating throats, ledge covers, mill feeder
drives (gearbox, motor, electrical shearing pin, and pulleys) installed at",Enflotech (Pty) Ltd,"R 6 1,326,391.32","Sole Source supplier for Duvha Power Station Milling Plant spares supply
and refurbishment",2024/11/28,2024/12/17,2029/12/16
143,Q4 2024/25,2025/01/08,Eskom Holdings SOC Ltd,"Duvha Power Station
Supply and delivery of various valves",New Frontier Industrial,"R 2 6,433,281.23","The required spares are required to ensure that the station meets FGD reconnection and units return to
service dates after scheduled upcoming outages. These spares are critical to ensure successful
reconnection of unit 1,2 & 3 back to the FGD as per emissions license requirements.
The spares required are critical components that enable the FGD absorber to function and without
which the plant cannot run which then accelerates the risk of load shedding.",2024/11/28,2024/12/18,2025/02/25
144,Q4 2024/25,2025/01/08,Eskom Holdings SOC Ltd,Repairs and delivery of valves K1 - K3 FGD,Limakwe Construction Pty Ltd,"R 1 3,894,522.99","The units are to be expected to be reconnected to the FGD by 31 March 2025 with unit 1 going on
outage from 11 December 2024 to 25 January 2025 and the spares required are long lead items from
overseas which need to be ordered in advance to afford the suppliers sufficient time to manufacture
and deliver to site. Unit 2 will be going on outage after U3, and it is expected back on load by 22 March
2024 and lastly unit 1 will go on outage 31 March 2025.",2024/12/19,2024/12/19,2025/01/31
145,Q4 2024/25,2025/01/08,Eskom Holdings SOC Ltd,Supply and delivery of various FGD tanks agitators spares.,Ekato South Africa Pty Ltd,"R 2 9,088,203.49","Kusile Power Station has adopted a Wet Flue Gas Desulphurisation (WFGD) technology which is used
to reduce the Sulphur emissions discharged from the boiler flue gas. A separate WFGD system
(absorber) is provided for each unit. The WFGD plant is the first of its kind in the Eskom Fleet and the
country.",2024/12/23,2024/12/23,2025/03/31
146,Q4 2024/25,2025/01/08,Eskom Holdings SOC Ltd,Procurement of the Piping and Elbows for Unit 1 MO,Merafe Steel Supply,"R 8 ,102,362.19","The situation arose because the funds to procure the spares were released late and led to limited time
for planning as per PCM. The spares in question are not yet in the contract driven by SP2 project and
therefore will not support the execution of the outage as the estimated placement is late 2025, and the
execution completion date of the outage is on 28th of February 2025.",2024/12/24,2024/12/24,2025/01/31
147,Q4 2024/25,2025/01/08,Eskom Holdings SOC Ltd,"The installation of high-speed on-board weigh in motion system on 500
trucks on Non-CAS power stations",Watericon,"R 8 7,745,000.00","The demin mobile reverse osmosis plant is required urgently to assist with the mitigation of the items
below. Matla is operating with high demin water consumption due to various leaks experienced in the
generating unit in November 2024,the consumption levels showed an increase from the average of 230
m3/hour to the average of 300 m3/hour. The technical team has conducted various plant walks and
identified water leaks with some that can be repaired on load and others requiring outage and long lead
spares to repair(i.e. Boiler safety valves spring packs). On demin water production side ,Matla has
three demin producing trains, two of the trains (train 1 & 3 have recently been refurbished in year 2023
Due to high water consumption on the units, the demin producing trains refurbishment project was
accomplished through the hiring of the Mobile RO plant which assisted to produce demin water from
raw water while the trains were out for refurbishment. The immediate mitigation for an increased demin
water consumption is to increase demin water production to matc the consumption demand. Matla
demin water production trains have several defects which limits the trains from increasing the
production rate to match the increased consumption this limitation exposes the station to a risk of
reduction losses due to demin water shortages. Matla needs to immediately address the following
defects to improve the production capacity of the trains. Repair demin train 3 floor which is causing flow
to the ,maximum of 160m3/hour, repair the sand filter which are observed to be restricting the flow of
demin water, implement permanent repairs on the cation vessel 2 the vessel is currently operated with
temporary repairs",2024/12/18,2024/12/30,2025/12/31
148,Q4 2024/25,2025/01/08,Eskom Holdings SOC Ltd,"The Supply of containerized microgrids including the sourcing of materials
for LimLanga Cluster - on ""an as and when required"" basis for twelve (12)",Eskom Rotek Industries SOE,"R 2 3,408,429.78","Distribution Division has been given a mandate to manufacture and assembly containerised microgrids
for deployment to various Eskom Operating Units. A total of 33 units needs to be ready and",2024/11/21,26/11/2024,25/11/2025
149,Q4 2024/25,2025/01/20,Eskom Holdings SOC Ltd,EtaPRO Software License Support and Maintenance,Toshiba International Europe Ltd,"R 7 2,872,060.70","Toshiba is the owner of the EtaPRO product Suite. EtaPRO LLC, a wholly owned subsidiary of Toshiba,
and is the sole supplier of the EtaPRO™ software suite of technologies, including but not limited to",2024/12/13,2028/01/06,2028/01/07
150,Q4 2024/25,2025/01/20,Eskom Holdings SOC Ltd,"KRN, MAXIMO and CC&B Hardware",IBM South Africa (Pty) Ltd,"R 1 25,642,540.66","IBM is the OEM for hardware that is currently deployed to run OVS, Maximo and CC&B.",2024/12/31,2024/12/31,2027/12/01
151,Q4 2024/25,2025/01/20,Eskom Holdings SOC Ltd,"Strip, assess and quote on K1 – K3 FGD, repair/refurbish the agitators and
install support for agitators.",Ekato South Africa (Pty) Ltd,"R 5 ,332,796.17","The FGD plant is equipped with both vertical and side entry type agitators where Ekato is the OEM.
The FGD absorber system is regarded as level 1 plant due to the necessity to remove hazardous",2024/11/21,2024/12/23,2025/02/28
152,Q4 2024/25,2025/01/20,Eskom Holdings SOC Ltd,Ingula Grid code Testing Unit 1-4.,Voith Hydro GMBH,"R 4 ,851,327.27",Voith Hydro is the OEM and IP owner for the systems within Peaking Generation.,2024/12/31,2025/01/01,2025/12/31
153,Q4 2024/25,2025/01/20,Eskom Holdings SOC Ltd,Strip & assess air compressor.,Ingersoll-Rand (Pty) Ltd,"R 3 50,796.00",Ingersoll Rand is OEM.,2025/01/06,2025/01/06,2025/01/31
154,Q4 2024/25,2025/01/20,Eskom Holdings SOC Ltd,Unit 1 & 2 Milling Plant Maintenance Services.,Enflotech (Pty) Ltd,"R 2 2,220,268.67","Mills maintenance is crucial for the continuation for the Station performance and ensuring no UCLF
from Milling plants.",2024/12/30,2025/01/01,2025/04/01
155,Q4 2024/25,2025/01/20,Eskom Holdings SOC Ltd,"The Provision of Maintenance Services, Supply and refurbishment of
Electromechanical Actuators for Medupi power Station for a period of 60
Months.",Auma South Africa (Pty) Ltd,"R 1 28,032,658.50","The Auma Electro-Mechanical Actuators encompass the majority install base of all actuators at Medupi
Power Station. These actuators are manufactured in Germany, where Auma South Africa (Pty) Ltd is
sole distributor of Auma actuators in the country. Auma South Africa (Pty) Ltd has the capacity,
knowledge and sole ability to provide training, repairs, spare parts, testing and conduct cold / hot",2024/10/10,2024/12/01,2029/11/30
156,Q4 2024/25,2025/01/20,Eskom Holdings SOC Ltd,Supply of DCS spares.,GE Power Services (Pty) Ltd,"R 2 1,019,497.03","Supply of spares for the restoration of Medupi Power Station, Unit 4 (Recovery Project). OEM.",2024/11/07,2024/12/17,2025/07/16
157,Q4 2024/25,2025/01/20,Eskom Holdings SOC Ltd,Supply of Generator spares (Pedestals and Diffusor).,GE Power Services (Pty) Ltd,"R 1 0,395,559.92","Supply of spares for the restoration of Medupi Power Station, Unit 4 (Recovery Project). OEM.",2024/11/11,2024/12/17,2025/07/16
158,Q4 2024/25,2025/01/20,Eskom Holdings SOC Ltd,"U5 GO, U4 IR, U6 IN Outages Dec 2024 – Feb 2025. Surface Cleaning
Boiler Pressure Parts, Turbine Piping & Chests, HP Piping & Headers,
Turbine & Boiler Aux systems, Boiler Tube Solo, Header & Integral Piping.",Honestytrade40 CC,"R 6 ,555,228.23","Placement of order for U5 GO, U4 IR & U6 IN Outages is crucial, to ensure that work can commence as
soon as these Units are shut down. Various other suppliers are depending on these activities to be
completed, before they can commence with their respective SOW. If this supplier is not ready to start
when Units Shutdown, it can cause severe delays and standing time costs to Duvha.",2024/12/31,2025/01/07,2025/03/31
159,Q4 2024/25,2025/01/20,Eskom Holdings SOC Ltd,Supply of total Lubrication Services.,BNP Industrial Services (Pty) Ltd,"R 2 8,683,268.26","Lubrication services contract at Kusile Power Station were put on hold by the order of the high court
due to legal dispute initiated by one supplier who had tendered to provide such services and was not
successful. As a result, the Station finds itself in a situation whereby it can’t enter into another long-term
agreement with other service providers until the issues in the dispute are resolved. It is based on the
afore mentioned issues that the Station seeks to appoint a contractor who will render these services on",2025/01/06,2025/01/01,2025/12/31
160,Q4 2024/25,2025/01/20,Eskom Holdings SOC Ltd,Schedule maintenance of weighbridges.,Trek Scale Company (Pty) Ltd,"R 1 ,125,815.50",Trek Scale is the OEM.,2024/12/31,2025/01/31,2025/01/31
161,Q4 2024/25,2025/01/20,Eskom Holdings SOC Ltd,The provision of Electrical staff.,Zufi Engineering (Pty) Ltd,"R 3 ,279,866.13","The provision of Electrical staff to execute the Unit 1-3 FGD recovery scope of work at Kusile Power
Station. It is essential to acquire these resources to support the return to service of the Unit 1-3 FGD",2024/12/17,2024/12/27,2025/03/25
162,Q4 2024/25,2025/01/20,Eskom Holdings SOC Ltd,Supply and delivery of Pipes.,Moneysure (Pty) Ltd,"R 3 ,397,751.82","Absorbers. The human resources being acquired are necessary to ensure that the Station meet FGD
The outage is now in February and we don't have the spares to execute the outage.",2024/12/24,2024/02/01,2025/11/28
163,Q4 2024/25,2025/01/20,Eskom Holdings SOC Ltd,"Supply and delivery of various Turbine Auxiliary and Generator Auxiliary
Spares for Unit 3 IN Outage.",Mabsco Solutions,"R 5 ,140,234.35","On 18 November 2024 an urgent situation arose at Kusile Power Station unit 3 Feed heating
Condensate systems, due the unavailability of Spares for the upcoming unit 3 IN Outage. The situation",2024/12/17,2024/12/27,2025/01/17
164,Q4 2024/25,2025/01/20,Eskom Holdings SOC Ltd,Mill plant maintenance.,Steinmuller Africa,"R 4 6,327,756.95",Long term contract taking long to be placed risking the milling plant to fail and lead to electricity supply.,2025/01/03,2025/01/08,2025/06/30
165,Q4 2024/25,2025/01/20,Eskom Holdings SOC Ltd,"Urgent Procurement contract for ash plant reducer pipes, Pulleys and
flanges for a period of 12 months.",Mastertech Engineers,"R 5 3,605,295.00","The urgency emanates from outage readiness, Matla is currently busy with the long term contract of
these spares.",2024/12/10,2024/12/24,2025/12/23
166,Q4 2024/25,2025/01/20,Eskom Holdings SOC Ltd,"Urgent contract for the procurement of outage spares for a period of 12
months.",Ntadosh Projects,"R 1 6,770,845.60","The urgency for the procumbent of these items materialised from the high failures experienced in the
slurry plant.",2024/12/17,2024/12/23,2025/12/22
167,Q4 2024/25,2025/01/20,Eskom Holdings SOC Ltd,Urgent Procurement of Piggybacking extendable conveyor extensions.,Rula Bulk Materials Handling,"R 1 1,473,173.63","On 25 October 2024 an urgent situation arose at Matimba Power Station. Matimba is currently busy
with the process known as piggybacking. The process entails increasing the height of the Ash Disposal",2025/01/06,2025/01/13,2025/02/28
168,Q4 2024/25,2025/01/20,Eskom Holdings SOC Ltd,Supply and delivery of Pump Centrifugal:1 M;245 M3/HR;20 M;100 MM;1,Xylem Water Solutions SA Sensus,"R 9 25,158.90","The enquiry went on reverse e-Auction after the technical evaluations, all invited suppliers were able to
log in to the portal, but some did not bid and stated that base prices already bid by other bidders were
not realistic and below market rates. The ones that did bid returned the confirmation of last bid with
higher prices than the prices that they had bid on the reverse e-Auction platform which then disqualifies
them as they had then increased their prices.",2024/12/20,2024/12/20,2025/01/06
169,Q4 2024/25,2025/01/20,Eskom Holdings SOC Ltd,"Supply and delivery of Yokogawa Boiler combustion control and FFFR
requirement equipment.",Yokogawa South Africa (Pty) Ltd,"R 6 ,577,478.76","Yokogawa South Africa is sole supplier for the parts and or/systems Boiler 02 control system used at
Camden Power Station. As such, they are the only company in South Africa who are responsible for all",2024/12/23,2024/12/23,2025/06/23
170,Q4 2024/25,2025/01/20,Eskom Holdings SOC Ltd,"Supply and deliver Various Feed heating and Condensate spares for unit 3
IN Outage .",Amandla Okhozi (Pty) Ltd,"R 1 1,260,746.18","On 18 November 2024 an urgent situation arose at Kusile Power Station unit 3 Feed heating
Condensate systems, due the unavailability of Spares for the upcoming unit 3 IN Outage. The situation",2024/12/20,2025/01/09,2025/01/31
171,Q4 2024/25,2025/01/20,Eskom Holdings SOC Ltd,Procurement of the SSC spares for Unit 1 MO.,Hyses (Pty) Ltd,"R 2 ,552,594.31","The situation arose because of the suppliers failing to deliver and finally cancelling the order. Re-
issuing of the spares will affect the execution progress of Unit 1 MO as it is currently on outage. The",2024/12/31,2024/12/31,2025/01/02
172,Q4 2024/25,2025/01/20,Eskom Holdings SOC Ltd,Supply of coal bunker chutes.,Semfra Construction (Pty) Ltd,"R 2 4,884,467.61","sGpaivreens tihn eq cureitsictiaoln n aarteu rneo ot fy teht ein b tohiele cr opnlatrnatc tto d trhieve cno nbtyin SuPo2u sp aronjde cet ffaicnide ntht eorpeeforareti owni lol fn tohte s ucopaplo-fritr ethde
power plant, the time constraints associated with the manufacturing and procurement processes, and
the severe implications of load shedding in South Africa, it is both impossible and impractical to invite
competitive bids for this procurement. The urgency to the address the UCLF, ensures regulatory
compliance, enhance safety and mitigate the economic impact of load shedding necessitates a
deviation from the normal competitive bidding process. This approach will enable the timely
procurement and installation, ensuring the reliability and efficiency of the power plant and contributing
to the stability of South Africa's electricity supply.",2024/12/13,2024/12/27,2025/02/26
173,Q4 2024/25,2025/01/20,Eskom Holdings SOC Ltd,"To do major services and repairs of unit 1 to unit 6 diesel generator engines
including two fire pumps engines.",Kholelwa Service Centre (Pty) Ltd,"R 7 ,480,152.00","The purpose of the diesel driven generators (1 MW each) are to supply the 380V Diesel Generator
Board, in case of a total power failure on the Unit. The Diesel Gen Board supply all the essential",2025/01/09,2025/01/09,2025/03/31
174,Q4 2024/25,2025/01/20,Eskom Holdings SOC Ltd,"Installation of the cooling water recovery system at the back of the Matla
coal staithe to pump uncontaminated water back to the cooling water
system.",Brimis Engineering,"R 1 1,014,616.83","The urgent matter of water management at Matla Power Station demands immediate action to prevent
potential operational and compliance risks. The Station has been grappling with an excess of water
accumulating in the cable tunnel, which flows into the Clean Dam and the use of cooling water for
emergency Ashing, such as during the significant SWR pipe burst earlier this year. These factors have
led to high dam levels, frequent overflows and a compromised ability to maintain the required
freeboard. Consequently, the Station's compliance with its Water Use Licences is under serious threat
due to the risk of dam overflow and insufficient water management. Matla is currently in the critical
phase of renewing it's Water Use License. High dam levels present a direct risk to securing the license
for the Unit 7 dams, jeopardizing the Station's operational status. Although efforts have been made to
reclaim water from the Unit 7 dam, these measures have proven inadequate. The reclaimed water has
been tested and found unsuitable for plant cooling due to contamination from ash, as the water in Unit 7
is a mix of clean and ash water from the ash plant.",2025/01/10,2025/01/10,2025/07/31
175,Q4 2024/25,2025/01/20,Eskom Holdings SOC Ltd,Supply and deliver of various slurry plant spares.,Vicks Brakes Trading and Construction,"R 1 7,164,156.87","The unavailability of these spares will render the whole slurry plant unavailable as no ash and dust will
conveyed to the ash dams. With the slurry plant the unavailability of spares, the dust plant will not be
able to ash and it will also be rendered unavailable and this will lead to load losses as the unit will trip.
The request to purchase these spares will prevent this from happening and improve the availability and
reliability of the slurry plant.",2024/12/23,2024/12/23,2025/02/28
176,Q4 2024/25,2025/01/20,Eskom Holdings SOC Ltd,Supply and Delivery of the Spare Gauges and Thermocouples.,WIKA Instruments (Pty) Ltd,"R 4 ,149,287.11","An urgent situation arose at Matimba Power Station. The situation arose because of there’s no spares
Gauges, Thermometers and Thermocouples available at stores to replace the faulty transmitters at
plant (Unit1&6).",2025/01/09,2025/01/09,Not Stated
177,Q4 2024/25,2025/01/20,Eskom Holdings SOC Ltd,Overhaul of soot blowing spares.,Katale Trading and Projects,"R 6 ,752,426.89","In November 2024 an urgent situation arose at Kusile Power Station. The situation arose as a result of
failure of the soot blowing system. The urgent procurement request form was submitted to relevant
corporate GM being Christopher Nani, for permission to initiate the urgent procurement process to
acquire the required works that would resolve the urgent situation. We confirm that early delivery is
critical, the invitation of competitive bids is impractical and that this is not due to improper planning.",2025/01/09,2025/01/10,2025/02/03
178,Q4 2024/25,2025/01/20,Eskom Holdings SOC Ltd,"Supply and deliver of C&I spares to support the re-commissioning of the 3
absorbers & to assist during hot commissioning with instruments
configurations.",Endress and Hauser Bellville,"R 2 2,828,048.29","These spares are urgently needed in order to support the FGD recovery across all 3 units as some of
the spares were removed/pirated to other plants and others are damaged.",2024/12/09,2024/12/17,2025/03/31
179,Q4 2024/25,2025/01/20,Eskom Holdings SOC Ltd,"Refurbishment of Neutralisation Sump 1 brick lining and concrete
structure.",Corrocoat SA,"R 2 1,167,157.89","In June 2024 an urgent situation arose at Majuba Power Station, the situation arose as a result of only
having one neutralisation sump being available for treatment of all water treatment plant effluent and
the second sump being defective and ineffective in neutralising the effluent. This could result in plant
damage including acid attack of pipes, pumps and other components as previously occurred.",2024/12/24,2025/01/06,2025/07/25
180,Q4 2024/25,2025/01/20,Eskom Holdings SOC Ltd,The Supply and Delivery of Diesel 50ppm to Ankerlig Power Station.,Astron Energy (Pty) Ltd,"R 2 08,610,000.00","On 1 January 2025 an urgent situation arose for Ankerlig Power Station due the previous Diesel
contracts expiring on 31 December 2025. Negotiation and final stages for some of the new diesel
contracts are underway however whilst the process continued, multiple Eskom Power Stations have
suffered either full and/or partial load losses, this resulted in the OCGT’S being utilised more than
anticipated. It is critical that fuel is supplied to Ankerlig in order to assist in alleviating the high risk of
potential load shedding. In order to prevent the aforementioned threat from arising, the Urgent
Procurement Request Form was submitted to relevant General Manager being James L’Etang
(General Manager Acting – Peaking OU), for permission to initiate the Urgent Procurement process to
acquire the required supply and delivery of diesel to Ankerlig that would resolve the urgent situation.
We confirm that early delivery is critical, the invitation of competitive bids is Impractical, as an award for
a 5-year contract has already been made to Astron Energy by the Generation Board. The contracts are
being finalised with 3 contracts already having been signed but the new suppliers are still getting ready
to deliver. It is therefore prudent to place an order with Astron at the same contractual negotiated price.
The new Astron contract has not been signed yet due to the availability of the delegated authorities at
Astron. Astron is the only contractor in a position to deliver the diesel required in the shortest time
period required.",2025/01/10,2025/01/10,2025/03/31
181,Q4 2024/25,2025/01/20,Eskom Holdings SOC Ltd,Technical fault finding for Coolant - Living out allowance.,Man Energy Solutions (Pty) Ltd,"R 1 35,447.00","Order placed with OEM for outage 226 as a Sole Source is in place for this supplier and the items
procured.",2024/12/21,2024/12/23,2025/01/31
182,Q4 2024/25,2025/01/20,Eskom Holdings SOC Ltd,"The supply and delivery of sedans, light and heavy commercial vehicles
and busses to the state-owned entities using the National Treasury (NT)
RT57-2022 Transversal contracts for the period of 22 months.",Nissan SA,"R 2 1,989,375.46","Eskom Generation vehicles have exceeded their life cycle. Their kilometres are very high, with high
maintenance costs and are not safe to use. The Gx sites need to purchase the vehicles on an as and
when required basis. The vehicles range from sedans, light and heavy commercial vehicles, and",2025/01/10,2025/01/10,2026/10/30
183,Q4 2024/25,2025/01/20,Eskom Holdings SOC Ltd,"Conduct cleaning of the Unit 5 switchgear panels with Nano-material
Cleaning fluid.",Nueva Modo (Pty) Ltd,"R 3 ,377,285.50","On 12 December 2024 an urgent situation arose at Matla Power Station. Unit 6 has suffered an
unfortunate catastrophic incident, a HP Hot Reheat steam pipe bust and affected all unit 5 Switchgear
in the MV Switchgear room. High temperature steam mixed with Transformer oil was blown into the
MV switchgear and led to maloperation of circuit breakers and the eventual manual trip of Unit 5. Deep
cleaning is now needed as carbon deposits which is conductive are now in the switchgear.",2025/01/06,2025/01/13,2026/01/10
184,Q4 2024/25,2025/01/20,Eskom Holdings SOC Ltd,Supply and Delivery Of Vehicles.,Barloworld Toyota Middelburg,"R 2 2,287,699.65","On 25 October 2024 an urgent situation arose at Hendrina Power Station. The urgent situation arose as
a memorandum from Generation Division was requested to indicate the capability for additional capital
spend activities before year end March 2025.",2025/01/09,2025/01/13,2025/02/28
185,Q4 2024/25,2025/01/20,Eskom Holdings SOC Ltd,"Once-off 12 months Maintenance Support Contract for Units DCS System
and Common Plant WinCC SCADA.",Lobi Multi-Holdings (Pty) ltd,"R 1 6,043,296.95","On 14 October 2024 an urgent situation arose at Kriel Power Station. The situation arose because of
unavailability of Internal Skilled System Administrator who will maintain the obsolete DCS and WinCC
SCADA systems at Kriel Power Station. The OEM of the systems is no longer supporting the current",2025/01/08,2025/01/08,2025/01/31
186,Q4 2024/25,2025/01/20,Eskom Holdings SOC Ltd,Supply and delivery of production equipment.,Pneumatic Retail Operations,"R 6 88,179.55",Generation has critical spend funding which is required to be spent by 31 March 2025.,2025/01/06,2025/01/13,2025/03/14
187,Q4 2024/25,2025/01/20,Eskom Holdings SOC Ltd,Supply and delivery of production equipment.,Leonissi Group,"R 4 ,278,017.65","Generation has critical spend funding which is required to be spent by 31 Mach 2025. Due to the
conditions made on the funding which includes that all items must be delivered 31 March 2025 or else
funds are forfeited.",2024/11/08,2025/01/14,2025/03/31
188,Q4 2024/25,2025/01/20,Eskom Holdings SOC Ltd,Maintenance Services required for Koeberg,Arabelle Solutions,"R 2 8,212,758.12",Original Equipment Manufacturer (OEM),2024/11/27,2024/12/01,2025/10/30
189,Q4 2024/25,2025/01/20,Eskom Holdings SOC Ltd,"Supply, installation, commissioning, calibration and support for smash
elemental online analysers at Kusile Power Station Coal Truck offloading
Facility Project",Scanmin Africa,"R 4 ,988,100.85",Installed Base [Original Equipment Manufacturer (OEM)],2024/10/21,2025/01/06,2026/07/06
190,Q4 2024/25,2025/01/20,Eskom Holdings SOC Ltd,Accounting services (external opinion),CVD Compilations,"R 8 62,500.00","NTCSA is in the process of preparing its Annual Financial Statements (AFS) for the first time and
requires urgent assistance in reviewing the IFRS treatment of acquisition transactions that impact the
AFS for the period ending 31 March 2024. In addition, support is needed in the compilation of the AFS,
as their timely submission is critical, with a final submission deadline of September 2025.
Due to the tight timelines and the need for prompt action, NTCSA is unable to initiate a competitive
bidding process at this stage. This request was made by the Board following the initial submission of
the AFS for review, as the Board aims to ensure that all IFRS treatments are accurate and fully
compliant with the relevant IFRS standards.",2024/11/12,2024/09/16,2025/03/31
191,Q4 2024/25,2025/01/20,Eskom Holdings SOC Ltd,Technical opinion & Accounting Services,W Technical Consulting South Africa,"R 1 ,092,500.00","NTCSA is in the process of preparing its Annual Financial Statements (AFS) for the first time and
requires urgent assistance in reviewing the IFRS treatment of acquisition transactions that impact the
AFS for the period ending 31 March 2024. In addition, support is needed in the compilation of the AFS,
as their timely submission is critical, with a final submission deadline of September 2025.
Due to the tight timelines and the need for prompt action, NTCSA is unable to initiate a competitive
bidding process at this stage. This request was made by the Board following the initial submission of
the AFS for review, as the Board aims to ensure that all IFRS treatments are accurate and fully
compliant with the relevant IFRS standards.",2024/11/12,2024/09/16,2025/03/31
192,Q4 2024/25,2025/01/20,Eskom Holdings SOC Ltd,Delphi Neptune 400kV line tower 239 restoration,Siyavuka Power Projects,"R 2 ,080,090.55","On May 13, 2024, during the annual line inspection of the Delphi Neptune 1 400kV line, NTCSA
Southern Grid identified damage to Tower 239, including a broken guy wire anchor foundation and a
disconnected stay wire. The tower was found to be unstable and leaning. Temporary stabilization was
achieved using a come-along clamp, chain block, and concrete blocks.
A follow-up inspection on June 17, 2024, revealed that previous refurbishment work in 2023 on the guy
anchor foundations had issues with the bonding between new and old concrete, which affected the
foundation’s integrity. The tower remains vulnerable due to the failed guy wire supported by a chain
block, which could fail and cause further instability. This situation poses risks to safety, the environment,
and public infrastructure.
To prevent a potential tower collapse and its associated risks, it is critical to refurbish the failed guy
wire and all guy anchor foundations. NTCSA will invite competitive bids from two approved suppliers to
carry out the necessary refurbishment work.",2024/11/22,2024/12/01,2025/05/31
193,Q4 2024/25,2025/01/20,Eskom Holdings SOC Ltd,Replacement of Proteus TRFR No1,South Power Maintenance,"R 9 ,790,910.45","On the morning of September 16, 2024, the pressure relief valve on the 400/132kV transformer at
Proteus MTS failed, leading to the release of a substantial amount of oil. Preliminary assessments
indicate that the transformer requires an internal inspection and subsequent repair. As a result, the
entire load will now be supported by a single transformer.
This situation presents a significant risk of power loss, which could severely disrupt critical
infrastructure. Specifically, healthcare facilities—including hospitals, urgent care centers, and birthing
centers—are at potential risk, putting public health in jeopardy. Furthermore, this power disruption may
have broader consequences, impacting lives and the environment, making it imperative that the issue
is addressed urgently.",2024/12/04,2024/12/20,2024/12/31
194,Q4 2024/25,2025/01/20,Eskom Holdings SOC Ltd,TA GIS Specialist,Toshiba International,"R 1 ,541,888.90",Toshiba's role as the sole supplier of the spares.,2024/12/17,2025/01/20,2025/08/21
195,Q4 2024/25,2025/01/20,Eskom Holdings SOC Ltd,"Provision of Digital Forensics Services for Online
Vending for a period of 12 (twelve) months.",Cyanre The Digital Forensic Lab,"R 9 ,334,205.00","An ongoing investigation is being conducted into ghost vending activities within the Online Vending
System (OVS). The current focus is on network-level analysis within the OVS, examining network traffic
both entering and exiting the system. A crucial aspect of this investigation involves forensic analysis of
the servers to identify any signs of malicious activity or compromise.",2024/12/31,2024/12/31,2025/12/30
196,Q4 2024/25,2025/01/20,South African Social Security Agency (SASSA),"Supply, Delivery and Installation of 100 Network switches for
SASSA Gauteng Local Offices",Datacentrix (PTY) Ltd,"R 7 ,044,281.11","Deviation process through accredited supplier existing partnership with OEM (Aruba Partnership Status
South Africa)",2024/12/24,Not Stated,Not Stated
197,Q4 2024/25,2025/01/20,South African Social Security Agency (SASSA),"Supply, Delivery and Installation of 30 Wireless Acess Points in 26
SASSA Gauteng Local Offices",Nambiti Technologies,"R 5 77,384.93","Deviation process through accredited suppliers existing partnership with OEM (Aruba Partnership
Status South Africa)",2024/11/27,Not Stated,Not Stated
198,Q4 2024/25,2025/01/24,Public Protector South Africa,Consultant,Adapt IT,"R 5 ,417.34",Limited bidding,2025/01/13,Not Stated,Not Stated
199,Q4 2024/25,2025/01/24,Public Protector South Africa,Licences,Adapt IT,"R 1 18,415.75",Limited bidding,2025/01/17,2025/01/20,2026/01/20
200,Q4 2024/25,2025/01/24,Public Protector South Africa,Training,The Ethics Institute,"R 2 28,642.00",Limited bidding,2025/01/21,Not Stated,Not Stated
201,Q4 2024/25,2025/01/24,Public Protector South Africa,Telephone System,Innovo Networks,"R 2 90,000.00",Urgent Procurement,2025/01/23,2024/12/01,2025/03/31
202,Q4 2024/25,2025/01/27,"Armaments Corporation of South Africa SOC Ltd
(ARMSCOR)",Procurement for Quant Studio Pro 6 consumables,"LTC Tech South Africa (Pty) Ltd TA Thermofisher
Scientific","R 1 0,329.80","Thermo Fisher Scientific (LTC Tech South Africa (Pty) Ltd) is the OEM of Next Generation Sequencing
Platforms (Ion Torrent PGM Personal Genome Machine] and Ion Chef); Applied Biosystem Quant",2024/12/02,2024/12/02,2024/12/13
203,Q4 2024/25,2025/01/27,"Armaments Corporation of South Africa SOC Ltd
(ARMSCOR)",Procurement of Filtration Media,Freudenberg Filtration Technologies,"R 1 72,321.06","Freudenberg Filtration Technologies is the developer of filter material (Original Equipment
Manufacturer) of Hazmat's cartridge and canister product range",2024/11/22,2024/11/22,2025/03/31
204,Q4 2024/25,2025/01/27,"Armaments Corporation of South Africa SOC Ltd
(ARMSCOR)",Maintenance of Ion Chef Ion Torrent PGM (Personal Genome Machine),"LTC Tech South Africa (Pty) Ltd TA Thermofisher
Scientific","R 1 98,175.00","Thermo Fisher Scientific (LTC Tech South Africa (Pty) Ltd) the OEM of Next Generation Sequencing
Platforms (Ion Torrent PGM Personal Genome Machine] and Ion Chef); Applied Biosystem Quant",2024/12/10,2024/12/10,2025/06/30
205,Q4 2024/25,2025/01/27,"Armaments Corporation of South Africa SOC Ltd
(ARMSCOR)",Procurement of flow meters for the TSI Certi Tester,AMS Laboratory Technologies (Pty) Ltd,"R 6 8,740.00","AMS Laboratory TSetuchdnioo Plorgoi e6s, K(Pintyg)f iLsthde irs F thleex ,l oMcuallt aisgkeannt Sfokry T, aSnI dIn ScoterppoOrnaete Pdl ubsased in the United
States of America. The current equipment in service are the TSI CertiTest for particle penetration test",2024/12/11,2024/12/11,2025/03/31
206,Q4 2024/25,2025/01/27,"Armaments Corporation of South Africa SOC Ltd
(ARMSCOR)",Single & Double Half Mask (Green),Paramount Safety Products CC,"R 8 38,740.00","foPra frilatemrso,u tnhte S Laafesteyr PPrhoodtuocmtse tcecr ifso rt hmea dsekv leelaokpaegr e( Otersigtsin aanl dE qthueip nmaennotp Maratinculefa dcetuterectro) ro. f Fthuer tshienrgmleo &re ,
double half mask in South Africa",2024/12/17,2024/12/17,2025/06/31
207,Q4 2024/25,2025/01/27,"Armaments Corporation of South Africa SOC Ltd
(ARMSCOR)",Supply and delivery of Electronic Equipment.,Test Dynamics Defense (Pty) Ltd,"R 1 40,090.00","Test Dynamics Defense (Pty) Ltd is the sole supplier and authorised distributor of OEM (National
Instruments) based in South Africa",2025/01/21,2025/01/21,2025/03/28
208,Q4 2024/25,2025/01/20,Department of Human Settlements (DHS),Emergency Building Material,Mmkumula,"R 4 ,131,606.00",Procurement occurred in Emergency situation and Urgent cases,2025/09/01,Not Stated,Not Stated
209,Q4 2024/25,2025/01/28,"South African Forestry Company SOC Limited
(SAFCOL)","95 Beneficiaries Building Material Mangaung Informal Settlements
Ethekwini",Microsoft Ireland,"R 1 4,213,227.45",Sole Source,2025/01/23,2025/01/01,2027/12/31
210,Q4 2024/25,2025/01/28,Transnet SOC Ltd,"Appointment of a service provider to support and maintain the website at
CSOS.",Adobe Systems Software Ireland Ltd,"R 1 9,441,668.42",Direct Single Source,2024/07/18,2024/07/19,2027/07/19
211,Q42024/25,2025/01/28,TransnetSOCLtd,ProcurementofCasewareLicenseRenewal,RandMerchantBankaDivisionFirstrandBankLtd,R -,DirectSingleSource,2024/11/29,2024/12/01,2032/11/30
212,Q4 2024/25,2025/01/28,Transnet SOC Ltd,204 Beneficiaries in various areas within City of Cape Town,Pilog-SA,"R 1 ,480,843.50",Direct Single Source,2024/10/30,2024/10/30,2025/03/31
213,Q4 2024/25,2025/01/28,Transnet SOC Ltd,"The provision of cura software of cura software maintenance and support
for a period of one (1) year",Cura Risk Management (Pty) Ltd,"R 9 66,966.37",Direct Single Source,2024/05/22,2024/05/22,2025/05/22
214,Q4 2024/25,2025/01/28,Transnet SOC Ltd,"The Provision Of Board Portal Services that include Licenses & Services
For a Period Of Two (2) Years",Diligent Software (Pty) Ltd,"R 1 ,737,774.00",Direct Single Source,2024/09/30,2024/10/01,2026/09/30
215,Q4 2024/25,2025/01/28,Transnet SOC Ltd,"Provision of Additional Forensic Investigation Services for Transnet
Investigation for a period of four (4) months.",Fundudzi Forensic Services (Pty) Ltd,"R 1 ,461,575.80",Direct Single Source,2024/09/01,2024/09/09,2025/01/08
216,Q4 2024/25,2025/01/28,Transnet SOC Ltd,Mimecast Mailing Services,Mimecast South Africa (Pty) Ltd,"R 9 1,014,132.29","Legal grounds, including IP & warranty and/or guarantee",2024/10/01,2024/10/01,2024/09/30
217,Q4 2024/25,2025/01/28,Transnet SOC Ltd,"for implementation of SAP technical upgrade and database preparation for
Transnet engineering, information, communication, and technology (ICT) at","Systems Applications Products South Africa
Proprietary Limited","R 1 0,350,000.00",Specialisation: Goods or services are highly specialised. Original Equipment Manufacturer,2024/12/13,2025/02/28,2025/02/28
218,Q4 2024/25,2025/01/28,Transnet SOC Ltd,"provision of an eartKhmoeodvoinegs ppolaonrtt ffoorr ath oen tcraei-no fdf epreariilomdent at km 533 (loop
12) close to Kenhardt on a once-off required basis",FMK Construction,"R 6 ,499,997.43","In emergency situation where there are serious and unexpected situations that pose an immediate risk
to health, life, property or environment which calls for urgent action",2024/12/28,Not Stated,Not Stated
219,Q4 2024/25,2025/01/28,Transnet SOC Ltd,"provision of an earthmoving plant for the train derailment at km 533 (loop
12) close to Kenhardt on a once-off required basis",Bastech Hire (Pty) Ltd,"R 6 2,580.00","In emergency situation where there are serious and unexpected situations that pose an immediate risk
to health, life, property or environment which calls for urgent action",2024/12/28,Not Stated,Not Stated
220,Q4 2024/25,2025/01/28,Transnet SOC Ltd,"Provision of National Security Services for Transnet National Ports Authority
for a period of four months","Mphosha Construction Projects CC (Port of
Ricahrds Bay)","R 5 ,024,258.30","In urgent situations where the early or timeous delivery of goods, services and/or infrastructure is
critical",2024/12/23,2025/01/01,2025/04/30
221,Q4 2024/25,2025/01/28,Transnet SOC Ltd,"Provision of National Security Services for Transnet National Ports Authority
for a period of four months","Idlangamandla Security Protection & Projects CC
(Port of Durban)","R 3 0,515,880.94","In urgent situations where the early or timeous delivery of goods, services and/or infrastructure is
critical",2024/12/23,2025/01/01,2025/04/30
222,Q4 2024/25,2025/01/28,Transnet SOC Ltd,"Provision of National Security Services for Transnet National Ports Authority
for a period of four months","Idlangamandla Security Protection (Cape Town
Lighthouses)","R 4 03,689.10","In urgent situations where the early or timeous delivery of goods, services and/or infrastructure is
critical",2024/12/23,2025/01/01,2025/04/30
223,Q4 2024/25,2025/01/28,Transnet SOC Ltd,"Provision of National Security Services for Transnet National Ports Authority
for a period of four months","Sakhile Ezweni Group (Pty) Ltd t/a Sakhile Ezweni
Trading and Projects (Port of East London)","R 4 ,796,568.63","In urgent situations where the early or timeous delivery of goods, services and/or infrastructure is
critical",2024/12/23,2025/01/01,2025/04/30
224,Q4 2024/25,2025/01/28,Transnet SOC Ltd,"Provision of National Security Services for Transnet National Ports Authority
for a period of four months","Silver Solutions 1522 CC t/a Silver Solutions
Security & Cleaning (Port of Ngqura)","R 5 ,899,047.13","In urgent situations where the early or timeous delivery of goods, services and/or infrastructure is
critical",2024/12/23,2025/01/01,2025/04/30
225,Q4 2024/25,2025/01/28,Transnet SOC Ltd,"Provision of National Security Services for Transnet National Ports Authority
for a period of four months",KYA Guards (Pty) Ltd (Port of PE/ Gqeberha),"R 4 ,683,170.93","In urgent situations where the early or timeous delivery of goods, services and/or infrastructure is
critical",2024/12/23,2025/01/01,2025/04/30
226,Q4 2024/25,2025/01/28,Transnet SOC Ltd,"Provision of National Security Services for Transnet National Ports Authority
for a period of four months",KYA Guards (Pty) Ltd (East London Lighthouses),"R 7 00,822.80","In urgent situations where the early or timeous delivery of goods, services and/or infrastructure is
critical",2024/12/23,2025/01/01,2025/04/30
227,Q4 2024/25,2025/01/28,Transnet SOC Ltd,"Provision of National Security Services for Transnet National Ports Authority
for a period of four months",Msizi Security CC (Queens Warehouse),"R 1 ,758,130.00","In urgent situations where the early or timeous delivery of goods, services and/or infrastructure is
critical",2024/12/23,2025/01/01,2025/04/30
228,Q4 2024/25,2025/01/28,Transnet SOC Ltd,"Provision of National Security Services for Transnet National Ports Authority
for a period of four months",Royal Security CC (Port of Saldhana),"R 3 ,716,057.14","In urgent situations where the early or timeous delivery of goods, services and/or infrastructure is
critical",2024/12/23,2025/01/01,2025/04/30
229,Q4 2024/25,2025/01/28,Transnet SOC Ltd,"Provision of National Security Services for Transnet National Ports Authority
for a period of four months","Fidelity Security Services (Pty) Ltd (Port of Cape
Town)","R 1 0,841,155.69","In urgent situations where the early or timeous delivery of goods, services and/or infrastructure is
critical",2024/12/23,2025/02/01,2025/04/30
230,Q4 2024/25,2025/01/28,Transnet SOC Ltd,"Provision of National Security Services for Transnet National Ports Authority
for a period of four months",Alert Patrol (Pty) Ltd (Port of Mossel Bay),"R 5 ,238,459.32","In urgent situations where the early or timeous delivery of goods, services and/or infrastructure is
critical",2024/12/23,2025/01/01,2025/04/30
231,Q4 2024/25,2025/01/28,Transnet SOC Ltd,"Provision of National Security Services for Transnet National Ports Authority
for a period of four months","Reagoma Catering and Consulting Services t/a
Reagoma Security Services (Richards Bay
Lighthouses)","R 1 ,242,885.78","In urgent situations where the early or timeous delivery of goods, services and/or infrastructure is
critical",2024/12/23,2025/01/01,2025/04/30
232,Q4 2024/25,2025/01/28,Transnet SOC Ltd,"Provision of National Security Services for Transnet National Ports Authority
for a period of four months","Masete Projects and Security Services (Pty) Ltd t/a
Masethole Security and Projects (Durban
Lighthouses)","R 1 ,559,643.56","In urgent situations where the early or timeous delivery of goods, services and/or infrastructure is
critical",2024/12/23,2025/01/01,2025/04/30
233,Q4 2024/25,2025/01/28,Transnet SOC Ltd,"For the provision of fault finding and repair services of the tugboat
umthwalume at the port of east london on a once-off period",Ikamva Maritime & Engineering (Pty) Ltd,"R 2 9,459.55",Direct Single Source,2024/12/27,2024/12/30,Not Stated
234,Q4 2024/25,2025/01/28,Transnet SOC Ltd,"For provision of approved inspection authorities (aia) to conduct a major
hazard installation (mhi) risk assessment and report on the level of
compliance including recommended improvements, where applicable for
various transnet port terminals.",MM Risk (Pty) Ltd,"R 9 19,959.61",Limited Suppliers: Goods or services are only available from a limited number of suppliers,2024/12/11,2025/01/20,2025/07/19
235,Q4 2024/25,2025/01/28,Transnet SOC Ltd,"For the provision of clearing / freight forwarding services of twenty (20)
straddle carriers from konecranes noell gmbh, in germany to the port of
durban, pier 2 container terminal for a period of six (6) months transnet soc
ltd trading as transnet port terminals",MSC Logistics (Pty) Ltd,"R 1 ,055,700.00",The compatibility of the goods or services required,2024/12/24,2024/12/24,2025/06/25
236,Q4 2024/25,2025/01/31,Department of Correctional Services (DCS),toiletries,ahluke trading,"R 8 45,000.00",No contract in place,2024/12/19,Not Stated,Not Stated
237,Q4 2024/25,2025/01/31,Department of Correctional Services (DCS),toiletries,tahani 124 trading & projects,"R 4 87,010.00",No contract in place,2024/12/17,Not Stated,Not Stated
238,Q4 2024/25,2025/01/31,Department of Correctional Services (DCS),fruit and vegetables,zithas trading enterprise,"R 9 20,000.00",No contract in place,2024/12/19,Not Stated,Not Stated
239,Q4 2024/25,2025/01/31,Department of Correctional Services (DCS),beef forequarters,isiqalo wiselink technologies,"R 9 97,760.00",No contract in place,2024/12/09,Not Stated,Not Stated
240,Q4 2024/25,2025/01/31,Department of Correctional Services (DCS),chicken halaal,alrtmart projects,"R 9 97,920.00",No contract in place,2024/12/17,Not Stated,Not Stated
241,Q4 2024/25,2025/01/31,Department of Correctional Services (DCS),beef halaal,thabitha business enterprise,"R 9 98,834.00",No contract in place,2024/12/12,Not Stated,Not Stated
242,Q4 2024/25,2025/01/31,Department of Correctional Services (DCS),bread halaal,motherblea,"R 9 85,920.00",No contract in place,2024/12/18,Not Stated,Not Stated
243,Q4 2024/25,2025/01/31,Department of Correctional Services (DCS),fish hake,labonte projects,"R 9 87,700.00",No contract in place,2024/12/18,Not Stated,Not Stated
244,Q4 2024/25,2025/01/31,Department of Correctional Services (DCS),maize meal,too ramushu logistics,"R 9 97,930.00",No contract in place,2024/12/17,Not Stated,Not Stated
245,Q4 2024/25,2025/01/31,Department of Correctional Services (DCS),special diel veg & fruits,sithukhoza holdings,"R 9 88,900.00",No contract in place,2024/12/18,Not Stated,Not Stated
246,Q4 2024/25,2025/01/31,Department of Correctional Services (DCS),cereal oats,bophelo kentoa,"R 9 72,000.00",No contract in place,2024/12/06,Not Stated,Not Stated
247,Q4 2024/25,2025/01/31,Department of Correctional Services (DCS),coal peas,kopedi trading,"R 9 99,492.00",No contract in place,2024/12/18,Not Stated,Not Stated
248,Q4 2024/25,2025/01/31,Department of Correctional Services (DCS),bread halaal,jujust,"R 9 97,920.00",No contract in place,2024/12/18,Not Stated,Not Stated
249,Q4 2024/25,2025/01/31,Department of Correctional Services (DCS),chicken halaal,keamthu,"R 9 97,200.00",No contract in place,2024/12/10,Not Stated,Not Stated
250,Q4 2024/25,2025/01/31,Department of Correctional Services (DCS),supply and delivery of maize meal,joyful works,"R 9 99,200.00",No contract in place,2024/12/10,Not Stated,Not Stated
251,Q4 2024/25,2025/01/31,Department of Correctional Services (DCS),supply and delivery of brown bread sliced,letso supplies,"R 9 90,000.00",No contract in place,2024/12/10,Not Stated,Not Stated
252,Q4 2024/25,2025/01/31,Department of Correctional Services (DCS),supply and delivery of toiletries (toilet soap),then-care trading enterprise,"R 9 28,500.00",No contract in place,2024/12/10,Not Stated,Not Stated
253,Q4 2024/25,2025/01/31,Department of Correctional Services (DCS),supply and delivery of cleaning materials,kopano conditioning,"R 8 5,139.64",No contract in place,2024/12/10,Not Stated,Not Stated
254,Q4 2024/25,2025/01/31,Department of Correctional Services (DCS),"repair of freezer rooms and cold rooms at local rdc, odi cc and scm",mech-tech machine tool speacialists,"R 3 5,075.00",No contract in place,2024/12/13,Not Stated,Not Stated
255,Q4 2024/25,2025/01/31,Department of Correctional Services (DCS),repair of 02 cnc machines,munech accounts and advisory,"R 6 25,800.00",No contract in place,2024/12/18,Not Stated,Not Stated
256,Q4 2024/25,2025/01/31,Department of Correctional Services (DCS),milk powder,zithas trading enterprise,"R 6 90,000.00",No contract in place,2024/12/11,Not Stated,Not Stated
257,Q4 2024/25,2025/01/31,Department of Correctional Services (DCS),fish,aleva construction,"R 9 65,240.00",No contract in place,2024/12/19,Not Stated,Not Stated
258,Q4 2024/25,2025/01/31,Department of Correctional Services (DCS),bread,mlungis frontier,"R 6 88,160.00",No contract in place,2024/12/12,Not Stated,Not Stated
259,Q4 2024/25,2025/01/31,Department of Correctional Services (DCS),fish hake and chicken whole bird,mamoa holdings,"R 2 64,060.00",No contract in place,2024/12/19,Not Stated,Not Stated
260,Q4 2024/25,2025/01/31,Department of Correctional Services (DCS),coal peas,rene works,"R 7 57,532.00",No contract in place,2024/12/09,Not Stated,Not Stated
261,Q4 2024/25,2025/01/31,Department of Correctional Services (DCS),fruits and vegetables,zinmed projects,"R 1 51,060.00",No contract in place,2024/12/12,Not Stated,Not Stated
262,Q4 2024/25,2025/01/31,Department of Correctional Services (DCS),cleaning materials (various items),upopit,"R 2 0,851.80",No contract in place,2024/12/12,Not Stated,Not Stated
263,Q4 2024/25,2025/01/31,Department of Correctional Services (DCS),cleaning materials (various items),witmah business enterprise,"R 8 08,998.75",No contract in place,2024/12/12,Not Stated,Not Stated
264,Q4 2024/25,2025/01/31,Department of Correctional Services (DCS),bread,tm projects and strategic investments,"R 9 66,000.00",No contract in place,2024/12/19,Not Stated,Not Stated
265,Q4 2024/25,2025/01/31,Department of Correctional Services (DCS),supply and delivery of beef,lukie and family group,"R 5 84,400.00",No contract in place,2024/12/19,Not Stated,Not Stated
266,Q4 2024/25,2025/01/31,Department of Correctional Services (DCS),supply and delivery of grade a coal peas,qhawe lethu projects,"R 6 4,467.00",No contract in place,2024/12/19,Not Stated,Not Stated
267,Q4 2024/25,2025/01/31,Department of Correctional Services (DCS),supply and delivery of electrical materials,zikhona pty ltd,"R 7 88,400.00",No contract in place,2024/12/24,Not Stated,Not Stated
268,Q4 2024/25,2025/01/31,Department of Correctional Services (DCS),supply and delivery of chicken,an reailers,"R 8 95,500.00",No contract in place,2024/12/24,Not Stated,Not Stated
269,Q4 2024/25,2025/01/31,Department of Correctional Services (DCS),supply and delivery of brown bread,nail wholesalers,"R 3 04,500.00",No contract in place,2024/12/24,Not Stated,Not Stated
270,Q4 2024/25,2025/01/31,Department of Correctional Services (DCS),supply and delivery of groceries,"vhavhula, bomotlogelwa & motongwane","R 6 04,310.00",No contract in place,2024/12/05,Not Stated,Not Stated
271,Q4 2024/25,2025/01/31,Department of Correctional Services (DCS),groceries,matrikhs,"R 8 39,511.00",No contract in place,2024/12/12,Not Stated,Not Stated
272,Q4 2024/25,2025/01/31,Department of Correctional Services (DCS),brown bread,start up a business,"R 2 10,160.98",No contract in place,2024/12/20,Not Stated,Not Stated
273,Q4 2024/25,2025/01/31,Department of Correctional Services (DCS),strip and qoute (repairs of tractor),shisa coal services cc,"R 8 5,905.00",No contract in place,2024/12/04,2024/12/04,Not Stated
274,Q4 2024/25,2025/01/31,Department of Correctional Services (DCS),pea coal (grade-a) (urgent/emergency case),zizameleni machiliza trading enterprise (pty) ltd.,"R 2 70,000.00",No contract in place,2024/12/10,2024/12/10,Not Stated
275,Q4 2024/25,2025/01/31,Department of Correctional Services (DCS),"soap, general purpose",shisa coal services cc,"R 8 5,996.63",No contract in place,2024/12/10,2024/12/10,Not Stated
276,Q4 2024/25,2025/01/31,Department of Correctional Services (DCS),pea coal (grade-a) (urgent/emergency case),shisa coal services cc,"R 8 5,905.00",No contract in place,2024/12/12,2024/12/12,Not Stated
277,Q4 2024/25,2025/01/31,Department of Correctional Services (DCS),pea coal (grade-a) (urgent/emergency case),shisa coal services cc,"R 8 59,050.00",No contract in place,2024/12/13,2024/12/13,Not Stated
278,Q4 2024/25,2025/01/31,Department of Correctional Services (DCS),pea coal (grade-a),jsb chemicals cc,"R 1 61,000.00",No contract in place,2024/12/19,2024/12/19,Not Stated
279,Q4 2024/25,2025/01/31,Department of Correctional Services (DCS),dishwashing liquid,glenstruct pty ltd,"R 5 9,250.00",No contract in place,2024/12/06,Not Stated,Not Stated
280,Q4 2024/25,2025/01/31,Department of Correctional Services (DCS),cleaning material,mkhontshwana trading,"R 6 81,500.00",No contract in place,2024/12/05,Not Stated,Not Stated
281,Q4 2024/25,2025/01/31,Department of Correctional Services (DCS),"supply and delivery of cleaning material (floor polish, handy andy and
dishwashing liquid)",thorithabang trading and projects,"R 2 47,500.00",No contract in place,2024/12/19,Not Stated,Not Stated
282,Q4 2024/25,2025/01/31,Department of Correctional Services (DCS),supply and delivery of deo block,sgubududlebe pty ltd,"R 5 91,000.00",No contract in place,2024/10/01,Not Stated,Not Stated
283,Q4 2024/25,2025/01/31,Department of Correctional Services (DCS),cleaning material,nexfood distribution (pty) ltd.,"R 9 99,000.00",No contract in place,2024/12/20,2024/12/20,Not Stated
284,Q4 2024/25,2025/01/31,Department of Correctional Services (DCS),non-perishable provisions (maize meal),phemba dobo 58 services (pty) ltd.,"R 5 40,000.00",No contract in place,2024/12/30,2024/12/30,Not Stated
285,Q4 2024/25,2025/01/31,Department of Correctional Services (DCS),"non-perishable provisions (porridge, oats)",takeit wholesalers (pty) ltd.,"R 2 25,000.00",No contract in place,2024/12/30,2024/12/30,Not Stated
286,Q4 2024/25,2025/01/31,Department of Correctional Services (DCS),non-perishable provisions (peanut butter),stardust marketing (pty) ltd.,"R 3 80,928.00",No contract in place,2024/12/30,2024/12/30,Not Stated
287,Q4 2024/25,2025/01/31,Department of Correctional Services (DCS),non-perishable provisions (syrup & jam),riox enterprises (pty) ltd.,"R 9 75,000.00",No contract in place,2024/12/05,2024/12/05,Not Stated
288,Q4 2024/25,2025/01/31,Department of Correctional Services (DCS),"perishable provisions (beef, halaal)",sphiwenathi (pty) ltd.,"R 1 98,000.00",No contract in place,2024/12/20,2024/12/20,Not Stated
289,Q4 2024/25,2025/01/31,Department of Correctional Services (DCS),non-perishable provisions (sugar beans),groot holdings (pty) ltd.,"R 9 66,000.00",No contract in place,2024/12/09,2024/12/09,Not Stated
290,Q4 2024/25,2025/01/31,Department of Correctional Services (DCS),perishable provisions (poultry - chicken),grand junction trading (pty) ltd.,"R 9 16,000.00",No contract in place,2024/12/20,2024/12/20,2025/01/07
291,Q4 2024/25,2025/01/31,Department of Correctional Services (DCS),perishable provisions (fish hake),bayanda investment corporation (pty) ltd.,"R 9 94,950.00",No contract in place,2024/12/10,2024/12/10,2025/01/11
292,Q4 2024/25,2025/01/31,Department of Correctional Services (DCS),"perishable provisions (beef, halaal)",stardust marketing (pty) ltd.,"R 4 05,300.00",No contract in place,2024/12/24,2024/12/20,2025/01/11
293,Q4 2024/25,2025/01/31,Department of Correctional Services (DCS),"non-perishable provisions (battermix, spices, soup, gravy & salt)",abelompofu trading services (pty) ltd.,"R 9 45,000.00",No contract in place,2024/12/10,2024/12/10,2025/01/14
294,Q4 2024/25,2025/01/31,Department of Correctional Services (DCS),non-perishable provisions (maize meal),benevolence investments (pty) ltd,"R 2 40,000.00",No contract in place,2024/12/13,2024/12/13,2025/01/14
295,Q4 2024/25,2025/01/31,Department of Correctional Services (DCS),non-perishable provisions (sugar brown),skholiwe skills development & projects (pty) ltd.,"R 9 9,450.00",No contract in place,2024/12/09,2024/12/09,2025/01/17
296,Q4 2024/25,2025/01/31,Department of Correctional Services (DCS),perishable provisions (bread brown) (urgent/emergency),eknoz construction & general supply cc.,"R 8 23,900.00",No contract in place,2024/12/17,2024/12/17,2025/01/17
297,Q4 2024/25,2025/01/31,Department of Correctional Services (DCS),"bread brown, sliced, 700 grams",winny distributors (pty) ltd.,"R 8 67,150.00",No contract in place,2024/12/13,2024/12/13,2025/01/17
298,Q4 2024/25,2025/01/31,Department of Correctional Services (DCS),perishable provisions (fruit & vegetables),sphiwenathi (pty) ltd.,"R 3 49,900.00",No contract in place,2024/12/13,2024/12/13,Not Stated
299,Q4 2024/25,2025/01/31,Department of Correctional Services (DCS),non-perishable provisions (sunflower oil),bhelekazi suppliers (pty) ltd.,"R 5 44,000.00",No contract in place,2024/12/20,2024/12/20,Not Stated
300,Q4 2024/25,2025/01/31,Department of Correctional Services (DCS),"non-perishable provisions (porridge, oats)",stardust marketing (pty) ltd.,"R 2 66,700.00",No contract in place,2024/12/20,2024/12/20,Not Stated
301,Q4 2024/25,2025/01/31,Department of Correctional Services (DCS),non-perishable provisions (peanut butter),rising fast trading (pty) ltd.,"R 8 33,000.00",No contract in place,2024/12/20,2024/12/20,Not Stated
302,Q4 2024/25,2025/01/31,Department of Correctional Services (DCS),"bread brown, sliced, 700 grams",ramric trading (pty) ltd.,"R 9 5,625.00",No contract in place,2024/12/13,2024/12/13,Not Stated
303,Q4 2024/25,2025/01/31,Department of Correctional Services (DCS),perishable provisions (bread brown) (urgent/emergency),groot holdings (pty) ltd.,"R 2 60,000.00",No contract in place,2024/12/24,2024/12/24,Not Stated
304,Q4 2024/25,2025/01/31,Department of Correctional Services (DCS),"non-perishable provisions (juice powder, orange)",ramric trading (pty) ltd.,"R 9 5,625.00",No contract in place,2024/12/17,2024/12/17,Not Stated
305,Q4 2024/25,2025/01/31,Department of Correctional Services (DCS),perishable provisions (bread brown) (urgent/emergency),ramric trading (pty) ltd.,"R 4 2,075.00",No contract in place,2024/12/17,2024/12/17,Not Stated
306,Q4 2024/25,2025/01/31,Department of Correctional Services (DCS),non-perishable provisions (rice) (urgent/emergency),zwide galanga,"R 3 83,880.00",No contract in place,2024/12/24,2024/12/24,Not Stated
307,Q4 2024/25,2025/01/31,Department of Correctional Services (DCS),whey milk powder,chilogo agri suppliers,"R 6 39,000.00",No contract in place,2024/12/04,2024/12/04,2025/01/31
308,Q4 2024/25,2025/01/31,Department of Correctional Services (DCS),maize meal,hlubi kind care,"R 8 52,600.00",No contract in place,2024/12/11,2024/12/11,2025/01/31
309,Q4 2024/25,2025/01/31,Department of Correctional Services (DCS),chicken meat,rovinet projects,"R 8 29,400.00",No contract in place,2024/12/04,2024/12/04,2025/01/31
310,Q4 2024/25,2025/01/31,Department of Correctional Services (DCS),beef meat,"tshelimnya,marketing","R 8 83,584.00",No contract in place,2024/12/11,2024/12/11,2025/01/31
311,Q4 2024/25,2025/01/31,Department of Correctional Services (DCS),brown bread,hlubi kind care,"R 5 06,400.00",No contract in place,2024/12/17,2024/12/17,2025/01/31
312,Q4 2024/25,2025/01/31,Department of Correctional Services (DCS),frozen fish,chilogo agri suppliers,"R 1 72,000.00",No contract in place,2024/12/23,2024/12/23,2025/01/31
313,Q4 2024/25,2025/01/31,Department of Correctional Services (DCS),yellow margarine,nyala park inn,"R 8 1,000.00",No contract in place,2024/12/23,2024/12/23,2025/01/31
314,Q4 2024/25,2025/01/31,Department of Correctional Services (DCS),brown bread,mat israel enterprise,"R 7 47,600.00",No contract in place,2024/12/24,2024/12/24,2025/01/31
315,Q4 2024/25,2025/01/31,Department of Correctional Services (DCS),poultry,masobe projects,"R 9 3,600.00",No contract in place,2024/12/11,2024/12/11,2025/03/31
316,Q4 2024/25,2025/01/31,Department of Correctional Services (DCS),groceries (samp 8000kg),tlhalefo ya ka trading,"R 3 55,520.00",No contract in place,2024/11/01,2024/12/04,2024/12/04
317,Q4 2024/25,2025/01/31,Department of Correctional Services (DCS),"groceries (salt, maize meal, cooking oil, curry powder, jungle oats, rice and
juice powder)",gateway distribution,"R 3 11,500.00",No contract in place,2024/11/01,2024/12/18,2024/12/18
318,Q4 2024/25,2025/01/31,Department of Correctional Services (DCS),groceries ( milk powder),ngomane,"R 6 22,350.00",No contract in place,2024/11/01,Not Stated,Not Stated
319,Q4 2024/25,2025/01/20,Municipal Infrastructure Support Agent (MISA),"Deviation for the approval of membership renew Caseware Software
License for period June 2023 to May 2025 for Municipal Infrastructure
Support Agent (MISA).",Adapt IT ( PTY) Limited,"R 1 45,056.99",Sole Service Provider,2024/05/10,Not stated,Not stated
320,Q4 2024/25,2025/01/20,Municipal Infrastructure Support Agent (MISA),Deviation for the attendanceof the 13th Annual Govlaw conference.,Intelligence Transfer Center,"R 2 2,997.70",Sole Service Provider,2024/06/12,Not stated,Not stated
321,Q4 2024/25,2025/01/20,Municipal Infrastructure Support Agent (MISA),Deviation for Membership renewal.,"The Internal Institute of Internal Auditors South
Africa","R 1 3,673.52",Sole Service Provider,2024/07/07,Not stated,Not stated
322,Q4 2024/25,2025/01/20,Municipal Infrastructure Support Agent (MISA),Deviation for the attendance of the Planning Africa Conference 2024.,South African Planning Institute,"R 7 2,047.50",Sole Service Provider,2024/07/09,Not stated,Not stated
323,Q4 2024/25,2025/01/20,Municipal Infrastructure Support Agent (MISA),Deviation for the attendance of the Planning Africa Conference 2024.,South African Planning Institute,"R 1 0,292.50",Sole Service Provider,2024/07/09,Not stated,Not stated
324,Q4 2024/25,2025/01/20,Municipal Infrastructure Support Agent (MISA),Deviation for the attendance for the attendance of Africa Energy Indaba,Africa Energy Indaba,"R 2 8,750.00",Sole Service Provider,2024/07/16,Not stated,Not stated
325,Q4 2024/25,2025/01/20,Municipal Infrastructure Support Agent (MISA),Annual Candidacy fees for young graduates.,SACPLAN.,"R 1 8,985.25",Sole Service Provider,2024/07/25,Not stated,Not stated
326,Q4 2024/25,2025/01/20,Municipal Infrastructure Support Agent (MISA),"Deviation for payment for MISA Engineering Young Graduates Candidacy
Fees to the Engineering Council of South Africa (ECSA).",Engineering Council of South Africa.,"R 1 59,528.06",Sole Service Provider,2024/07/31,Not stated,Not stated
327,Q4 2024/25,2025/01/20,Municipal Infrastructure Support Agent (MISA),Deviation for the attendance of the 27th Annual National Conference.,"The Internal Institute of Internal Auditors South
Africa","R 4 4,850.00",Sole Service Provider,2024/08/07,Not stated,Not stated
328,Q4 2024/25,2025/01/20,Municipal Infrastructure Support Agent (MISA),"Deviation for the attendance of the MILLA SA 14th Annual Public Sector
Property and Asset Management Conference.",MILLA SA,"R 2 5,277.00",Sole Service Provider,2024/08/29,Not stated,Not stated
329,Q4 2024/25,2025/01/20,Municipal Infrastructure Support Agent (MISA),"Deviation for the implementation of electronic pay slips service for all MISA
employees.",SITA SOC LTD,"R 2 ,574.81",Sole Service Provider,2024/08/29,Not stated,Not stated
330,Q4 2024/25,2025/01/20,Municipal Infrastructure Support Agent (MISA),"Deviation for the purchase of an SSL Certificate to secure the newly
dwveloped Eastern Seaboard Website from SITA.",SITA SOC LTD,"R 6 ,942.41",Sole Service Provider,2024/08/30,Not stated,Not stated
331,Q4 2024/25,2025/01/20,Municipal Infrastructure Support Agent (MISA),Deviation for training of 12 electrical engineers,"INSTITUTE OF ENERGY PROFESSIONALS
AFRICA","R 2 67,375.00",Sole Service Provider,2024/09/12,Not stated,Not stated
332,Q4 2024/25,2025/01/20,Municipal Infrastructure Support Agent (MISA),"Approval of Deviation for the appointment of a service provider (Institute of
Municipal Engineers of South Africa) for the attendance of the 87th IMESA
Conference.",Institute of Municipal Engineers of South Africa.,"R 1 40,800.00",Sole Service Provider,2024/10/08,Not stated,Not stated
333,Q4 2024/25,2025/01/20,Municipal Infrastructure Support Agent (MISA),"Deviation for the attendanceof the 15th Annual Women in Engineering
Africa Network conference.",Intelligence Transfer Center,"R 1 3,798.85",Sole Service Provider,2024/11/05,Not stated,Not stated
334,Q4 2024/25,2025/01/20,Municipal Infrastructure Support Agent (MISA),"Deviation for the attendanceof the 12th Annual Edition: National Public
Sector Clean Audit Turnaround Indaba 2024.",Audit Roundtable (Pty) Ltd,"R 6 8,993.10",Sole Service Provider,2024/11/22,Not stated,Not stated
335,Q4 2024/25,2025/02/05,Department of Human Settlements (DHS),"95 Beneficiaries Building Material Mangaung Informal Settlements
Ethekwini",Surtech Solutions RSA,"R 1 ,282,500.00",Sole provider,2025/02/05,Not Stated,Not Stated
336,Q4 2024/25,2025/02/03,Special Investigating Unit (SIU),Provision of procurement specialist forensic services,Pro lustita forensics (Pty) Ltd,"R 4 09,860.00",Single source supplier,2025/01/23,2025/02/01,2025/05/31
337,Q4 2024/25,2025/02/04,Public Protector South Africa,Catering - Mafikeng,Nontozaza Cleaning and Catering Solution,"R 2 8,900.00",Urgent Procurement,2025/01/22,Not Stated,Not Stated
338,Q4 2024/25,2025/02/04,National Prosecuting Authority of South Africa (NPA),Digital Forensic/Forensic Investigative Services,Quintessence Digital Forensics,"R 3 ,450,000.00",To provide forensic investigating services,2025/01/16,2025/01/20,2026/01/19
339,Q4 2024/25,2025/02/04,National Prosecuting Authority of South Africa (NPA),Digital Forensic/Forensic Investigative Services,Facts Consulting,"R 3 ,197,000.00",To provide forensic investigating services,2025/01/16,2025/01/20,2026/01/19
340,Q4 2024/25,2025/02/04,National Prosecuting Authority of South Africa (NPA),Digital Forensic/Forensic Investigative Services,BDO,"R 3 ,842,150.00",To provide forensic investigating services,2025/01/16,2025/01/20,2026/01/19
341,Q4 2024/25,2025/02/04,National Prosecuting Authority of South Africa (NPA),Digital Forensic/Forensic Investigative Services,Ligwa Advisory Services,"R 3 ,842,150.00",To provide forensic investigating services,2025/01/16,2025/01/20,2026/01/19
342,Q4 2024/25,2025/02/04,National Prosecuting Authority of South Africa (NPA),Digital Forensic/Forensic Investigative Services,Theorem Leading Edge,"R 2 ,148,200.00",To provide forensic investigating services,2025/01/16,2025/01/20,2026/01/19
343,Q4 2024/25,2025/02/04,National Prosecuting Authority of South Africa (NPA),Digital Forensic/Forensic Investigative Services,Barakha Inegrated Solution,"R 1 ,840,000.00",To provide forensic investigating services,2025/01/16,2025/01/20,2026/01/19
344,Q4 2024/25,2025/02/04,National Prosecuting Authority of South Africa (NPA),Digital Forensic/Forensic Investigative Services,Tengood Solutions,"R 2 ,500,000.00",To provide forensic investigating services,2025/01/16,2025/01/20,2026/01/19
345,Q4 2024/25,2025/02/04,National Prosecuting Authority of South Africa (NPA),Digital Forensic/Forensic Investigative Services,Nixon Groenewald consulting Investigations,"R 5 ,175,000.00",To provide forensic investigating services,2025/01/16,2025/01/20,2026/01/19
346,Q4 2024/25,2025/02/04,National Prosecuting Authority of South Africa (NPA),Digital Forensic/Forensic Investigative Services,Cyberlaw Africa,"R 3 ,881,250.00",To provide forensic investigating services,2025/01/16,2025/01/20,2026/01/19
347,Q4 2024/25,2025/02/04,National Prosecuting Authority of South Africa (NPA),Digital Forensic/Forensic Investigative Services,Kairos Chartered Accountants,"R 3 ,082,000.00",To provide forensic investigating services,2025/01/16,2025/01/20,2026/01/19
348,Q4 2024/25,2025/02/04,National Prosecuting Authority of South Africa (NPA),Digital Forensic/Forensic Investigative Services,GS Professional Services,"R 2 ,444,000.00",To provide forensic investigating services,2025/01/16,2025/01/20,2026/01/19
349,Q4 2024/25,2025/01/31,Department of Correctional Services (DCS),"soap ,toilet,100gr",vhatali general trading,"R 4 1,607.00",No contract in place,2024/12/17,2024/12/17,2025/01/31
350,Q4 2024/25,2025/01/31,Department of Correctional Services (DCS),toothbrush,vhatali general trading,"R 1 82,634.00",No contract in place,2024/12/23,2024/12/23,2025/01/31
351,Q4 2024/25,2025/01/31,Department of Correctional Services (DCS),disinfectant,vhatali general trading,"R 2 93,405.00",No contract in place,2024/12/23,2024/12/23,2025/01/31
352,Q4 2024/25,2025/01/31,Department of Correctional Services (DCS),"cleaner ,pine,gel",sphuthi holdings 85 pty (ltd),"R 6 84,138.00",No contract in place,2024/12/24,2024/12/24,2025/01/31
353,Q4 2024/25,2025/01/31,Department of Correctional Services (DCS),"steel wool ,500gr,packet",vhatali general trading,"R 2 00,460.00",No contract in place,2024/12/11,2024/12/11,2025/03/31
354,Q4 2024/25,2025/01/31,Department of Correctional Services (DCS),"cloth,cleaning ,dish",hleloluhle trading and projects,"R 1 72,300.00",No contract in place,2024/11/01,2024/12/04,2024/12/04
355,Q4 2024/25,2025/01/31,Department of Correctional Services (DCS),cleaning materials,creative minds business solutions,"R 2 22,754.00",No contract in place,2024/11/01,2024/12/18,2024/12/18
356,Q4 2024/25,2025/01/31,Department of Correctional Services (DCS),chicken,creative minds business solutions,"R 2 29,520.00",No contract in place,2024/11/01,2024/11/13,2025/02/13
357,Q4 2024/25,2025/01/31,Department of Correctional Services (DCS),beef,sikhwamesihle (pty) ltd,"R 1 87,097.50",No contract in place,2024/11/01,Not Stated,Not Stated
358,Q4 2024/25,2025/01/31,Department of Correctional Services (DCS),chicken,sikhwamesihle (pty) ltd,"R 3 27,600.00",No contract in place,2024/11/01,Not Stated,Not Stated
359,Q4 2024/25,2025/01/31,Department of Correctional Services (DCS),beef,sikhwamesihle (pty) ltd,"R 1 80,000.00",No contract in place,2024/11/01,Not Stated,Not Stated
360,Q4 2024/25,2025/01/31,Department of Correctional Services (DCS),fish,bhongthole holdings,"R 7 56,280.00",No contract in place,2024/11/22,Not Stated,Not Stated
361,Q4 2024/25,2025/01/31,Department of Correctional Services (DCS),coal peas,sparkle house cleaning co.,"R 1 35,900.00",No contract in place,2024/11/22,Not Stated,Not Stated
362,Q4 2024/25,2025/01/31,Department of Correctional Services (DCS),steel wool,sparkle house cleaning co.,"R 2 84,650.00",No contract in place,2024/11/22,Not Stated,Not Stated
363,Q4 2024/25,2025/01/31,Department of Correctional Services (DCS),plastic refuse bag,zbn clothing manufacture and construction,"R 1 63,600.00",No contract in place,2024/11/22,Not Stated,Not Stated
364,Q4 2024/25,2025/01/31,Department of Correctional Services (DCS),toilet brush,vuka jinda trading,"R 1 52,970.00",No contract in place,2024/11/22,Not Stated,Not Stated
365,Q4 2024/25,2025/01/31,Department of Correctional Services (DCS),sugar,vuka jinda trading,"R 6 1,900.00",No contract in place,2024/12/05,Not Stated,Not Stated
366,Q4 2024/25,2025/01/31,Department of Correctional Services (DCS),maltabella,vuka jinda trading,"R 1 32,000.00",No contract in place,2024/12/04,Not Stated,Not Stated
367,Q4 2024/25,2025/01/31,Department of Correctional Services (DCS),oats meal,vuka jinda trading,"R 3 95,940.00",No contract in place,2024/12/05,Not Stated,Not Stated
368,Q4 2024/25,2025/01/31,Department of Correctional Services (DCS),full cream milk,vuka jinda trading,"R 8 77,500.00",No contract in place,2024/12/11,Not Stated,Not Stated
369,Q4 2024/25,2025/01/31,Department of Correctional Services (DCS),sugar beans,vuka jinda trading,"R 8 19,400.00",No contract in place,2024/12/19,Not Stated,Not Stated
370,Q4 2024/25,2025/01/31,Department of Correctional Services (DCS),soup powder,vuka jinda trading,"R 2 12,000.00",No contract in place,2024/12/20,Not Stated,Not Stated
371,Q4 2024/25,2025/01/31,Department of Correctional Services (DCS),maize meal,vuka jinda trading,"R 2 15,000.00",No contract in place,2024/12/02,Not Stated,Not Stated
372,Q4 2024/25,2025/01/31,Department of Correctional Services (DCS),powder fruit drink,vuka jinda trading,"R 5 26,000.00",No contract in place,2024/12/13,Not Stated,Not Stated
373,Q4 2024/25,2025/01/31,Department of Correctional Services (DCS),brown rice,vuka jinda trading,"R 7 59,000.00",No contract in place,2024/12/02,Not Stated,Not Stated
374,Q4 2024/25,2025/01/31,Department of Correctional Services (DCS),tomato puree,vuka jinda trading,"R 8 39,400.00",No contract in place,2024/12/13,Not Stated,Not Stated
375,Q4 2024/25,2025/01/31,Department of Correctional Services (DCS),maize rice,vuka jinda trading,"R 2 19,920.00",No contract in place,2024/12/11,2024/12/11,2024/12/11
376,Q4 2024/25,2025/01/31,Department of Correctional Services (DCS),curry powder,vuka jinda trading,"R 3 27,000.00",No contract in place,2024/12/03,2024/12/03,Not Stated
377,Q4 2024/25,2025/01/31,Department of Correctional Services (DCS),margarine yellow,vuka jinda trading,"R 1 90,365.60",No contract in place,2024/12/03,2024/12/03,Not Stated
378,Q4 2024/25,2025/01/31,Department of Correctional Services (DCS),samp,vuka jinda trading,"R 6 4,248.00",No contract in place,2024/12/03,2024/12/03,Not Stated
379,Q4 2024/25,2025/01/31,Department of Correctional Services (DCS),white vineger,more event sound production,"R 7 3,027.06",No contract in place,2024/12/03,2024/12/03,Not Stated
380,Q4 2024/25,2025/01/31,Department of Correctional Services (DCS),chicken,more event sound production,"R 4 ,250.00",No contract in place,2024/12/03,2024/12/03,Not Stated
381,Q4 2024/25,2025/01/31,Department of Correctional Services (DCS),beef,more event sound production,"R 2 0,763.00",No contract in place,2024/12/03,2024/12/03,Not Stated
382,Q4 2024/25,2025/01/31,Department of Correctional Services (DCS),fish,kentmark trading,"R 5 3,199.00",No contract in place,2024/12/03,2024/12/03,Not Stated
383,Q4 2024/25,2025/01/31,Department of Correctional Services (DCS),brown sugar,kentmark trading,"R 2 6,939.00",No contract in place,2024/12/03,2024/12/03,Not Stated
384,Q4 2024/25,2025/01/31,Department of Correctional Services (DCS),maltabella,kentmark trading,"R 1 0,467.00",No contract in place,2024/12/03,2024/12/03,Not Stated
385,Q4 2024/25,2025/01/31,Department of Correctional Services (DCS),oats meal,kentmark trading,"R 2 1,384.00",No contract in place,2024/12/03,2024/12/03,Not Stated
386,Q4 2024/25,2025/01/31,Department of Correctional Services (DCS),full cream milk powder,kentmark trading,"R 2 5,650.00",No contract in place,2024/12/03,2024/12/03,Not Stated
387,Q4 2024/25,2025/01/31,Department of Correctional Services (DCS),sugar beans,kentmark trading,"R 1 8,900.00",No contract in place,2024/12/03,2024/12/03,Not Stated
388,Q4 2024/25,2025/01/31,Department of Correctional Services (DCS),soup powder mixed,kentmark trading,"R 3 57,000.00",No contract in place,2024/12/03,2024/12/03,Not Stated
389,Q4 2024/25,2025/01/31,Department of Correctional Services (DCS),super maize meal,kentmark trading,"R 4 06,250.00",No contract in place,2024/12/03,2024/12/03,Not Stated
390,Q4 2024/25,2025/01/31,Department of Correctional Services (DCS),powder fruit drink,autonic engineering,"R 1 91,367.00",No contract in place,2024/12/24,2024/01/02,2025/01/31
391,Q4 2024/25,2025/01/31,Department of Correctional Services (DCS),brown rice,autonic engineering,"R 7 85,400.00",No contract in place,2024/12/02,Not Stated,Not Stated
392,Q4 2024/25,2025/01/31,Department of Correctional Services (DCS),tomato puree,kentmark trading,"R 4 7,750.00",No contract in place,2024/12/02,Not Stated,Not Stated
393,Q4 2024/25,2025/01/31,Department of Correctional Services (DCS),maize rice,kentmark trading,"R 3 0,600.00",No contract in place,2024/12/04,Not Stated,Not Stated
394,Q4 2024/25,2025/01/31,Department of Correctional Services (DCS),curry powder,kentmark trading,"R 2 6,470.00",No contract in place,2024/12/04,Not Stated,Not Stated
395,Q4 2024/25,2025/01/31,Department of Correctional Services (DCS),margarine yellow pread,khonavhe trading enterprise and projects 9pty) ltd,"R 1 16,850.00",No contract in place,2024/12/04,Not Stated,Not Stated
396,Q4 2024/25,2025/01/31,Department of Correctional Services (DCS),groceries,malakatsa general services,"R 2 2,140.00",No contract in place,2024/12/05,Not Stated,Not Stated
397,Q4 2024/25,2025/01/31,Department of Correctional Services (DCS),bread ingredients,khudu matlapeng distributor,"R 3 2,472.00",No contract in place,2024/12/12,Not Stated,Not Stated
398,Q4 2024/25,2025/01/31,Department of Correctional Services (DCS),perishables,ndit investment (pty) ltd,"R 5 7,072.00",No contract in place,2024/12/12,Not Stated,Not Stated
399,Q4 2024/25,2025/01/31,Department of Correctional Services (DCS),groceries,renomalwazi flex,"R 4 4,280.00",No contract in place,2024/12/12,Not Stated,Not Stated
400,Q4 2024/25,2025/01/31,Department of Correctional Services (DCS),groceries,mmakhuduga projects (pty) ltd,"R 1 4,760.00",No contract in place,2024/12/13,Not Stated,Not Stated
401,Q4 2024/25,2025/01/31,Department of Correctional Services (DCS),slices brown bread 700g,nkosinathi trading enterprise,"R 1 99,260.00",No contract in place,2024/12/13,Not Stated,Not Stated
402,Q4 2024/25,2025/01/31,Department of Correctional Services (DCS),cleaning ma+c14+b10:g13+b10:h13,after dark reloaded,"R 4 9,200.00",No contract in place,2024/12/13,Not Stated,Not Stated
403,Q4 2024/25,2025/01/31,Department of Correctional Services (DCS),cleaning material & toiletries,k2016465585,"R 1 4,760.00",No contract in place,2024/12/13,Not Stated,Not Stated
404,Q4 2024/25,2025/01/31,Department of Correctional Services (DCS),cleaning material & toiletries,tshetlha general projects,"R 4 4,169.00",No contract in place,2024/12/13,Not Stated,Not Stated
405,Q4 2024/25,2025/01/31,Department of Correctional Services (DCS),cleaning material & toiletries,kwpg,"R 1 4,883.00",No contract in place,2024/12/13,Not Stated,Not Stated
406,Q4 2024/25,2025/01/31,Department of Correctional Services (DCS),perishable,medutu,"R 9 ,840.00",No contract in place,2024/12/13,Not Stated,Not Stated
407,Q4 2024/25,2025/01/31,Department of Correctional Services (DCS),cleaning and toiletries,sivent trading,"R 2 9,520.00",No contract in place,2024/12/13,Not Stated,Not Stated
408,Q4 2024/25,2025/01/31,Department of Correctional Services (DCS),cleaning and toiletries,aripembele projects,"R 9 ,471.00",No contract in place,2024/12/13,Not Stated,Not Stated
409,Q4 2024/25,2025/01/31,Department of Correctional Services (DCS),cleaning and toiletries,courage innco,"R 4 ,428.00",No contract in place,2024/12/13,Not Stated,Not Stated
410,Q4 2024/25,2025/01/31,Department of Correctional Services (DCS),groceries,kholoma,"R 2 29,250.00",No contract in place,2024/12/19,Not Stated,Not Stated
411,Q4 2024/25,2025/01/31,Department of Correctional Services (DCS),soap toilet,kwset,"R 2 54,800.00",No contract in place,2024/12/19,Not Stated,Not Stated
412,Q4 2024/25,2025/01/31,Department of Correctional Services (DCS),soap liquid dishwasher,el elohe israel,"R 1 07,460.00",No contract in place,2024/12/19,Not Stated,Not Stated
413,Q4 2024/25,2025/01/31,Department of Correctional Services (DCS),soa[ general purpose 1kg,vuka jinda trading,"R 4 0,000.00",No contract in place,2024/12/19,Not Stated,Not Stated
414,Q4 2024/25,2025/01/31,Department of Correctional Services (DCS),sunflower cooking oil,vuka jinda trading,"R 2 2,950.00",No contract in place,2024/12/19,Not Stated,Not Stated
415,Q4 2024/25,2025/01/31,Department of Correctional Services (DCS),peanut butter,vuka jinda trading,"R 4 8,000.00",No contract in place,2024/12/19,Not Stated,Not Stated
416,Q4 2024/25,2025/01/31,Department of Correctional Services (DCS),jam assorted,vuka jinda trading,"R 6 3,000.00",No contract in place,2024/12/19,Not Stated,Not Stated
417,Q4 2024/25,2025/01/31,Department of Correctional Services (DCS),soya mince,optimer,"R 3 2,500.00",No contract in place,2024/12/19,Not Stated,Not Stated
418,Q4 2024/25,2025/01/31,Department of Correctional Services (DCS),cleaning material,veloster,"R 1 2,000.00",No contract in place,2024/12/19,Not Stated,Not Stated
419,Q4 2024/25,2025/01/31,Department of Correctional Services (DCS),perishables,fysh trading,"R 9 6,000.00",No contract in place,2024/12/19,Not Stated,Not Stated
420,Q4 2024/25,2025/01/31,Department of Correctional Services (DCS),non-perishables,jemmel,"R 2 1,500.00",No contract in place,2024/12/19,Not Stated,Not Stated
421,Q4 2024/25,2025/01/31,Department of Correctional Services (DCS),non-perishables,ed services,"R 5 ,175.00",No contract in place,2024/12/19,Not Stated,Not Stated
422,Q4 2024/25,2025/01/31,Department of Correctional Services (DCS),non-perishables,nor-les,"R 1 2,468.00",No contract in place,2024/12/19,Not Stated,Not Stated
423,Q4 2024/25,2025/01/31,Department of Correctional Services (DCS),non-perishables,prezzentity,"R 2 3,000.00",No contract in place,2024/12/19,Not Stated,Not Stated
424,Q4 2024/25,2025/01/31,Department of Correctional Services (DCS),non-perishables,zjt foods,"R 3 ,150.00",No contract in place,2024/12/19,Not Stated,Not Stated
425,Q4 2024/25,2025/01/31,Department of Correctional Services (DCS),non-perishables,phohu corporate,"R 2 3,500.00",No contract in place,2024/12/19,Not Stated,Not Stated
426,Q42024/25,2025/01/31,DepartmentofCorrectionalServices(DCS),cleaningmaterial,lungadistrubutorscc,"R 2 60,666.25",Nocontractinplace,2024/12/09,2024/12/13,Not Stated
427,Q42024/25,2025/01/31,DepartmentofCorrectionalServices(DCS),non-perishables,rontoo,"R 5 81,221.50",Nocontractinplace,2024/12/11,2024/12/13,Not Stated
428,Q42024/25,2025/01/31,DepartmentofCorrectionalServices(DCS),perishables,olweba(pty)ltd,"R 9 01,434.45",Nocontractinplace,2024/12/13,2024/12/31,Not Stated
429,Q4 2024/25,2025/01/31,Department of Correctional Services (DCS),perishables,arc con,"R 2 78,469.00",No contract in place,2024/12/06,2024/12/01,2025/02/01
430,Q4 2024/25,2025/01/31,Department of Correctional Services (DCS),emergency repair of power supply to pump station,robskin pty ltd,"R 6 84,823.84",No contract in place,2024/12/06,2024/12/01,2025/02/01
431,Q4 2024/25,2025/01/31,Department of Correctional Services (DCS),perishables,jakkata pty ltd,"R 9 27,225.00",No contract in place,2024/12/12,2024/12/01,2025/02/01
432,Q4 2024/25,2025/01/31,Department of Correctional Services (DCS),perishables,jemmel (pty) ltd,"R 8 1,975.00",No contract in place,2024/12/13,2024/12/01,2025/02/01
433,Q4 2024/25,2025/01/31,Department of Correctional Services (DCS),perishables,anga sales,"R 9 ,675.00",No contract in place,2024/12/14,2024/12/01,2025/02/01
434,Q4 2024/25,2025/01/31,Department of Correctional Services (DCS),non-perishables,ket distributors,"R 2 2,061.18",No contract in place,2024/12/15,2024/12/01,2025/02/01
435,Q4 2024/25,2025/01/31,Department of Correctional Services (DCS),non-perishables,cantz trade,"R 1 79,610.00",No contract in place,2024/12/09,2024/12/09,2025/01/09
436,Q4 2024/25,2025/01/31,Department of Correctional Services (DCS),non-perishables,roetrade,"R 7 09,160.00",No contract in place,2024/12/09,2024/12/09,2025/01/09
437,Q4 2024/25,2025/01/31,Department of Correctional Services (DCS),non-perishables,matsediso logistics,"R 3 ,000.00",No contract in place,2024/12/15,2024/12/01,2025/02/01
438,Q4 2024/25,2025/01/31,Department of Correctional Services (DCS),non-perishables,1st gear trading,"R 4 0,000.00",No contract in place,2024/12/09,2024/12/09,2025/01/09
439,Q4 2024/25,2025/01/31,Department of Correctional Services (DCS),emergency repair of walk in freezer at helderstroom medium kitchen,cpt engineering,"R 1 5,840.00",No contract in place,2024/12/11,2024/12/11,2025/01/11
440,Q4 2024/25,2025/01/31,Department of Correctional Services (DCS),emergency repairs of cooking pots and boiler for caledon cc,hunadi food suppliers,"R 9 97,180.00",No contract in place,2024/12/11,2024/12/11,2025/01/11
441,Q4 2024/25,2025/01/31,Department of Correctional Services (DCS),perishables,franq,"R 3 4,164.00",No contract in place,2024/12/11,2024/12/11,2025/01/11
442,Q4 2024/25,2025/01/31,Department of Correctional Services (DCS),perishables,lamagcina ent,"R 4 ,220.00",No contract in place,2024/12/17,2024/12/17,2024/12/18
443,Q4 2024/25,2025/01/31,Department of Correctional Services (DCS),perishables,lenipoint,"R 2 8,458.00",No contract in place,2024/12/13,Not Stated,Not Stated
444,Q4 2024/25,2025/01/31,Department of Correctional Services (DCS),perishables,lenipoint,"R 7 6,260.00",No contract in place,2024/12/13,Not Stated,Not Stated
445,Q4 2024/25,2025/01/31,Department of Correctional Services (DCS),perishables,phuphuma trading,"R 6 2,730.00",No contract in place,2024/12/13,Not Stated,Not Stated
446,Q4 2024/25,2025/01/31,Department of Correctional Services (DCS),cleaning material,ishuna agencies,"R 2 2,878.00",No contract in place,2024/12/13,Not Stated,Not Stated
447,Q4 2024/25,2025/01/31,Department of Correctional Services (DCS),non-perishables,lamagcina ent,"R 1 9,680.00",No contract in place,2024/12/13,Not Stated,Not Stated
448,Q4 2024/25,2025/02/05,Community Schemes Ombud Service (CSOS),"Appointment of a service provider to support and maintain the website at
CSOS.",Nomasathi Group (Pty) Ltd,"R 1 6,900.00","The website was breached, and investigations revealed a compromise in the hosting platform. The
hosting services, contracted to Red Cactus, were outside the scope of Namosathi. However, due to
contractual limitations, Red Cactus was unable to assist. As a result, a variation was sought to extend
Namosathi’s scope to address the issue. After the contract ended in November 2024, it was discovered
that the Purchase Order (PO) lacked sufficient funds to cover all invoices. As a result, two invoices for
services rendered in October and November 2024 remain outstanding. The outstanding amount of",2024/10/01,Not Stated,Not Stated
449,Q4 2024/25,2025/02/05,Community Schemes Ombud Service (CSOS),Procurement of Caseware License Renewal,Adapt IT (Pty) Ltd,"R 2 03,238.92","CSOS currently uses Sage Evolution financial system to keep the accurate records as required by the
PFMA and uses CASEWARE application for financial reporting to produce the monthly, quarterly, and
annual Financial Statement. The CaseWare application will allow the entity to produce financial
statements which are GRAP compliant. The non-renewal of the license will have an adverse effect as
CSOS will not be able to prepare and submit annual financial statements on time.",2025/01/23,Not Stated,Not Stated
450,Q4 2024/25,2025/02/11,Department of Human Settlements,204 Beneficiaries in various areas within City of Cape Town,RS Construction,"R 2 56,568.00",Procurement occurred in Emergency situation and urgent cases,2025/10/02,Not Stated,Not Stated
451,Q4 2024/25,2025/01/31,Department of Correctional Services (DCS),perishables,busy corner meat specialities,"R 2 68,312.00",No contract in place,2024/12/10,Not Stated,Not Stated
452,Q4 2024/25,2025/01/31,Department of Correctional Services (DCS),non-perishables,mbheu logistics,"R 9 3,600.00",No contract in place,2024/12/19,Not Stated,Not Stated
453,Q4 2024/25,2025/01/31,Department of Correctional Services (DCS),toiletries,ishuna agencies,"R 2 87,425.00",No contract in place,2024/12/19,Not Stated,Not Stated
454,Q4 2024/25,2025/01/31,Department of Correctional Services (DCS),perishables,the food hub freshness pty ltd,"R 2 61,958.00",No contract in place,2024/12/19,Not Stated,Not Stated
455,Q4 2024/25,2025/01/31,Department of Correctional Services (DCS),perishables,bottie trading (pty) ltd,"R 1 71,030.00",No contract in place,2024/12/19,Not Stated,Not Stated
456,Q4 2024/25,2025/01/31,Department of Correctional Services (DCS),perishables,staple extreme,"R 4 0,050.00",No contract in place,2024/12/17,Not Stated,Not Stated
457,Q4 2024/25,2025/01/31,Department of Correctional Services (DCS),non-perishables,kholoma,"R 3 5,860.00",No contract in place,2024/12/17,Not Stated,Not Stated
458,Q4 2024/25,2025/01/31,Department of Correctional Services (DCS),non-perishables,kwset,"R 2 5,584.00",No contract in place,2024/12/17,Not Stated,Not Stated
459,Q4 2024/25,2025/01/31,Department of Correctional Services (DCS),matresses,bottie trading,"R 3 0,000.00",No contract in place,2024/12/17,Not Stated,Not Stated
460,Q4 2024/25,2025/01/31,Department of Correctional Services (DCS),cleaning material & toiletries,caprichem saccs,"R 1 44,900.00",No contract in place,2024/12/17,Not Stated,Not Stated
461,Q4 2024/25,2025/01/31,Department of Correctional Services (DCS),cleaning material & toiletries,microsan,"R 9 08,100.00",No contract in place,2024/12/04,Not Stated,Not Stated
462,Q4 2024/25,2025/01/31,Department of Correctional Services (DCS),supply and delivery of beef,thatro trading and distribution,"R 6 26,220.00",No contract in place,2024/12/05,Not Stated,Not Stated
463,Q4 2024/25,2025/01/31,Department of Correctional Services (DCS),supply and deliveryb of groceries,noks logistics,"R 3 4,580.28",No contract in place,2024/12/03,Not Stated,Not Stated
464,Q4 2024/25,2025/01/31,Department of Correctional Services (DCS),supply and deliveryb of groceries,khudu matlapeng,"R 1 75,950.00",No contract in place,2024/12/05,Not Stated,Not Stated
465,Q4 2024/25,2025/01/31,Department of Correctional Services (DCS),supply and deliveryb of groceries,vharaphanda trading & projects,"R 1 63,350.00",No contract in place,2024/12/05,Not Stated,Not Stated
466,Q4 2024/25,2025/01/31,Department of Correctional Services (DCS),supply and deliveryb of groceries,bakgopa food supplies,"R 5 77,809.00",No contract in place,2024/12/05,Not Stated,Not Stated
467,Q4 2024/25,2025/01/31,Department of Correctional Services (DCS),supply and deliveryb of groceries,gariep general supplies,"R 7 6,230.00",No contract in place,2024/12/05,Not Stated,Not Stated
468,Q4 2024/25,2025/01/31,Department of Correctional Services (DCS),supply and deliveryb of groceries,college jacqueline trading,"R 6 1,006.25",No contract in place,2024/12/09,Not Stated,Not Stated
469,Q4 2024/25,2025/01/31,Department of Correctional Services (DCS),supply and deliveryb of groceries,3dd supplieers,"R 5 0,240.00",No contract in place,2024/12/09,Not Stated,Not Stated
470,Q4 2024/25,2025/01/31,Department of Correctional Services (DCS),"supply and delivery of meat (beef,fish & chicken)",raymo holdings,"R 1 30,105.00",No contract in place,2024/12/09,Not Stated,Not Stated
471,Q4 2024/25,2025/01/31,Department of Correctional Services (DCS),"supply and delivery of meat (beef,fish & chicken)",berconi south africa,R 6 00.00,No contract in place,2024/12/09,Not Stated,Not Stated
472,Q4 2024/25,2025/01/31,Department of Correctional Services (DCS),supply and delivery of bread,vhona tshedza projects,"R 6 ,325.00",No contract in place,2024/12/09,Not Stated,Not Stated
473,Q4 2024/25,2025/01/31,Department of Correctional Services (DCS),groceries-grain products,matrikhs trading and projects,"R 4 2,578.00",No contract in place,2024/12/13,Not Stated,Not Stated
474,Q4 2024/25,2025/01/31,Department of Correctional Services (DCS),fruit and vegetables,linspire 135,"R 5 99,600.00",No contract in place,2024/12/06,Not Stated,Not Stated
475,Q4 2024/25,2025/01/31,Department of Correctional Services (DCS),cleaning material and toiletries,energy 4 us,"R 6 12,000.00",No contract in place,2024/12/11,Not Stated,Not Stated
476,Q4 2024/25,2025/01/31,Department of Correctional Services (DCS),cleaning material and toiletries,sabist trading,"R 8 75,000.00",No contract in place,2024/12/17,Not Stated,Not Stated
477,Q4 2024/25,2025/01/31,Department of Correctional Services (DCS),brown bread flour,mathabatha business enterprise,"R 7 45,000.00",No contract in place,2024/12/06,Not Stated,Not Stated
478,Q4 2024/25,2025/01/31,Department of Correctional Services (DCS),pershables-fish,tahani 124 trading,"R 4 76,000.00",No contract in place,2024/12/18,Not Stated,Not Stated
479,Q4 2024/25,2025/01/31,Department of Correctional Services (DCS),fish & chicken,nape m holdings,"R 8 03,245.00",No contract in place,2024/12/23,Not Stated,Not Stated
480,Q4 2024/25,2025/01/31,Department of Correctional Services (DCS),groceries,pitch black trading enterprise,"R 4 90,080.00",No contract in place,2024/12/23,Not Stated,Not Stated
481,Q4 2024/25,2025/01/31,Department of Correctional Services (DCS),groceries,kb construction,"R 6 96,800.00",No contract in place,2024/12/17,Not Stated,Not Stated
482,Q4 2024/25,2025/01/31,Department of Correctional Services (DCS),groceries (2),mohapi maitse holdings,"R 8 64,000.00",No contract in place,2024/12/23,Not Stated,Not Stated
483,Q4 2024/25,2025/01/31,Department of Correctional Services (DCS),groceries (2),kunku distributors & supplies,"R 1 01,000.00",No contract in place,2024/11/29,Not Stated,Not Stated
484,Q4 2024/25,2025/01/31,Department of Correctional Services (DCS),groceries (4),molea trading & projects,"R 4 70,450.00",No contract in place,2024/12/02,Not Stated,Not Stated
485,Q4 2024/25,2025/01/31,Department of Correctional Services (DCS),groceries (4),lezee trading & projects,"R 8 26,000.00",No contract in place,2024/12/18,Not Stated,Not Stated
486,Q4 2024/25,2025/01/31,Department of Correctional Services (DCS),brown bread,nape m holdings,"R 5 52,500.00",No contract in place,2024/12/03,Not Stated,Not Stated
487,Q4 2024/25,2025/01/31,Department of Correctional Services (DCS),chicken,tredilex,"R 2 82,000.00",No contract in place,2024/12/03,Not Stated,Not Stated
488,Q4 2024/25,2025/01/31,Department of Correctional Services (DCS),groceries,mamolwane services,"R 1 84,500.00",No contract in place,2024/12/12,Not Stated,Not Stated
489,Q4 2024/25,2025/01/31,Department of Correctional Services (DCS),beef,kunku distributors & supplies,"R 4 12,750.00",No contract in place,2024/12/12,Not Stated,Not Stated
490,Q4 2024/25,2025/01/31,Department of Correctional Services (DCS),brown bread,linah global projects,"R 5 60,301.10",No contract in place,2024/12/12,Not Stated,Not Stated
491,Q4 2024/25,2025/01/31,Department of Correctional Services (DCS),toiletries,rfx industries (pty) ltd,"R 6 47,100.00",No contract in place,2024/12/18,Not Stated,Not Stated
492,Q4 2024/25,2025/01/31,Department of Correctional Services (DCS),"meat products,fruit & vegetables",yeyo trading,"R 9 99,592.00",No contract in place,2024/12/18,Not Stated,Not Stated
493,Q4 2024/25,2025/01/31,Department of Correctional Services (DCS),cleaning material,mkhonto wethu eco-chemicals,"R 7 29,000.00",No contract in place,2024/12/18,Not Stated,Not Stated
494,Q4 2024/25,2025/01/31,Department of Correctional Services (DCS),cleaning material,reap greatness,"R 7 36,166.40",No contract in place,2024/12/18,Not Stated,Not Stated
495,Q4 2024/25,2025/01/31,Department of Correctional Services (DCS),cleaning material,liveve projects,"R 8 ,799.80",No contract in place,2024/12/18,Not Stated,Not Stated
496,Q4 2024/25,2025/01/31,Department of Correctional Services (DCS),cleaning material,aluta projects,"R 4 13,500.00",No contract in place,2024/12/18,Not Stated,Not Stated
497,Q4 2024/25,2025/01/31,Department of Correctional Services (DCS),coal peas,shany services,"R 1 01,863.50",No contract in place,2024/12/18,Not Stated,Not Stated
498,Q4 2024/25,2025/01/31,Department of Correctional Services (DCS),chicken,matkem agencies,"R 5 9,000.00",No contract in place,2024/12/18,Not Stated,Not Stated
499,Q4 2024/25,2025/01/31,Department of Correctional Services (DCS),groceries,foodpak trading,"R 2 4,000.00",No contract in place,2024/12/18,Not Stated,Not Stated
500,Q4 2024/25,2025/01/31,Department of Correctional Services (DCS),groceries,lezmin 3465cc,"R 1 51,830.00",No contract in place,2024/12/18,Not Stated,Not Stated
501,Q4 2024/25,2025/01/31,Department of Correctional Services (DCS),groceries,mitarhu holdings,"R 2 53,000.00",No contract in place,2024/12/18,Not Stated,Not Stated
502,Q4 2024/25,2025/01/31,Department of Correctional Services (DCS),sugar & samp,lubuluhle trading,"R 1 84,832.00",No contract in place,2024/12/18,Not Stated,Not Stated
503,Q4 2024/25,2025/01/31,Department of Correctional Services (DCS),chicken (ngqeleni),mazat projects,"R 6 11,150.00",No contract in place,2024/12/05,Not Stated,Not Stated
504,Q4 2024/25,2025/01/31,Department of Correctional Services (DCS),fruit and vegetables (ngqeleni),ss skills,"R 2 17,450.00",No contract in place,2024/12/05,Not Stated,Not Stated
505,Q4 2024/25,2025/01/31,Department of Correctional Services (DCS),fruit and vegetables (mqanduli),mlando enterprise,"R 8 61,700.00",No contract in place,2024/12/12,Not Stated,Not Stated
506,Q4 2024/25,2025/01/31,Department of Correctional Services (DCS),fruit and vegetables (ntabankulu),flipline express,"R 9 80,730.00",No contract in place,2024/12/12,Not Stated,Not Stated
507,Q4 2024/25,2025/01/31,Department of Correctional Services (DCS),fruit and vegetables (mt frere),ezalu enterprise,"R 8 95,364.00",No contract in place,2024/12/04,Not Stated,Not Stated
508,Q4 2024/25,2025/01/31,Department of Correctional Services (DCS),fruit and vegetables (flagstaff),bright opinions trading,"R 2 88,180.00",No contract in place,2024/12/09,Not Stated,Not Stated
509,Q4 2024/25,2025/01/31,Department of Correctional Services (DCS),toothpaste 100ml,yizani siyibambile,"R 2 92,496.76",No contract in place,2024/12/09,Not Stated,Not Stated
510,Q4 2024/25,2025/01/31,Department of Correctional Services (DCS),toothpaste 50ml,amagcina ent,"R 9 97,800.00",No contract in place,2024/12/09,Not Stated,Not Stated
511,Q4 2024/25,2025/01/31,Department of Correctional Services (DCS),"toothpaste 100ml, toothpaste 50ml, toothbrushes, soap toilet and deo
blocks",mathabatha business enterprise,"R 3 84,540.00",No contract in place,2024/12/12,Not Stated,Not Stated
512,Q4 2024/25,2025/01/31,Department of Correctional Services (DCS),fish & chicken,tahani 124 trading,"R 8 97,830.00",No contract in place,2024/12/05,Not Stated,Not Stated
513,Q4 2024/25,2025/01/31,Department of Correctional Services (DCS),groceries,nape m holdings,"R 3 08,416.50",No contract in place,2024/12/05,Not Stated,Not Stated
514,Q4 2024/25,2025/01/31,Department of Correctional Services (DCS),groceries,pitch black trading enterprise,"R 1 63,000.00",No contract in place,2024/12/05,Not Stated,Not Stated
515,Q4 2024/25,2025/01/31,Department of Correctional Services (DCS),groceries (2),kb construction,"R 2 39,380.00",No contract in place,2024/12/04,Not Stated,Not Stated
516,Q4 2024/25,2025/01/31,Department of Correctional Services (DCS),groceries (2),mohapi maitse holdings,"R 3 60,360.00",No contract in place,2024/12/04,Not Stated,Not Stated
517,Q4 2024/25,2025/01/31,Department of Correctional Services (DCS),groceries (4),kunku distributors & supplies,"R 1 44,650.00",No contract in place,2024/12/04,Not Stated,Not Stated
518,Q4 2024/25,2025/01/31,Department of Correctional Services (DCS),groceries (4),molea trading & projects,"R 7 3,700.00",No contract in place,2024/12/04,Not Stated,Not Stated
519,Q4 2024/25,2025/01/31,Department of Correctional Services (DCS),brown bread,lezee trading & projects,"R 8 15,775.00",No contract in place,2024/12/12,Not Stated,Not Stated
520,Q4 2024/25,2025/01/31,Department of Correctional Services (DCS),chicken,nape m holdings,"R 8 76,000.00",No contract in place,2024/12/12,Not Stated,Not Stated
521,Q4 2024/25,2025/01/31,Department of Correctional Services (DCS),groceries,tredilex,"R 9 30,868.00",No contract in place,2024/12/12,Not Stated,Not Stated
522,Q4 2024/25,2025/01/31,Department of Correctional Services (DCS),beef,mamolwane services,"R 7 52,840.00",No contract in place,2024/12/13,Not Stated,Not Stated
523,Q4 2024/25,2025/01/31,Department of Correctional Services (DCS),brown bread,kunku distributors & supplies,"R 7 08,000.00",No contract in place,2024/12/20,Not Stated,Not Stated
524,Q4 2024/25,2025/01/31,Department of Correctional Services (DCS),toiletries,linah global projects,"R 5 69,180.30",No contract in place,2024/12/24,Not Stated,Not Stated
525,Q4 2024/25,2025/01/31,Department of Correctional Services (DCS),"meat products,fruit & vegetables",rfx industries (pty) ltd,"R 9 12,100.80",No contract in place,2024/12/06,Not Stated,Not Stated
526,Q4 2024/25,2025/01/31,Department of Correctional Services (DCS),cleaning material,yeyo trading,"R 1 41,400.00",No contract in place,2024/12/18,2024/12/18,2025/02/24
527,Q4 2024/25,2025/01/31,Department of Correctional Services (DCS),cleaning material,mkhonto wethu eco-chemicals,"R 1 31,920.00",No contract in place,2024/12/18,2024/12/18,2025/02/24
528,Q4 2024/25,2025/01/31,Department of Correctional Services (DCS),cleaning material,reap greatness,"R 5 7,238.00",No contract in place,2024/12/18,2024/12/18,2025/02/24
529,Q4 2024/25,2025/01/31,Department of Correctional Services (DCS),cleaning material,liveve projects,"R 2 4,780.00",No contract in place,2024/12/18,2024/12/18,2025/02/24
530,Q4 2024/25,2025/01/31,Department of Correctional Services (DCS),coal peas,aluta projects,"R 6 30,000.00",No contract in place,2024/12/20,2024/12/20,2025/02/18
531,Q4 2024/25,2025/01/31,Department of Correctional Services (DCS),chicken,shany services,"R 6 40,863.00",No contract in place,2024/12/20,2024/12/20,2025/02/18
532,Q4 2024/25,2025/01/31,Department of Correctional Services (DCS),groceries,matkem agencies,"R 5 13,170.00",No contract in place,2024/12/03,2024/12/03,2025/01/17
533,Q4 2024/25,2025/01/31,Department of Correctional Services (DCS),groceries,foodpak trading,"R 8 1,540.00",No contract in place,2024/12/19,2025/01/06,2025/03/31
534,Q4 2024/25,2025/01/31,Department of Correctional Services (DCS),groceries,lezmin 3465cc,"R 3 4,384.00",No contract in place,2024/12/19,2025/01/06,2025/03/31
535,Q4 2024/25,2025/01/31,Department of Correctional Services (DCS),sugar & samp,mitarhu holdings,R 9 56.00,No contract in place,2024/12/19,2025/01/06,2025/03/31
536,Q4 2024/25,2025/01/31,Department of Correctional Services (DCS),chicken (ngqeleni),lubuluhle trading,"R 4 0,000.00",No contract in place,2024/12/10,2025/01/02,Not Stated
537,Q4 2024/25,2025/01/31,Department of Correctional Services (DCS),fruit and vegetables (ngqeleni),mazat projects,"R 4 0,000.00",No contract in place,2024/12/11,Not Stated,Not Stated
538,Q4 2024/25,2025/01/31,Department of Correctional Services (DCS),fruit and vegetables (mqanduli),ss skills,"R 2 6,546.00",No contract in place,2024/12/11,Not Stated,Not Stated
539,Q4 2024/25,2025/01/31,Department of Correctional Services (DCS),fruit and vegetables (ntabankulu),mlando enterprise,"R 2 5,499.98",No contract in place,2024/12/06,Not Stated,Not Stated
540,Q4 2024/25,2025/01/31,Department of Correctional Services (DCS),fruit and vegetables (mt frere),flipline express,"R 2 0,130.00",No contract in place,2024/12/19,Not Stated,Not Stated
541,Q4 2024/25,2025/01/31,Department of Correctional Services (DCS),fruit and vegetables (flagstaff),ezalu enterprise,"R 4 1,535.00",No contract in place,2024/12/19,Not Stated,Not Stated
542,Q4 2024/25,2025/01/31,Department of Correctional Services (DCS),toothpaste 100ml,bright opinions trading,"R 4 8,000.00",No contract in place,2024/12/19,Not Stated,Not Stated
543,Q4 2024/25,2025/01/31,Department of Correctional Services (DCS),toothpaste 50ml,yizani siyibambile,"R 4 8,000.00",No contract in place,2024/12/10,Not Stated,Not Stated
544,q4 2024/25,2025/01/31,Department of Correctional Services (DCS),"toothpaste 100ml, toothpaste 50ml, toothbrushes, soap toilet and deo
blocks",amagcina ent,"R 4 74,060.00",No contract in place,2024/12/11,Not Stated,Not Stated
545,Q4 2024/25,2025/02/18,National Prosecuting Authority of South Africa (NPA),Forensic Investigative Services,PriceWaterhouse Coopers,"R 1 ,024,277.40","To conduct forensis investigation, provide support and to present evidence during trial proceedings in
the S v Afrollar Trading cc and others",2025/02/14,2025/02/17,2025/02/21
546,Q4 2024/25,2025/02/11,Legal Aid South Africa,"Application for funding Strategic Litigation matter: Tribal Levies:
Ingwana John Mohlala & 11 Others The Premier of Limpopo
Province & Others. (Constitutional Court challenge)","Application for funding Strategic Litigation matter:
Tribal Levies: Ingwana John Mohlala & 11 Others
The Premier of Limpopo Province & Others.
(Constitutional Court challenge)","R 2 72,642.00",Single Source,2025/01/08,2025/01/15,2025/01/16
547,Q4 2024/25,2025/02/11,Legal Aid South Africa,Subscription to Parliamentary Monitoring Group,Subscription to Parliamentary Monitoring Group,"R 8 ,395.00",Sole Service Provider,2025/01/28,2025/01/29,2026/01/28
548,Q4 2024/25,2025/02/11,Legal Aid South Africa,Reading device for newly appointed employee at Mthatha Office,"Reading device for newly appointed employee at
Mthatha Office","R 3 6,050.00",Sole Service Provider,2025/02/05,2025/02/06,2025/02/06
549,Q4 2024/25,2025/02/11,Legal Aid South Africa,Fixing of damaged alarm system for Emalahleni Local Office,"Fixing of damaged alarm system for Emalahleni
Local Office","R 7 ,268.29",Emergency,2025/02/07,2025/02/07,2025/02/07
550,Q4 2024/25,2025/02/19,South African Social Security Agency (SASSA),"Maintenance and Repair of x2 padlock to get stopcock and turn off
water, Replace x2 new padlocks, stop basin tap and replace with
new tap. Replace also flexible hose.",Dedick Traders,"R 2 ,100.00","Deviation,Emergency case as per SCM delegation 3.20 approval for deviation for normal bids",2025/02/11,Not Stated,Not Stated
551,Q4 2024/25,2025/02/21,Special Investigating Unit (SIU),"Provision of Catering Services the Protection of Personal
Information Act (POPIA) training to be held on the 17th – 18th of
February 2025 at SIU -Free State Provincial Office",Sunrise Logistics (Pty)Ltd,"R 2 7,115.00","Less than three (3) quotations obtained for Catering Services the Protection of Personal Information Act
(POPIA) training to be held on the 17th – 18th of February 2025 at SIU -Free State Provincial Office",2025/02/14,2025/02/17,2025/02/18
552,Q4 2024/25,2025/02/11,Department of Human Settlements (DHS),204 beneficiaries in various areas within the City of Cape Town,RS Construction,"R 2 ,566,566.00",Emergency Procurement,2025/02/10,Not Stated,Not Stated
553,Q4 2024/25,2025/02/13,Department of Human Settlements (DHS),"97 beneficiaries of building materials in Moretele Informal Settlements North
West",The Blue Corp,"R 1 ,261,873.00",Emergency Procurement,2025/02/10,Not Stated,Not Stated
554,Q42024/25,2025/02/13,"ArmamentsCorporationofSouthAfricaSOCLtd(ARMSCO
R)",MaintenanceandRepairofIndoorShootingRanges,Arms-StrongTechnologies,"R 1 ,913,043.48","Arms-
StrongTechnologiesCCisthedesignauthorityoftheindoorshootingrangecapabilityandthelicenseeoftheOpe
ratorSoftwareCoachingSystem.",2024/08/30,2024/09/04,2025/02/28
555,Q42024/25,2025/02/13,"ArmamentsCorporationofSouthAfricaSOCLtd(ARMSCO
R)",MaintenanceandRepairofArtilleryTargetEngagementSystem(ATES)Support,ThalesSouthAfrica(Pty)Ltd(TSAS),"R 5 ,380,633.52","ThalesSouthAfricaSystems(TSAS)wascontractedtodeliveranArtilleryTargetEngagementSystem(ATES)
withtheexceptionoftheUnmannedAerialObservationSystem(UAOS)whichwasdeliveredbyAdvancedTech
nologiesandEngineering(Pty)Ltd(ATE).TheUAOSformspartoftheobserversubsystemswithinATES.
TheArtilleryTargetEngagementcapabilityfortheSAArmywasindevelopmentsince1988.producedanddelive
redbyTSASintheyear2000’s.ThereissharedIPwithThalesSAontheATESSoftware.",2024/08/06,2024/08/06,2025/03/31
556,Q4 2024/25,2025/02/13,"Armaments Corporation of South Africa SOC Ltd
(ARMSCOR)","Procurement of 7.62 Ammunition: Round 7.62 X 39MM Cartridge Ball,
FMJSC",China North Industries Corpora,"R 4 2,350,899.63","Previously, this ammunition was procured from Arsenal which is based in Bulgaria, due to recent price
hike from the Eastern block and transportation challenges, a recommendation was made by the client
to extend the supplier base. The RFI was issued to various manufacturers based overseas, only two
manufacturers, one from China and the other from Romania) responded and two local agents who
received the RFI document from one of the suppliers overseas.",2024/10/24,2024/10/24,2025/04/30
557,Q42024/25,2025/02/13,"ArmamentsCorporationofSouthAfricaSOCLtd(ARMSCO
R)",120mmM5MortarSystemSupportFY2024/25.2025/26AND2026/27,SigmaLogisticSolutions,"R 3 ,913,041.00","SigmaLogisticsSolutions(Pty)LtdwasinvolvedwiththeLogisticRe-
engineeringofthe120mmM5MortarandbecametheDesignatedOriginalEquipmentManufacturerandareinp
ossessionofalltheOperatingBaselineDocumentationonthe120mmMortarSystem.Sigmahasbeeninvolved
withthefailureinvestigationsoftheequipment.newdevelopmentsandfeasibilitystudiesoftheproposedchang
esontheequipment.Sigmahasalsobeeninvolvedinthedevelopment.testing.qualificationandimplementatio
nofthefollowingsystems.sight.prismparalleloscope.layingequipmentETSandcargonetting.Thesenewdeve",2024/06/24,2024/06/24,2027/02/28
558,Q42024/25,2025/02/13,"ArmamentsCorporationofSouthAfricaSOCLtd(ARMSCO
R)",ProcurementofGeckoRDLVSparesandComponentsforSAArmy,AutoDispense,"R 1 ,433,311.27","AutoDispenseistheOEMoftheGECKOProductSystemandholdsthedatapackrequiredforrepairandservices
toberendered.IthastheinfrastructurefortheprocurementandrepairoftheGECKOProductSystem",2024/08/26,2024/09/06,2025/02/28
559,Q42024/25,2025/02/13,"ArmamentsCorporationofSouthAfricaSOCLtd(ARMSCO
R)",InstallationandCommissioningofTelecommunicationlinksat5SitesinGauteng,NEC.XON,"R 3 4,061,390.00","Thistaskentailstheinstallationandcommissioningof5telecommunicationlinksintheGautengProvince.Under
acontract.directlyfromtheDepartmentofDefense.NECXONHoldingsinstalled80%ofallnodesinGautengand
purchasedacommunicationmanagementsystemofnearlyRm90.Thesenew5linksneedtobedirectlycompati
blewiththeothernodesaswellasthecommunicationmanagementsystem.Involvinganyothercontractorwillinc
reasethetechnicalrisktounacceptablelevels.ItisthereforeproposedthatNECXONHoldingsbeapproachedo
nasinglesourcebasistocompletetheGautengmicrowavecommunicationsystem.",2024/07/01,2024/08/01,2025/02/28
560,Q42024/25,2025/02/13,"ArmamentsCorporationofSouthAfricaSOCLtd(ARMSCO
R)","UpgradeoftheCNIS(COMBATNETINTEROPERABILITYSTANDARD)andSt
ack",ReutechComms,"R 1 4,176,860.00","ThistaskentailstheimplementationofupgradestotheCNIS(CombatNetInteroperabilityStandard)andStack.
TheupgradewillentailadvancedmodemsforHF(HighFrequency)andV/UHF(Very/UltraHighFrequency)Sy
stems.ThespecificimplementationwillincludetheSTANAG4538waveform(forHF)and64Kbit/swaveform(fo
rV/UHF)systems.Newalgorithmsforautoroutingaswellasmessageacknowledgmentwillalsobeimplemente
d.",2024/09/30,2024/12/15,2029/09/30
561,Q42024/25,2025/02/13,"ArmamentsCorporationofSouthAfricaSOCLtd(ARMSCO
R)",MaintenanceandRepairofOpticalEquipment,SpektrumLogisticsServices(Pty)Ltd,"R 2 ,370,436.00","SpektrumistheserviceproviderinthemaintenanceandrepairofOpticalEquipmentofArtillerySystemsfortheS
AArmysince1998.OpticalEquipmentforArtillerySystemsarespecializedequipmentforcombatfirecontroland
asaresult.SpektrumhastherequiredtoolsandfacilitiesFurthermore.audits&calibrationrecordsanddatapack
sforsuchcriticalsafetysystemsinaidduringfirecontrolareconfiguredbySpektrum.",2024/07/22,2024/08/27,2026/02/19
562,Q42024/25,2025/02/13,DepartmentofHumanSettlements(DHS),97BeneficiariesBuildingMaterialMoreteleInformalSettlementsNorthwest,TheBlueCorp,"R 1 ,261,873.00",ProcurementoccurredinEmergency,2025/10/02,Not Stated,Not Stated
563,Q4 2024/25,2025/02/19,South African National Accreditation System (SANAS),Annual subscription renewal Caseware,Adapt IT,"R 1 74,556.49",Sole Service Provider,2025/01/23,2025/02/03,2026/02/02
564,Q4 2024/25,2025/02/19,South African National Accreditation System (SANAS),Fixed term contract -extension,Only recruitment,"R 1 08,063.36",Single Source,2025/02/11,2025/02/13,2027/02/12
565,Q42024/25,2025/02/03,EskomHoldingsSOCLtd,ThesupplyanddeliveryofvariousModulesUPSsparesatDuvhaPowerStation.,ChlorideSAS,"R 1 ,168,742.39","Essentialuninterruptiblepowersuppliesareusedwhereequipmentcannotwithstandanyinterruptioninsupply.
Thesesuppliesareprovidedbyuninterruptiblepowersupplyunitsorbatterychargerswhichisbacked-
upbybatteries.Criticalloadsthatrequireanuninterruptablepowersupply(UPS)arerequiredforthesafeshutdo
wnoftheplantifnormalpowersuppliesareinterruptedandunavailable.Maintaincommunication.instrumentati
onandprotectionfacilitiesforcertainperiodsfollowingnormalpowersupplyinterruptionsandunavailability.Ke
epplantinastateofreadiness.wherepracticable.forrapidre-",2024/10/24,2025/01/23,2025/02/28
566,Q4 2024/25,2025/02/03,Eskom Holdings SOC Ltd,Supply off 4 Turbine LP 21 Stage 6 Stationery Blades.,General Electric Steam Power,"R 6 8,498.19","Spares required for Medupi Power Station, Unit 4 return to service.",2025/01/08,2025/01/13,2025/02/17
567,Q4 2024/25,2025/02/03,Eskom Holdings SOC Ltd,HSSD West Crane hire with Driver at Tutuka Power Station.,Ritchie Crane Hire,"R 4 ,178,280.00","The Western half Station shut down project is under execution and currently the final installation of
valves is in progress. Mobile cranes are a critical piece of equipment necessary for the installation and
timely completion of CW valves installation project. Due to contractual dispute which led to the
appointed subcontractor terminating their services with their principal contractor, this poses a
significant risk to the project timeline as the removal of the cranes would put the project on an indefinite
standby and delay unit 2 and 3 return to service. Given the importance of maintaining progress, Tutuka",2025/01/07,2025/01/14,2025/01/17
568,Q4 2024/25,2025/02/03,Eskom Holdings SOC Ltd,"The supply and delivery of sedans, light and heavy commercial vehicles
and busses to the state-owned entities using the National Treasury (NT)
RT57-2022 Transversal contracts for the period of 22 months.",Nissan South Africa,"R 2 5,067,887.67","Eskom Generation vehicles have exceeded their life cycle. Their kilometres are very high with high
maintenance costs and are not safe to use. The Gx sites need to purchase the vehicles on an as and
when required basis. The vehicles range from sedans, light and heavy commercial vehicles and
busses. They will be delivered to the various Power Stations in all the provinces with Generation sites.
Eskom fleet commodity is strategic as the business is dependent on reliable vehicles with proper
fitments to perform services and business outputs to keep the lights on across the country.",2025/01/10,2025/01/10,2026/10/30
569,Q4 2024/25,2025/02/03,Eskom Holdings SOC Ltd,"The supply and delivery of sedans, light and heavy commercial vehicles
and busses to the state-owned entities using the National Treasury (NT)
RT57-2022 Transversal contracts for the period of 22 months.",Isuzu Motors South Africa,"R 1 1,045,881.47","Eskom Generation vehicles have exceeded their life cycle. Their kilometres are very high with high
maintenance costs and are not safe to use. The Gx sites need to purchase the vehicles on an as and
when required basis. The vehicles range from sedans, light and heavy commercial vehicles and
busses. They will be delivered to the various Power Stations in all the provinces with Generation sites.
Eskom fleet commodity is strategic as the business is dependent on reliable vehicles with proper
fitments to perform services and business outputs to keep the lights on across the country.",2025/01/10,2025/01/10,2026/10/30
570,Q4 2024/25,2025/02/03,Eskom Holdings SOC Ltd,"The supply and delivery of sedans, light and heavy commercial vehicles
and busses to the state-owned entities using the National Treasury (NT)
RT57-2022 Transversal contracts for the period of 22 months.",Nissan South Africa,"R 2 9,353,424.35","Eskom Generation vehicles have exceeded their life cycle. Their kilometres are very high with high
maintenance costs and are not safe to use. The Gx sites need to purchase the vehicles on an as and
when required basis. The vehicles range from sedans, light and heavy commercial vehicles and
busses. They will be delivered to the various Power Stations in all the provinces with Generation sites.
Eskom fleet commodity is strategic as the business is dependent on reliable vehicles with proper
fitments to perform services and business outputs to keep the lights on across the country.",2025/01/10,2025/01/10,2026/10/30
571,Q4 2024/25,2025/02/03,Eskom Holdings SOC Ltd,Supply and delivery of Calibrator Press: 0-700 BAR;24 VDC,High Pressure Valve Service,"R 9 4,262.05","Due to the tight deadline given for the critical spend, it is impractical to invite competitive bidders as the
normal procurement process has a 180-day schedule as per previous procurement processes. It is
also impractical as there is a National Treasury dead period from 13 December 2024 until 15 January
2025 thus delaying the procurement process. Generation has critical spend funding which is required
to be spent by 31 March 2025. Due to the conditions made on the funding which includes that all items
must be delivered by 31 March 2025 or else funds are forfeit. The funding was only recently made",2025/01/14,2025/01/21,2025/02/14
572,Q4 2024/25,2025/02/03,Eskom Holdings SOC Ltd,Purchase of C&I SO3 critical spares (Transmitters & Cards).,Izandra Trading 18 (Pty) Ltd,"R 3 ,979,624.51","On 29 September 2024 an urgent situation arose at Matimba Power Station due to the U2,3,4 and 5
running with unreliable process air flow transmitters. Matimba Power Station is running O2 and SO3
plants with compromised controls due to most critical instruments being unavailable as they are faulty
and Station inventory for these spares is at zero. Urgent reinstatement of these controls is crucial for
long-term running of the plant and to be able to manage Station emissions to comply with
environmental license.",2025/01/14,2025/01/15,2025/02/28
573,Q4 2024/25,2025/02/03,Eskom Holdings SOC Ltd,Provision of four Safety Spotters for unit 6 recovery and repair work.,EM Nine Trading and Projects,"R 3 ,016,238.40","On 12 December 2024 an emergency incident occurred at Matla Power Station unit 6. This incident
resulted in injuries to employees, structural damage and damage to the plant. The recovery work at
unit 6 is in progress and therefore it is crucial to ensure that the work is executed safely and to identify
unsafe areas that should be safe guarded before the execution of work, full time monitoring of the
activities by safety spotters is required.",2025/01/14,2025/01/16,2025/10/15
574,Q4 2024/25,2025/02/03,Eskom Holdings SOC Ltd,"Supply and delivery of Various Generator and Turbine Consumables
spares.",Mzitau TI and Projects,"R 9 ,223,118.66","The steel items are needed urgently for the upcoming outages as there is no stock available and the
items are affected by fluctuating prices in the market which makes them difficult to source from
suppliers. The urgent order is necessary because the market is affected by shortage of the steel
commodity. The unavailability of the items will lead to units in outages to return to service late which
will affect EAF.",2025/01/15,2025/01/15,2026/01/14
575,Q4 2024/25,2025/02/03,Eskom Holdings SOC Ltd,Repair of Auxiliary Plant Pumps.,Hybrid Artisan,"R 1 ,148,850.00","On 10 July 2024 an urgent situation arose at Auxiliary Plant when we lost and damaged ADP and Haul
road sump pumps, aux cooling close, secondary cooling pump, Ash dam 1, sewage pumps, dams
management pumps and all other damaged water plant pumps that got damaged .",2025/01/16,2025/01/16,2025/05/09
576,Q4 2024/25,2025/02/03,Eskom Holdings SOC Ltd,Repair of Auxiliary Plant Pumps.,Turbofluid Projects,"R 3 ,137,900.35","On 10 July 2024 an urgent situation arose at Auxiliary Plant when we lost and damaged ADP and Haul
road sump pumps, aux cooling close, secondary cooling pump, Ash dam 1, sewage pumps, dams
management pumps and all other damaged water plant pumps that got damaged .",2025/01/15,2025/01/15,2025/05/09
577,Q4 2024/25,2025/02/03,Eskom Holdings SOC Ltd,Supply and Delivery of Ash and WTP Spares.,Umndeni Industrial Supplies,"R 3 ,749,914.91","On 22 November 2024 an urgent situation arose at Matimba Power Station. The situation arose as a
result of 2A conditioner failure and the repair labyrinth seals unavailability at the stores.",2025/01/16,2025/01/16,2025/01/31
578,Q4 2024/25,2025/02/03,Eskom Holdings SOC Ltd,The Provision of Materials Management unit 4 acceleration.,MK5 Suppliers (Pty) Ltd,"R 2 0,648,480.00","An urgent situation arose at Medupi Power Station for the return of unit 4. The Situation arose as a
result of realising that there is a major risk of not achieving the return of unit 4 which is supposed to
come back on 31 March 2025",2025/01/15,2025/02/01,2025/12/31
579,Q4 2024/25,2025/02/03,Eskom Holdings SOC Ltd,The Supply of mobile Diesel Pumps.,Manufacture Technical Actuator (Pty) Ltd,"R 3 9,725,600.00","On 10 October 2024 an urgent situation arose at Kusile Power Station. The situation arose as a result
of the delays on cleaning activities at the SDD dams and Coal Stock Yard Settling Tank. The diesel
pumps are required when these activities are performed so that they succeed to clean without
interruptions. This is the reason we are no longer supporting the rental but buying so that this situation
when diesel pumps are required, we will have them to our disposal and no emergency situation might
arise.",2025/01/15,2025/01/15,2025/04/15
580,Q4 2024/25,2025/02/03,Eskom Holdings SOC Ltd,Supply and delivery of Ash plant spares.,Ibusisiwe Trading,"R 1 2,311,275.55","On 18 November 2024 an urgent situation arose at Ash Plant due unavailability of spares in time. The
unavailability of spares will have an impact on the scope execution of the dust handling plant which may
result in an outage slip. The refurbishment of the electrostatic precipitators is part of the major scope of
work that will be executed during this outage for the improvement of the Station's environmental
performance by reducing the emissions. The delay of the return to service of the unit will result in load
loss of 640MW/h which equates to an estimate of R3 840 000.00 loss of revenue per day for the period",2024/12/11,2024/12/12,2025/03/12
581,Q4 2024/25,2025/02/03,Eskom Holdings SOC Ltd,Supply and delivery of Ash plant spares.,Ratamang Engineering and Supplies,"R 1 2,705,017.91","On 18 November 2024 an urgent situation arose at Ash Plant due unavailability of spares in time. The
unavailability of spares will have an impact on the scope execution of the dust handling plant which may
result in an outage slip. The refurbishment of the electrostatic precipitators is part of the major scope of
work that will be executed during this outage for the improvement of the Station's environmental
performance by reducing the emissions. The delay of the return to service of the unit will result in load
loss of 640MW/h which equates to an estimate of R3 840 000.00 loss of revenue per day for the period",2024/12/11,2024/12/12,2025/03/12
582,Q4 2024/25,2025/02/03,Eskom Holdings SOC Ltd,Hire Diesel Compressors.,Rand Air South Africa,"R 1 ,281,732.04","It is with a matter of urgency to have the sufficient air supply plant available and reliable at all times. The
goal as Auxiliary Maintenance at Majuba Power Station is to follow a relevant process to obtain the funds and
execute the Hire two mobile compressors for 1 month project and have the risk of Station fire doors
eliminated.",2024/12/19,2024/12/23,2025/02/28
583,Q4 2024/25,2025/02/03,Eskom Holdings SOC Ltd,Supply and delivery of Critical spares.,Ntsika Uhuru,"R 4 7,619,037.57","The unavailability of these spares will render the whole ash and dust plant unavailable and this will lead
to load losses as the units will trip. The request to purchase these spares will prevent this from
happening and improve the availability and reliability of the plant. The availability of the spares
mentioned is of paramount importance due to the reasons mentioned and to prevent any risk that may
affect production and UCLF. The unavailability of these spares has a negative effect on the plant
status, reliability and availability of plant, with a potential of shutting down of the Station should it",2024/11/26,2025/01/23,2026/01/22
584,Q4 2024/25,2025/02/03,Eskom Holdings SOC Ltd,"Supply and delivery of PF Burner Spares for a period of 12 months on an as
and when required basis.",Makwakhe Engineering Construction,"R 5 0,394,846.56","Burners are blanked off at Camden Power Station and some are leaking badly due to unavailability of
burner spares. Furthermore 70% of the burners that were inspected during opportunity were found to
be in a bad condition.",2025/01/14,2025/01/14,2026/01/14
585,Q4 2024/25,2025/02/03,Eskom Holdings SOC Ltd,Repair Water Plant Pumps.,Turbofluid Projects,"R 7 ,614,894.05","On 10 July 2024 an urgent situation arose at Auxiliary Plant when we lost and damaged ADP and haul
road sump pumps, aux cooling close, secondary cooling pump, ash dam 1, sewage pumps, dams’
management pumps and all other damaged water plants pumps that got damaged. The situation
arose because we lost all standby and spare pumps at stores. The goal at Auxiliary Maintenance at
Majuba Power Station is to follow a relevant process to obtain funds an execute the online repairs to
address these leaks project and have the risk eliminated.",2024/08/16,2025/01/20,2025/05/11
586,Q4 2024/25,2025/02/03,Eskom Holdings SOC Ltd,Supply of Hemweg Generator spares.,GE Steam Power (Pty) Ltd,"R 1 4,991,245.12",To procure spares from OEM in assisting the project for Medupi Unit 4 Recovery.,2024/12/05,2025/01/13,2025/08/12
587,Q4 2024/25,2025/02/03,Eskom Holdings SOC Ltd,"The supply and delivery of sedans, light and heavy commercial vehicles
and busses to the state-owned entities using the National Treasury (NT)
RT57-2022 Transversal contracts for the period of 22 months.",Toyota South Africa Motors (Pty) Ltd,"R 2 ,247,149.50","Eskom Generation vehicles have exceeded their life cycle. Their kilometres are very high, with high
maintenance costs and are not safe to use. The Gx sites need to purchase the vehicles on an as and
when required basis. The vehicles range from sedans, light and heavy commercial vehicles, and
busses. They will be delivered to the various power stations in all the provinces with Generation sites.
Eskom fleet commodity is strategic as the business is dependent on reliable vehicles with proper
fitments to perform services and business outputs to keep the lights on across the country.",2025/01/10,2025/01/10,2026/10/30
588,Q4 2024/25,2025/02/03,Eskom Holdings SOC Ltd,"Supply and delivery of new Curo Multistage Pumps (Seal Water Pumps) at
Matla Power Station.",FLSmidth South Africa (Pty) Ltd,"R 1 ,590,823.20","The availability of the seal water pumps is a high priority to prevent catastrophic plant failures on the
plant which would have a negative impact on generating units. Without the critical spares being
available, we cannot run the Slurry Trains to convey the mixture of Boiler bottom Ash (BBA) and
pulverized fuel Ash (PFA) to the Ash Dams. As a result, load losses will be incurred on the units due to
backlog resulting from full silos with PFA and full Hydro bins with BBA.",2025/01/08,2025/01/13,2025/03/13
589,Q4 2024/25,2025/02/03,Eskom Holdings SOC Ltd,"Hire two (2) 1600CFM oil free mobile diesel compressors with driers for 30
days.",Vector Vendor Consulting 4 (Pty) Ltd,"R 1 ,196,000.12","Unit 2 tripped on 6 January 2025 due electrical boards that got wet because of a steam leak from high
pressure heaters. The affected boards components must be repaired and replaced which requires that
the power supply to the duty compressors must be switched off and isolated. This poses a big risk of
no air supply to the other units which can result in multiple unit trips. Hired diesel compressors must be
connected to the system to mitigate the risk. The scope need to be executed to ensure that we try and
manage risk of tripping units due to unavailability of air.",2025/01/14,2025/01/14,2025/02/28
590,Q4 2024/25,2025/02/03,Eskom Holdings SOC Ltd,"Supply, delivery and assembling of park homes as part of production
equipment purchases.",Kwikspace Modular Buildings,"R 7 ,995,145.00","Generation has critical spend funding which is required to be spent by 31 March 2025. Due to the
conditions made on the funding which includes that all items must be delivered by 31 March 2025 or
else funds are forfeit. Due to the tight deadline given for the critical spend, it is impractical to invite
competitive bidders as the normal procurement process has a 180-day schedule as per previous
procurement processes. It is also impractical as there is a national treasury dead period from 13
December 2024 until 15 January 2025 thus delaying the procurement process.",2024/11/08,2025/01/15,2025/01/31
591,Q4 2024/25,2025/02/03,Eskom Holdings SOC Ltd,Hiring of mobile lifting cranes.,Lifho Construction,"R 1 9,936,953.96","There is a potential threat of major consequential expense due to unavailability of the TAC2 conveyor.
The failure of TAC2 has rendered ash stream 2 in operatable, leaving the entire Power Station reliant
on ash stream 1 for ash evacuation. This lack of redundancy significantly increases the risk of ash
accumulation, which could disrupt operations if TAC1 experiences a failure or downtime.",2025/01/16,2025/01/16,2025/04/30
592,Q4 2024/25,2025/02/03,Eskom Holdings SOC Ltd,Supply and delivery of DC Motors.,Mbita Electrical & Construction (Pty) Ltd,"R 1 4,498,286.62","The currently installed DC motors are not reliable and are also expensive to repair. Camden Power
Station has no spare available for these types of motors. The existing motor contract only covered one
item for each to supply existing or off the shelve DC motors. These DC motors are not readily available
on the market. Mbita Electrical has partnered with local DC motor manufacturer to manufacture DC
motors. Mbita Electrical already has Camden Power Station and other Power Stations DC design
drawings. These DC motors are the back-up to the current installed AC motors in case of complete AC",2025/01/16,2025/01/17,2025/06/17
593,Q4 2024/25,2025/02/03,Eskom Holdings SOC Ltd,Supply and delivery of Diesel.,Transtech Afrika (PTY) Ltd,"R 1 5,952,800.00","Tutuka Power Station is using diesel in three different sections, namely: in the compressor plant where
an average of 3000L is being utilized for four mobile diesel compressors per day; at the Coal Stock
Yard for yellow operation during coal handling from the Coal Stock Yard to the Station and at the Ash
disposal where the consumption of diesel is on yellow plant used for ash handling. The Station won't
afford to operate without this commodity, unavailability of diesel for Station operations will lead to
multiple shutdown that will eventually affect generation grid and might cause load shedding in the",2024/12/20,2025/01/13,2025/02/12
594,Q4 2024/25,2025/02/03,Eskom Holdings SOC Ltd,Civil Maintenance labour Service,ELVINEGO CONSTRUCTION AND PROJECTS,"R 3 ,643,936.00","Enquiry for Civil maintenance contract for five years delayed at tender office due to unforeseen
circumstances. Stamping machine was broken thus creating a delay and prolonging the delivery of
returnable to Tutuka Power Station. 57 files were received and Technical team is to commence with
evaluations.",2025/01/10,2025/01/20,2025/07/18
595,Q4 2024/25,2025/02/03,Eskom Holdings SOC Ltd,Supply and delivery of turbine oil.,BP Southern Africa,"R 2 ,736,026.64","The situation arose because of low main Turbine oil level for turbine auxiliary pumps and seal oil plant
system. Should the oil be depleted, we will not be to run the turbine and seal system and this will result
in unit shutdown and possible loadshedding. We can only source from the recommended supplier and
third parties are struggling to source the product from the OEM and the price is normally not market
related.",2025/01/15,2025/01/17,2025/04/25
596,Q4 2024/25,2025/02/03,Eskom Holdings SOC Ltd,Supply and deliver Fuel Oil.,FFS Refiners,"R 5 6,469,600.00","On 31 December 2025 an urgent situation arose at Arnot Power Station. The situation arose as a result
of depleted Fuel Oil stock levels that require to be supplemented by additional Fuel Oil loads to ensure
that Units are fully complimented as the Station experiences high number of mill failures, wet high
number of mill failures, wet coal conditions, RTS of Units 2 and 4 from Plant Breakdown, Units 5 and 6
RTS from GO.",2025/01/02,2025/01/02,2025/03/31
597,Q4 2024/25,2025/02/03,Eskom Holdings SOC Ltd,Supply and delivery of Vacuum Truck.,Moreki Distributors,"R 1 1,018,380.00","It is due to future planning to ensure that Matla does not rely only on contractors to provide the service
but to ensure that the Station has this asset to mitigate the risk during unforeseen circumstances and
experience from history",2025/01/13,2025/01/14,2025/03/05
598,Q4 2024/25,2025/02/03,Eskom Holdings SOC Ltd,Supply and delivery of Vehicles.,Tamboti Toyota and Mogol Motors,"R 2 7,307,002.89","The Fleet Department of Matimba Power Station oversees the Station’s fleet requirements and services
and making sure Eskom vehicles and mobile machinery are available for daily use by employees to
carry out their duties. Due to the aging equipment, the mobile equipment is constantly breaking down
which result in department rendering an unreliable service and makes it difficult for employees to carry
out their duties. This has now resulted in escalated maintenance costs as they attempt to keep the
machinery in operation. Investing in new equipment will improve the reliability and in turn reduce",2025/01/15,2025/01/15,2025/02/28
599,Q4 2024/25,2025/02/03,Eskom Holdings SOC Ltd,Repair Silo 5 Liners.,Cumdla Trading Enterprise,"R 9 38,348.25","Silo Liners fell of the silo earlier than expected since they had just been recently repaired, unit was
running at a risk of tripping due to coal constraints.",2025/01/16,2025/01/16,2025/01/16
600,Q4 2024/25,2025/02/03,Eskom Holdings SOC Ltd,"To provide a service in the troubleshooting and fault finding on the S7-400
PLC.",SGM Management Consultants,"R 82,012.25","Provision of troubleshooting and fault finding PLC support service on the Coal Stream 1. The rain
forecast also needs to be considered as the problem if not attended to as soon as possible. Can
influence issues with wet coal condition, thus affect bunker levels which can cause load losses and/or
loadshedding due to shortage of coal.",2024/12/30,2025/01/30,2025/04/24
601,Q4 2024/25,2025/02/03,Eskom Holdings SOC Ltd,Occupational Health Medical Centre Assets.,Amtronix (Pty) Ltd,"R 6 00,161.77","An urgent situation arose at Majuba Power Station Medical Centre. This situation arose due to Medical
Centre Equipment obsolescence to effectively conduct employee medical screening which is the
requirement in terms of the Occupational Health and Safety Act. According to the Act it is a
requirement for the employer to conduct medical screening for all employees in according to the risk
identified based on the employee’s job profile. Majuba Power Station Medical Centre is therefore in non-
compliance to the Act due to the these equipment obsolescence, hence the need for the",2024/11/18,2025/01/24,2025/01/31
602,Q4 2024/25,2025/02/03,Eskom Holdings SOC Ltd,Supply and delivery of ash shift piggybacking spares.,Werka Installation and Maintenance,"R 1 ,538,067.50","The available Ashing space of the stacker machine has been depleted. This poses a risk to the Station
as there is no redundancy when there is a breakdown of the spreader machine or if the machine needs
be shifted which could result in load loss. To ensure continuous Ashing and redundancy the stacker
must be shifted from its current position (MCP2) to its new position (MCP3). There has been a delay in
the placement of a contract to execute the works due to non-availability of funds after the first ERA
approval and a need to revise the approved ERA.",2025/01/15,2025/01/15,2025/01/31
603,Q4 2024/25,2025/02/03,Eskom Holdings SOC Ltd,"Strip, quote and repair pumps: ADP pumps, Raw water pump, Haul road
pump, SSC pump, Cation pump, Secondary cooling pump, Unit Aux
cooling pump, Dust suppression pump, service water pump, sludge pump,
slurry pumps, Process pumps oil skimmer, Degrit pump, Ash dam1 pump.",Hybrid Artisan,"R 9 ,187,521.35","Raw water supply pumps. Supply water treatment plant with potable and demin water for production.
If these pumps are not available water treatment production is unable to meet the demand required and
a Station shut down is possible due to recovering demin tanks. Secondary cooling and aux cooling are
directly responsible to cool the units.",2025/01/17,2025/01/27,2025/03/31
604,Q4 2024/25,2025/02/03,Eskom Holdings SOC Ltd,Repair ID Fan and Shaft.,Howden Power (Pty) Ltd,"R 2 ,580,297.65","Howden Power is the Original Equipment Manufacturer (OEM) and hold all intellectual proprietary
information regarding arrangement drawings for the ID fans at Matimba Power Station. Requesting
supply of ID fans from other suppliers will put the plant at risk of partial load losses and plant damages.",2025/01/20,2025/01/21,2025/09/01
605,Q4 2024/25,2025/02/03,Eskom Holdings SOC Ltd,Repair cylinder assy Lin: Pneumatic & 2253 at Duvha Power Station.,Enflotech (Pty) Ltd,"R 5 ,213,847.00",Sole Source was approved for this Supplier. (OEM).,2025/01/20,2025/01/20,2025/03/31
606,Q4 2024/25,2025/02/03,Eskom Holdings SOC Ltd,Supply and delivery of actuator kit and valve internal spares.,Bilfinger Intervalve Africa (Pty) Ltd,"R 3 26,770.80",Spares required from OEM for opportunity maintenance at Majuba Power Station.,2024/12/14,2025/01/20,2025/04/14
607,Q4 2024/25,2025/02/03,Eskom Holdings SOC Ltd,"Supply and delivery of Fuel Oil Burner Lances, Burner Blocks, Ignitors,
Flame Scanners, Oil Burner Panels and Associated Equipment
Refurbishment, provision of OEM Spares and Technical Support Services
as and when required, during outages and normal plant running period for
the period of 5 years.",Safurnco SA (Pty) Ltd,"R 1 58,151,603.76","It is proposed that Eskom enter into negotiations with Safurnco SA (Pty) Ltd for the following reasons:
Oil burner reliability is one of the main focus areas at Duvha PowerStation. The oil burner equipment
used at Duvha Power Station is of type Peabody (Harmworthy), Credfeld Ltd (UK). Safurnco SA Pty
(Ltd) is an accredited distributor in South Africa for supply of these spares. It is very important that
OEM spares be used for all oil equipment to ensure oil burners reliability and to ensure compliance to
FFFR requirements. There is an existing short term contract for oil burner spares and maintenance at",2025/01/20,2025/02/01,2030/01/31
608,Q4 2024/25,2025/02/03,Eskom Holdings SOC Ltd,"Provide maintenance services on fire detection, access control and closed
camera Television system full time onsite for a period of five months
including spare parts as and when required.",SMTC Projects (Pty) Ltd,"R 5 ,321,127.63","An urgent situation arose at Medupi Power Station. The Situation arose as a result of not having CBMS
maintenance contract in place.",2024/11/29,2025/01/20,2025/05/30
609,Q4 2024/25,2025/02/03,Eskom Holdings SOC Ltd,"Supply, deliver, refurbish Pall Purifiers.",Applied Filtration Services,"R 2 ,792,027.50","On 13 January a situation arose at Arnot due to oil that was out of specification and needed to be
purified.",2025/01/14,2025/01/17,2025/01/31
610,Q4 2024/25,2025/02/03,Eskom Holdings SOC Ltd,"Supply and delivery of Flanges, Pipes and Valves.",Werka Installation and Maintenance,"R 5 0,556,638.10","With upcoming Outages on Units 4, 3 and 2 including the current Unit 5 Outage, this present an ideal
opportunity to replace the Pipes and Isolation Valves. This minimizes the difficulty associated with
securing isolation during regular operations and prevents the risk of Unit Trips.",2025/01/08,2025/02/15,2025/02/15
611,Q4 2024/25,2025/02/03,Eskom Holdings SOC Ltd,"Supply and delivery of Gearbox and Feeder Shaft period of 12 months on
an as and when required basis.",Ten 27 Enterprise,"R 1 4,961,649.50","Six units at Camden Power Station do not have standby mills due to unavailability of feeder spiral and
or feeder gearbox. Most of the running mills are with defective feeder spirals. The POs that were
issued to the suppliers were later deleted because suppliers were unable to deliver. Spares are
needed urgently to prepare for U1 GO (starting in February 2025) as well as to address the existing
defects. Boiler Maintenance is currently compiling documents for the long-term supply contract for the
remaining life of Camden Power Station.",2025/01/08,2025/01/17,2026/01/16
612,Q4 2024/25,2025/02/03,Eskom Holdings SOC Ltd,"Supply and delivery of various valves at Camden Power Station for a period
of 3 months.",NHK Harrison Pumps (Pty) Ltd,"R 4 8,215,653.68","It is requested that Camden Power Station be granted permission to go on an urgent procurement
process for the supply and delivery of various valves on an as and when required basis for a period of 3
months to cover the scope of outages for unit 1, 3 and 7. The late release (October 2024) of the
balance of funds for outage contributed to the deviation from the normal procurement process.
Therefore, Camden will be unable to execute and complete the outages in time which will prevent the
successful return of units as planned and that may lead to excessive high outage cost and possible load-",2025/01/20,2025/02/01,2025/05/30
613,Q4 2024/25,2025/02/03,Eskom Holdings SOC Ltd,Reverse Engineering and manufacturing of Coal extraction Chutes.,Mshengu Hanson Engineering and Projects,"R 1 4,440,689.04","Given the critical nature of the boiler plant to the continuous and efficient operation of the coal-fired
power plant, the time constraints associated with the manufacturing and procurement processes and
the severe implications of load shedding in South Africa, it is both impossible and impractical to invite
competitive bids for this procurement. The urgency to the address the UCLF, ensures regulatory
compliance, enhance safety and mitigate the economic impact of load shedding, necessitates a
deviation from the normal competitive bidding process. This approach will enable the timely",2025/01/17,2025/01/18,2025/05/01
614,Q4 2024/25,2025/02/03,Eskom Holdings SOC Ltd,"The supply and delivery of S3 Buffalo Feeder, plates and shoes.",Zamagwezi Enterprises (Pty)Ltd,"R 8 67,833.65","S3 Buffalo feeder was taken on permit on 21 October 2024 to perform the normal service of the feeder.
The feeder was stripped and upon stripping it was discovered that the top and the bottom deck liner
plates and the guide shoes need to be replaced. The material that is required to return the feeder to
service do not form part of the current order and it is required urgently to return the feeder to service.",2025/01/20,2025/01/21,2025/02/10
615,Q4 2024/25,2025/02/03,Eskom Holdings SOC Ltd,"Supply and deliver of various Pumps on as and when required basis for 12
months at Camden Power Station.",Safurnco SA (Pty) Ltd,"R 4 6,958,803.76","Boiler Maintenance is currently compiling the necessary documentation for the supply contract to cover
the remaining duration of Camden Power Station. Early delivery is critical as all units are currently
experiencing low fuel oil pressure issues due to defective low-pressure (LP) and high-pressure (HP)
pumps. There are no spare pumps available and failures could result in multiple unit trips. The
invitation of competitive bids is deemed impractical because the normal procurement process would
take too long. Spares are urgently required to replace the defective pumps. This situation is not due to",2025/01/21,2025/01/24,2026/01/23
616,Q4 2024/25,2025/02/03,Eskom Holdings SOC Ltd,Supply and delivery of Teleperm HMI spares.,Nizna,"R 7 ,196,292.26","In December 2023 and May 2024 an urgent situation arose at Control and Instrumentation at Majuba
Power Station. The situation arose because of failure of processing units (P2b and P2a) at unit 1. Both
machines were restored on opportunity by making use of old spares and some spares form Hendrina
Power Station. In all instances machine failed within 3 months of being repaired.",2025/01/21,2025/01/22,2025/05/09
617,Q4 2024/25,2025/02/03,Eskom Holdings SOC Ltd,"Supply, deliver and configure the Mauell Turbine control and protection
spares for Grootvlei Power Station.",Madomane Enterprise (Pty) Ltd,"R 1 7,110,445.05","Grootvlei Power Station utilizes Mauell Turbine control and protection system which was installed
during the return to service of Station. Over the past years, C&I Maintenance had the maintenance
contract with Alstom/GE who were authorized sole agent for the Mauell control system. In March 2023,
GE informed Grootvlei Power Station (Including Matimba and Matla) that the Mauell system is obsolete
and no longer supported with replacement parts or any other maintenance services. This means that
Grootvlei Power Station including (Matimba and Matla) will not get any technical support, replacement",2025/01/20,2025/01/20,2025/03/30
618,Q4 2024/25,2025/02/03,Eskom Holdings SOC Ltd,Purchase of Valve spares for unit1 MO.,Kira Trading Enterprises CC,"R 4 ,832,875.00","On 2024 December 2024 an urgent situation arose at Matimba Power Station outage department. The
spares in question are not yet in the contract, the process for contract placement is on-going at the
earlier stage and therefore will not support the start and execution of the outage as estimated
placement of the contract is in late second term of 2025 and the completion date of the outage is 28
February 2025. It is for these reasons that this request is made to procure the spares as quickly as
possible to support the execution of the outage scope.",2025/01/23,2025/01/23,2026/01/22
619,Q4 2024/25,2025/02/03,Eskom Holdings SOC Ltd,Rewind and repair 4x10MW EFP Motors at Kriel Power Station.,LH Marthinusen (Pty) Ltd,"R 1 3,325,731.04","There are no spare motors in the stores. There has been a high failure rate on the EFP motors due to
PF dust accumulation which has been recently addressed by frequent cleaning and closing of doors
between the turbine and milling plant areas. The existing MV motor repair contract does not cover the
rewind scope. Due to the criticality of the EFP motors in the plant, there is a need for urgent
procurement as It takes approximately 12 weeks to rewind and EFP motor therefore going out on
normal process will put the Station on risk to repair the defective motors. The rewind scope has been",2025/01/22,2025/01/23,2025/01/23
620,Q4 2024/25,2025/02/03,Eskom Holdings SOC Ltd,"Supply and delivery of Sheet, Metal: Width: 1.2 M; Length.",Sethati Group,"R 6 91,619.35","Unit 4 outage started in December and companies are closed for the holidays, however we are working
on a steel contract that should be concluded by end of February thus this should not happen again.",2025/01/08,2025/01/14,2025/01/14
621,Q4 2024/25,2025/02/03,Eskom Holdings SOC Ltd,"The provision of the structural integrity test (SIT) services in support of the
containment integrated leak rate test (ILRT) in Units 2 and 1, scheduled for
outages 127 and 227.",Sites Afla (Pty) Ltd South Africa,"R 4 9,018,888.53","Due to the complexity of the ILRT, it is necessary to perform the test during long outages and by skilled
resources who are familiar with performing these types of tests at other similar nuclear facilities to
KNPS. The past three ILRTs performed at Koeberg were under the guidance of an experienced EDF
team who were and are still regarded as the specialists in performing the ILRT at the EDF Nuclear
fleet. In support of EDF, the services of a company for the provision of Compressors, Driers, related
equipment, and services for the Pressurisation of Containment Buildings is required. The EDF",2025/01/08,2025/01/27,2026/09/30
622,Q4 2024/25,2025/02/03,Eskom Holdings SOC Ltd,Supply and deliver of common plant spares (agitators).,Ekato South Africa (Pty) Ltd,"R 4 3,294,082.75","The FGD plant is equipped with both vertical and side entry type agitators where Ekato is the OEM.
The FGD absorber system is regarded as level 1 plant due to the necessity to remove hazardous
emissions from the Boiler flue gas. The Kusile emissions license doesn’t allow operation without the
FGD in operation; thus, the FGD plant health is critical to Kusile operations. Ekato South Africa (Pty)
Ltd is the Original Equipment Manufacturer (OEM) of the FGD agitation systems and therefore owns the
design and manufacturing intellectual property of the agitators. Thus all design and manufacturing",2024/12/23,Not Stated,Not Stated
623,Q4 2024/25,2025/02/03,Eskom Holdings SOC Ltd,"Supply and delivery of generator carbon brushes brush holders, plug
devices and to refurbish the brush gear systems on an as and when
required basis at Eskom Lethabo Power Station.",Mersen Mzansi,"R 1 8,504,742.00","Le Carbone (South Africa) (Pty) Ltd now trading as Mersen Mzansi (Pty) Ltd is the OEM (original
equipment manufacturer) for Lethabo and Matla GE (Alstom) generator brush gear systems and its
associated parts e.g. carbon brushes and brush holders. Furthermore, services and spare parts
required to repair or to refurbish these brush gear systems, possess a unique function and only made
compatible and interchangeable to this system. Thus, to source or obtain spare parts or services that
are not compatible or interchangeable would seriously compromise system’s integrity, reliability and",2024/12/12,Not Stated,Not Stated
624,Q4 2024/25,2025/02/03,Eskom Holdings SOC Ltd,"The supply and delivery of sedans, light and heavy commercial vehicles
and busses to the state-owned entities using the National Treasury (NT)
RT57-2022 Transversal contracts for the period of 22 months.",Mmela Capital (RF),"R 1 6,113,274.77","Eskom Generation vehicles have exceeded their life cycle. Their kilometres are very high, with high
maintenance costs and are not safe to use. The Gx sites need to purchase the vehicles on an as and
when required basis. The vehicles range from sedans, light and heavy commercial vehicles, and
busses. They will be delivered to the various power stations in all the provinces with Generation sites.
Eskom fleet commodity is strategic as the business is dependent on reliable vehicles with proper
fitments to perform services and business outputs to keep the lights on across the country.",2025/01/10,2025/01/10,2026/10/30
625,Q4 2024/25,2025/02/03,Eskom Holdings SOC Ltd,"The supply and delivery of sedans, light and heavy commercial vehicles
and busses to the state-owned entities using the National Treasury (NT)
RT57-2022 Transversal contracts for the period of 22 months.",Toyota South Africa Motors (Pty) Ltd,"R 1 0,969,510.93","Eskom Generation vehicles have exceeded their life cycle. Their kilometres are very high, with high
maintenance costs and are not safe to use. The Gx sites need to purchase the vehicles on an as and
when required basis. The vehicles range from sedans, light and heavy commercial vehicles, and
busses. They will be delivered to the various power stations in all the provinces with Generation sites.
Eskom fleet commodity is strategic as the business is dependent on reliable vehicles with proper
fitments to perform services and business outputs to keep the lights on across the country.",2025/01/10,2025/01/10,2026/10/30
626,Q4 2024/25,2025/02/03,Eskom Holdings SOC Ltd,"The supply and delivery of sedans, light and heavy commercial vehicles
and busses to the state-owned entities using the National Treasury (NT)
RT57-2022 Transversal contracts for the period of 22 months.",Toyota South Africa Motors (Pty),"R 4 ,336,575.14","Eskom Generation vehicles have exceeded their life cycle. Their kilometres are very high, with high
maintenance costs and are not safe to use. The Gx sites need to purchase the vehicles on an as and
when required basis. The vehicles range from sedans, light and heavy commercial vehicles, and
busses. They will be delivered to the various power stations in all the provinces with Generation sites.
Eskom fleet commodity is strategic as the business is dependent on reliable vehicles with proper
fitments to perform services and business outputs to keep the lights on across the country.",2025/01/10,2025/01/10,2026/10/30
627,Q4 2024/25,2025/02/03,Eskom Holdings SOC Ltd,"The supply and delivery of sedans, light and heavy commercial vehicles
and busses to the state-owned entities using the National Treasury (NT)
RT57-2022 Transversal contracts for the period of 22 months.",CHM Car Hire,"R 9 ,512,751.61","Eskom Generation vehicles have exceeded their life cycle. Their kilometres are very high, with high
maintenance costs and are not safe to use. The Gx sites need to purchase the vehicles on an as and
when required basis. The vehicles range from sedans, light and heavy commercial vehicles, and
busses. They will be delivered to the various power stations in all the provinces with Generation sites.
Eskom fleet commodity is strategic as the business is dependent on reliable vehicles with proper
fitments to perform services and business outputs to keep the lights on across the country.",2025/01/10,2025/01/10,2026/10/30
628,Q4 2024/25,2025/02/03,Eskom Holdings SOC Ltd,"Maintenance of Rack and pinion Lifts at Camden Power Station for a period
of 60 months on as and when required basis.",Libra Plant Sales and Services (Pty) Ltd,"R 2 ,683,249.00","The Rack and Pinion lifts installed on the Smokestacks at Camden Power Station are Alimak DOL 600.
A change of supplier would compel Eskom to obtain spare parts or additional assets, goods or services
that are not compatible or interchangeable with existing assets, goods or services that were obtained
from an original supplier.",2025/01/21,2025/01/27,2030/01/26
629,Q4 2024/25,2025/02/03,Eskom Holdings SOC Ltd,"Supply and Delivery of APE CW pump spares as stock items on an as and
when required basis for a period of sixty months (60) for Duvha Power
Station.",APE Pumps (Pty) Ltd,"R 1 13,595,677.25","Supply and Delivery of APE CW pump spares as stock items on an as and when required basis from
OEM.",2024/12/12,2025/02/01,2030/01/31
630,Q4 2024/25,2025/02/03,Eskom Holdings SOC Ltd,"Supply and delivery of valves, flanges, mild steal and spindles.",Briga Logistics and Projects,"R 6 ,016,430.56","250mm Ainsworth Gate Valves are critical for the selections of the outlets at the Distribution Point at the
Ash Dams for wall building is the fly ash is pumped and the mixture of boiler bottom ash (coarse) and
fly ash for the building of the ash dam i.e., North, South or Emergency Lines. If these valves are
passing at the Distribution Point, blocked ash pipeline can result. This is an undesirable occurrence
(downtime) as it will lead to the dumping of the Hydro bins on the floor at the Slurry Plant which is an
Environmental Contravention with very high clean-up costs. The blocked ash lines have a negative",2025/01/20,2025/01/20,2025/04/19
631,Q4 2024/25,2025/02/03,Eskom Holdings SOC Ltd,Supply and delivery of Fabric Filter Plant Spares.,Cumdla Trading Enterprise,"R 9 ,890,002.58","On 22 October 2024 an urgent situation arose at Majuba Power Station. The situation arose because of
the unavailability of these spares that are contributing to control air leaks on the FFP plant. These air
leaks are a risk to units’ multiple trips due to loss of control air across the plant.",2024/11/27,2025/02/04,2025/06/10
632,Q4 2024/25,2025/02/03,Eskom Holdings SOC Ltd,Water treatment plant valves replacement.,GPWG Engineering (Pty) Ltd,"R 3 6,683,300.42","The water treatment plant valves are in a very bad state due to the valves reaching their end of life.
The valves were installed ages ago and a full on valves replacement project is required urgently in
order to reduce plant downtime and inefficiency in the generation of demin water for Station use.
Defective and non-operational valves place the whole Station at risk of being unable to generate
electricity as a result of reduced demin water production volumes.",2025/01/23,2025/01/23,2026/01/22
633,Q4 2024/25,2025/02/03,Eskom Holdings SOC Ltd,"Supply and Installation of Assy: HDPE; Submerged Scraper Conveyor;
150.",Sinvac (Pty)Ltd,"R 8 15,866.50","In order to prevent air movement entering the boiler, Medupi Power Station uses water to seal the
boiler's bottom. Following that, the SSC System removes coarse ash. Enough water must be present
in the SSC Pipe line. The unit will trip if there in any water shortage in the makeup line.",2025/01/22,2025/01/27,2025/02/28
634,Q4 2024/25,2025/02/03,Eskom Holdings SOC Ltd,"Supply and deliver of Thermocouple, Meter Flow, Transmitter, Converter,
Modules, Valve Globe, Valve Butterfly, Valve Relief and Pump Assembly.",Ngwato Industrial Solutions,"R 4 6,050,944.28","This is due to the deterioration in coal quantity supplied to the boilers( i.e. increased abrasiveness of
the coal ) causing accelerated wear on gaskets and pipe assembly components. Failure of
maintenance of tube leads to severe cases, ingress of fuel oil into the PF Production pipes and wind
box fires. In addition failure of the diffuser may adversely affect PF stability, burner quarls and thereby
PF Combustion. High metal platen temperatures may occur due to inefficiencies PF Combustion.",2025/01/22,2025/01/22,2026/01/21
635,Q4 2024/25,2025/02/03,Eskom Holdings SOC Ltd,"Urgent Procurement Contract for Roller Doors and Fire Doors repairs and
service.",Navapro Enterprise (Pty),"R 3 0,974,516.30","With the acknowledgement of the poor/insufficient maintenance being conducted on the roller and fire
doors it has posed this kind of defects has triggered this urgent request, fire doors being bumped they
get broken which compromises the durability and quality of the doors which consistent maintenance for
total fire proofing. Roller doors being the main entrance for huge spares with poor maintenance they
cause delay in transportation of spares into the plant and workshop, while also allowing water ingress
which causes damage to plant equipment.",2025/01/21,2025/01/23,2026/01/22
636,Q4 2024/25,2025/02/03,Eskom Holdings SOC Ltd,Supply and Delivery of Boiler Tubes.,Boiler Steel Products & Engineering (Pty) Ltd,"R 2 ,112,899.51","Placement of order for U5 GO, U4 IR & U6 IN Outages is crucial, to ensure that work can continue. Dv6
Recovery incident unplanned, used all our current stock levels and NDT inspections resulted in tubing
to be replaced to continue boiler operation safely.",2025/01/21,2025/01/21,2025/03/31
637,Q4 2024/25,2025/02/03,Eskom Holdings SOC Ltd,"Supply and delivery of new fencing for the perimeters (inner and outer) of
Matla Power Station.",Cochrane Steel Products (Pty) Ltd,"R 4 0,235,263.90","The perimeter fencing around Matla Power Station is currently in a substandard condition and requires
attention. The defects found include severe rusting, broken wire mesh and posts, and unstable
foundation conditions. These defects have allowed trespassers to gain access to restricted areas,
placing Eskom employees and equipment at risk. It is therefore necessary to replace the current, non-
electric fencing with new fencing that meets the relevant Eskom standard. By doing so, it allows for the
safeguarding of employees, equipment and spares. Matla Power Station, which is classified as critical",2025/01/23,2025/01/23,2026/01/22
638,Q4 2024/25,2025/02/03,Eskom Holdings SOC Ltd,Refurbishment of ABB Modules at Arnot Power Station.,ABB South Africa (Pty) Ltd,"R 3 3,760,754.70","The need for the order originate from Generation, Arnot Power Station C & I department and is for the
replenishment of stock. (OEM).",2025/01/24,2024/01/24,2024/07/31
639,Q4 2024/25,2025/02/03,Eskom Holdings SOC Ltd,"Urgent contract for procurement of bend pipes for a period of 12 months on
and as when required basis.",Delight City Trading and Projects,"R 1 6,459,465.76","The emergency emanates from outage readiness, Matla is currently busy with the long term contract
for the spares in this contract.",2025/01/24,2025/01/24,2026/01/23
640,Q4 2024/25,2025/02/03,Eskom Holdings SOC Ltd,Supply and Installation of Mech Evaporator.,Flow Centric Mining Technology,"R 4 ,511,861.70","All means have been made to manage water dams, unfortunately all plans were exhausted and the
modification and License application to discharge (Control Release) water into the stream takes some
time.",2025/01/22,2025/01/23,2025/02/14
641,Q4 2024/25,2025/02/03,Eskom Holdings SOC Ltd,Supply and delivery of SSC Bolts. Column V and W,Bazil Technologies,"R 2 ,794,500.00","Boiler 3 SSC dipper boxes have failed and some boxes fell into the SSC. The inspection was
conducted on 6 January 2025 after sandblasting was conducted and completed on the 5 January 2025.
The inspection finding shows that 194 bolts, nut and washers are missing. These items are not found
at store or DCF's and are urgently required.",2025/01/20,2025/01/20,2025/01/20
642,Q4 2024/25,2025/02/03,Eskom Holdings SOC Ltd,Supply and delivery of Ducting and Dampers Spares.,Linga LM (Pty) Ltd,"R 2 0,191,323.35","On 18 November 2024 an urgent situation arose at Kusile Power Station unit 3 Boiler Ducting and
Dampers systems due the unavailability of spares for the upcoming unit 3 IN Outage. The situation
arose as a result of delays in placement of a contract for the supply of Plates, Sheets, Piping, and liners
contract for the Power Station. The establishment of a contract for procurement of Plates and related
plant spares is in progress, currently under review with Contract Management department. The delays
on establishment of the contract were due to the QS report that could not be finalised on time due to the",2025/01/06,2025/01/15,2025/12/14
643,Q4 2024/25,2025/02/03,Eskom Holdings SOC Ltd,Supply and delivery of pumps and valves.,Diamante Projects,"R 1 8,180,014.84","The original preventative maintenance strategy for outage. However, the recent inspections undertaken
by the system Engineer on outage opportunities illustrate premature failures of critical components such
as old valves that end up running to fail.",2025/01/23,2025/01/23,2026/01/22
644,Q4 2024/25,2025/02/03,Eskom Holdings SOC Ltd,"The supply, delivery, installation and commissioning of 9 compressors with
their 9 dryers, 9 more desiccant air drier to replace refrigerant, applicable
pipework, a control and condition monitoring system to be interfaced with
the control room for continuous condition monitoring and trending and
signing of the completion certificates at Arnot Power Station for the period
of 12 months.",CompAir SA (Pty) Ltd,"R 3 3,340,850.22","Installed Base [Original Equipment Manufacturer (OEM): A change of supplier would compel Eskom to
obtain spare parts or additional assets, goods or services that are not compatible or interchangeable
with existing assets, goods or services that were obtained from an original supplier. Spares can only
be bought from the OEM, unless risk analysis shows that the use of parts from alternative
manufacturers is feasible and this has been confirmed in writing by the OEM. The Broom Wades
compressors have been installed since the inception of the Power Station and the design life span of",2025/01/23,2025/01/29,2026/01/28
645,Q4 2024/25,2025/02/03,Eskom Holdings SOC Ltd,"Online Vending System (OVS) and Prepayment Support Gateway (PSG)
Maintenance & Support",Ontec Systems (Pty) Ltd,"R 3 9,296,287.70","Ontec is the sole supplier of of the Eskom Online Vending System (OVS) and Prepayment Support
Gateway (PSG) System maintenance and support services on the territiry of South Africa, according to
the conditions of the Channel Partner Agreement",2025/01/17,2028/01/14,2028/01/14
646,Q4 2024/25,2025/02/03,Eskom Holdings SOC Ltd,Provision of external cataloguers Support,Pilog Systems (Pty) Ltd,"R 2 8,988,458.89",Pilog Systems (Pty) Ltd owns the Interlectual Property (IP),2025/01/01,2027/12/31,2027/12/31
647,Q4 2024/25,2025/02/18,"Export Credit Insurance Corporation of South Africa
SOC Ltd (ECIC)",Bloomberg software licenses,Bloomberg Finance LP,"R 2 ,988,916.74",Single source,2025/01/22,Not stated,Not stated
648,Q4 2024/25,2025/02/24,Special Investigating Unit (SIU),"Request for Ethics Officer Certification Programme Training for
SIU Ethics Team.",The Ethics Institute of South Africa,"R 6 9,895.00",Request for Ethics Officer Certification Programme Training for SIU Ethics Team.( Single Source),2025/02/12,2025/02/17,2025/02/21
649,Q42024/25,2025/02/24,SouthAfricanForestryCompanySOCLimited(SAFCOL),"Rentalofspacefortwo-
wayradiocommunicationinContactCommunicationstowers",ContactCommunications,"R 1 89,552.91",Singlesource,20/02/2025,2025/03/01,2030/02/28
650,Q4 2024/25,2025/02/11,Denel,Oman,EDH Doppler (Pty) LTD,"R 1 0,410,661.10",OEM for the Muzzle Velocity Radar system,2025/01/16,2025/01/20,2025/12/31
651,Q4 2024/25,2025/02/11,Denel,Oman,Rheinmetall Denel Munition RF (Pty Ltd),"R 5 4,195,052.72",OEM for the G6 ammunition,2025/02/07,2025/02/07,2025/12/31
652,Q4 2024/25,2025/02/11,Denel,Oman,Safran Electronic Defence,"R 5 2,559,337.27",Technical client prescribed supplier and OEM for Forward Observer system,2025/02/04,2025/02/05,2026/09/01
653,Q4 2024/25,2025/02/28,Transnet SOC Ltd,"Legal Panel expired 30 November 2024. Interim solution for firms with
matters not concluded",Various Legal Firms,"R 135,000,000.00 In urgent situations where the early or timeous c rd ite icli av lery of goods, services and/or infrastructure is",,2024/10/02,2024/12/10,2025/12/09
654,Q4 2024/25,2025/02/28,Transnet SOC Ltd,Acquisition Of 23 Yokohama Floating Pneumatic Fender,Fender Care South Africa (PTY) Ltd,"R 82,844,954.65",Compatibility: The compatibility of the goods or services required,2024/07/04,2024/11/01,2026/03/30
655,Q4 2024/25,2025/02/28,Transnet SOC Ltd,Specilized Paint For Marine Department,"Jotun Paints South Africa (Pty) Ltd
and Akzonobel South Africa (Pty) Ltd","R 46,041,307.15 Limited Suppliers: Goods or services are only available from a limited number of suppliers",,2024/08/13,2024/10/01,1931/09/30
656,Q4 2024/25,2025/02/28,Transnet SOC Ltd,"For the supply and delivery of tap enclosures (domed weld on and domed
split bolt on) for pipeline repairs on an as and when basis for a period of
three (3) years",Berrycote Limited,"R 30,000,000.00",Specialisation: Goods or services are highly specialised,2024/05/17,2024/05/29,2027/05/28
657,Q42024/25,2025/02/26,DepartmentofHumanSettlements(DHS),SubscriptiontoLexisNexisOnlineResources,LexusNexis,"R 141,864.90",Singlesourceserviceproviderforsubsciptionservces,2025/02/19,2025/02/19,2026/02/18
658,Q42024/25,2025/02/26,NationalLotteriesCommission(NLC),PayDayAnnualLicenceFee,PayDay,"R 4,404.50",SoleSupplier-PayDaySoftwareSystem,2024/02/12,Not Stated,Not Stated
659,Q42024/25,2025/02/26,NationalLotteriesCommission(NLC),BoosterPumprepairsMpumalangaOffice,MelusiBMagagulaConstruction,"R 8,659.50",Emergency-Watersupplynotavailableinofficeduetopumpbreakdown,2025/02/18,Not Stated,Not Stated
660,Q4 2024/25,2025/02/28,Special Investigating Unit (SIU),Request for SAICA membership,"The South African Institute of Charterd Accountants
(SAICA)","R 1 7,889.34","It is impractical to invite competitive bids for SAICA membership as the membership is unique to the
South African Institute of Chartered Accountants.",2025/02/17,Not Stated,Not Stated
661,Q4 2024/25,2025/02/28,National Gambling Board (NGB),SAGE VIP Software license,Sage South Africa (Pty) Ltd,"R 3 6,350.35",Sole Supplier,2025/02/28,2025/03/01,2026/02/28
662,Q4 2024/25,2025/02/27,Department of Correctional Services (DCS),GROCERIES,WOOD STONE SOLUTIONS,"R 9 97,180.00",No contract,2025/01/09,2025/01/09,2025/03/09
663,Q4 2024/25,2025/02/27,Department of Correctional Services (DCS),PERISHABLE,PRIME LINK TRADING,"R 5 67,180.00",No contract,2025/01/09,2025/01/09,2025/03/09
664,Q4 2024/25,2025/02/27,Department of Correctional Services (DCS),CLEANING AND TOILETRIES,IGA DISTRIBUTORS,"R 5 97,570.00",No contract,2025/01/09,2025/01/09,2025/03/09
665,Q4 2024/25,2025/02/27,Department of Correctional Services (DCS),COAL,EVEREST TRIO GROUP,"R 5 58,000.00",No contract,2025/01/20,2025/01/20,2025/03/12
666,Q4 2024/25,2025/02/27,Department of Correctional Services (DCS),MAIZE MEAL,KACHINI ENTERPRISES (PTY)LTD,"R 2 51,160.00",No contract,2025/01/20,2025/01/20,Not Stated
667,Q4 2024/25,2025/02/27,Department of Correctional Services (DCS),5% SUPREME PREMIX,JABU JADE,"R 5 2,000.00",No contract,2025/01/30,Not Stated,Not Stated
668,Q4 2024/25,2025/02/27,Department of Correctional Services (DCS),DRY YEAST,JABU JADE,"R 3 3,160.00",No contract,2025/01/30,Not Stated,Not Stated
669,Q4 2024/25,2025/02/27,Department of Correctional Services (DCS),BROWN BREAD FLOUR,AGILE HOLDINGS,"R 4 00,290.00",No contract,2025/01/30,Not Stated,Not Stated
670,Q4 2024/25,2025/02/27,Department of Correctional Services (DCS),PAN OIL,AGILE HOLDINGS,"R 4 8,600.00",No contract,2025/01/30,Not Stated,Not Stated
671,Q4 2024/25,2025/02/27,Department of Correctional Services (DCS),BEEF,FEZISHAKES HOLDINGS,"R 2 08,500.00",No contract,2025/01/30,Not Stated,Not Stated
672,Q4 2024/25,2025/02/27,Department of Correctional Services (DCS),GIBLETS,FEZISHAKES HOLDINGS,"R 7 0,000.00",No contract,2025/01/30,Not Stated,Not Stated
673,Q4 2024/25,2025/03/04,"South African Forestry Company SOC Limited
(SAFCOL)","Emergency Armed Combat Security Services to protect Witklip Plantation
and the surrounding Sabie Plantation","Infinite Prospects 160cc, trading as Phoenix Flying
Squad","R 1 ,380,000.00",Emergency procurement,28/02/2025,2025/01/28,2025/02/27
674,Q4 2024/25,2025/02/28,Eskom Holdings SOC Ltd,Supply and Delivery of paint and adhesives at Palmiet Pumped Storage.,Voith Hydro GmbH,"R 4 23,854.73",Voith is the OEM of the paints and doesn't sell it to third party suppliers.,2025/02/17,2025/02/17,2025/11/30
675,Q4 2024/25,2025/02/28,Eskom Holdings SOC Ltd,"Design and Installation of Boiler Reheater Drying System for Units 1-6 at
Kusile Power Station.",Steinmuller Africa (Pty) Ltd,"R 2 2,561,545.50","Kusile Power Station requires the effective engineering and maintenance of all the emissions systems
to improve the availability of the systems and prevent unaccounted emissions data. Also required is the
continuous development and implementation of a reliable maintenance plan for these systems from
FGD inlet, outlet and in the smokestack (150m level). Training of all relevant/associated staff,
maintenance and engineering of the systems will also be required from Elemental Analytics.",2025/02/13,2025/02/13,2028/02/29
676,Q4 2024/25,2025/02/28,Eskom Holdings SOC Ltd,Install picker with laser tracking.,Global Eco Solutions (Pty) Ltd,"R 1 0,009,140.00","Installation of goods lift decomat as the current one was not working thus posing a threat to the safety of
employees.",2025/02/11,2025/02/17,2026/02/12
677,Q4 2024/25,2025/02/28,Eskom Holdings SOC Ltd,Supply and delivery of C&I cables.,Lonspeare S A,"R 5 26,470.00","Should there be any fire incident or need to address the cable issues on site will be challenged as there
is zero stock level. Early Delivery is critical in this case as if not delivered on time the recovery will be
delayed resulting to production related performance in terms of UCLF and will contribute to the national
power shortage crisis, which will lead to increased stages of load shedding.",2025/02/14,2025/02/17,2025/02/28
678,Q4 2024/25,2025/02/28,Eskom Holdings SOC Ltd,Supply and deliver 51 vehicles.,"Mercedes Benz Commercial Vehicles Duran NMI
Durban South Motors (Pty) Ltd","R 2 3,768,735.90","Unavailability of vehicles for stand-by which disrupts the Station's performance of essential functions.
Reliance on hired vehicles resulted in delays and impacts service delivery and operational efficiency.",2025/02/11,2025/02/17,2025/02/17
679,Q4 2024/25,2025/02/28,Eskom Holdings SOC Ltd,Supply and delivery of Slurry Plant Critical Equipment.,Nendirex (Pty) Ltd,"R 3 3,411,024.13","Matla Slurry plant critical components are aging and have reached their lifespan and need to be
replaced before failure occur. These failures pose a very serious risk to production and environmental
with a potential of shutting down the Station if they are not available and functional.",2025/02/13,2025/02/18,2026/02/17
680,Q4 2024/25,2025/02/28,Eskom Holdings SOC Ltd,Repair Actuator Hydraulics.,Customized Motion Controls,"R 4 89,578.00","On 16 January 2025 an urgent situation arose at Matimba Power Station. The situation arose because
of scope variation that needed to be added to Unit 1 MO for the refurbishment of the Servomotors due
to their malfunction in operation that put the machine at risk of overspeed. Since this is a planned
outage that ends on 3 March 2025, the urgent procurement process is necessary as the normal
procurement process takes longer which might delay the return to service of the unit.",2025/02/13,2025/02/17,2025/02/28
681,Q4 2024/25,2025/02/28,Eskom Holdings SOC Ltd,Supply and delivery of switchgear Spares.,Siemens (Pty) Ltd,"R 3 2,983,618.63","Kusile Power Station is currently busy with placing a spares supply contract for the VSD spares. There
have been many delays in the establishment of the contract. This resulted in risks to the availability of
the coal and ash plants due to VSD defects which could not be rectified because there are no spares.",2025/02/06,2025/02/06,2025/05/30
682,Q4 2024/25,2025/02/28,Eskom Holdings SOC Ltd,Repair of critical water treatment plant pumps at Kusile Power Station.,Valves Galore,"R 4 3,313,948.77","The demin water production is also affected a lot as we are now struggling to get the demin tanks full.
We are in the process of commissioning of k6 and water is starting to be a bottleneck due to
unavailability of production equipment, mainly pumps. If the pumps are not procured or repaired, the
Station is at a risk of shutting down all units while trying to fix the pumps or run at half loads and have
huge load losses. The impact will be huge to Eskom's name as well as the country as the load
shedding will be back frequently as more than 2000 MW might be at risk. It will be completely the",2025/02/14,2025/02/17,2025/02/20
683,Q4 2024/25,2025/02/28,Eskom Holdings SOC Ltd,Rigging of unit 1 boiler feed pump and hydraulic speed.,Mbileni Trading,"R 1 8,335,715.00","The unit will be down on outage from 1 April 2020 to 23 June 2025 and the project will be executed
from 1 April 2025 to 16 May 2025, which consists of motors that will need to be removed from the plant
and sent the motors for assessments and possible repairs which after they need to be brought back
and installed in the plant. Early delivery is critical to ensure feedwater commissioning on time
otherwise this will delay the return to service od the unit. The early delivery will also mitigate the risk of
potential turbine floor damage when the pumps are removed for the first time for repairs, should it not",2025/02/18,2025/02/24,2025/08/29
684,Q4 2024/25,2025/02/28,Eskom Holdings SOC Ltd,"Urgent contract for procurement of Outage spares for a period of 12 months
on and when as required basis.",Moloko Legacy Trade and Project,"R 2 1,305,074.12","The urgency at Matla Power Station plant for the procurement of these Slurry Spares materialised from
the high failures experienced in the Slurry plant and the Station can’t afford to run the risk of the
unavailability of the various Slurry plant spares.",2025/02/14,2025/02/17,2026/02/16
685,Q4 2024/25,2025/02/28,Eskom Holdings SOC Ltd,Supply and delivery of production equipment.,Blane Instruments,"R 2 36,054.75","Generation has critical spend funding which is required to be spent by 31 March 2025. Due to the
conditions made on the funding which includes that all items must be delivered by 31 March 2025 or
else funds are forfeit.",2025/02/17,2025/02/17,2025/03/14
686,Q4 2024/25,2025/02/28,Eskom Holdings SOC Ltd,Coal Stacker Reclaimer Cable Reel repairs.,Demos CC,"R 2 26,830.60","The Coal Stacker Reclaimer machine is not available for use because of the breakdown that occurred
on the cable reel drive gearbox clutches on 5 January 2025. The clutches were removed from the plant
and upon stripping it was discovered that the clutches needed to be repaired. The clutches need to be
repaired urgently to return the Coal Stacker Reclaimer to service while the new clutches are awaiting
delivery, the lead time is 18 weeks.",2025/02/20,2025/02/20,2025/02/28
687,Q4 2024/25,2025/02/28,Eskom Holdings SOC Ltd,Supply and delivery of Hopkinson’s valves at Majuba Power Station.,PH Marketing,"R 4 8,252,172.22","An urgent need has risen for the refurbishment of safety valves on Unit 4 IR and is critical so that the
plant will be fully compliant with ISO and AIA regulations as per the standard. Safety valves are crucial
components for ensuring the safety and integrity of systems by relieving excess pressure.",2025/02/20,2025/02/21,2025/03/31
688,Q4 2024/25,2025/02/28,Eskom Holdings SOC Ltd,Supply and deliver plant critical valve.,Silver Solutions 1441,"R 2 2,867,775.42","Slurry Plant Valve play a critical role in the regulation of the water supply (Sluice Water Return) from the
final cut via the booster pumphouse to SWR Head tank or directly to the units for Ashing purpose via
the A and B SWR supply lines and into the AWRSE Tank for the supply of SWR water to slurry trains
via the 350mm motorized valves and 250mm pinch valves into the slurry mixers.",2025/02/17,2025/02/17,2026/03/02
689,Q4 2024/25,2025/02/28,Eskom Holdings SOC Ltd,"Strip, assess and refurbish MV Motors at Tutuka Power Station.",Winding Technologies,"R 5 6,199,862.90","Tutuka Power Station is currently experiencing challenges on turnaround time on the refurbishment of
the MV Motors. These long turnaround times is currently placing a risk on Unit 1 Outage where an
assessment was conducted by Engineering which resulted in a recommendation to refurbish all the MV
Motors on the 27 Plant Systems. The process to establish a long term MV refurbishment contract has
been initiated which will enable the Tutuka Power Station to expeditiously repair MV motor as and when
they fail. The contract placement is now in the market after suppliers requested an extension until 27",2025/01/08,2025/02/18,2025/03/28
690,Q4 2024/25,2025/02/28,Eskom Holdings SOC Ltd,Supply and delivery of Valves.,Bilfinger Intervalve Africa,"R 1 0,058,056.16","Safety valves are passing and this will result in load loses because the HP HTRS are not performing at
full capacity.",2025/02/19,2025/02/19,2025/04/08
691,Q4 2024/25,2025/02/28,Eskom Holdings SOC Ltd,Tutuka battery room fire detection system installation.,C3 Shared Services,"R 1 4,482,085.16","With the short timelines available, it is not possible to go through the long formal tendering process and
the service is required urgently to prevent further losses from occurring. Due to the high number of
incidents at the Power Station, this action needs to be implemented as a matter of urgency to prevent
further losses against the Station. To list a few incidents that has occurred just this year alone the
Station has suffered a huge loss related to copper theft at the conveyor belt and at the coal stock yard
where camera coverage is non-existent hence there was a delay in responding to the crime.",2024/07/17,2025/02/20,2025/08/31
692,Q4 2024/25,2025/02/28,Eskom Holdings SOC Ltd,Hire oil free Diesel Compressor 1600 CFM.,Rand Air Compressors,"R 3 ,652,686.12","It is with a matter of urgency to always have the sufficient air supply plant available and reliable. The
goal as Auxiliary Maintenance at Majuba Power Station is to follow a relevant process to obtain the
funds and execute the 3 months hire oil free Diesel Compressor 1600 CFM project and have the risk of
Station air supply eliminated.",2025/02/18,2025/03/01,2025/03/31
693,Q4 2024/25,2025/02/28,Eskom Holdings SOC Ltd,"Supply and delivery of couplings and compensators on as and when
required basis.",Mfanimpela Establishments,"R 1 7,092,556.95","The urgency emanates from outage readiness. Matla is currently busy with the long-term contract of
the mentioned spares which still at the initiate stages. The spares will be required before long-term
contract being placed and the other reason is some of these spares are long lead spares with require to
be ordered as early as possible to be delivered before outage starts.",2025/02/05,2025/02/21,2026/02/20
694,Q4 2024/25,2025/02/28,Eskom Holdings SOC Ltd,Refurbishment of various RF spares for Majuba Power Station.,Iceburg 683 (Pty) Ltd,"R 2 4,796,845.10","The urgency emanates from various RF critical spares failing in a high number and the normal
refurbishing process takes longer hence MM and the end use reached a conclusion to consolidate all
the damages and repair them urgently.",2025/02/21,2025/02/21,2026/12/01
695,Q4 2024/25,2025/02/28,Eskom Holdings SOC Ltd,Procurement of geotechnical assessment for existing ash dam complex.,Mukona Geotechnics (Pty) Ltd,"R 4 ,749,153.90","There have been significant changes to the status of the ash dam complex as projects in line with the
existing water use license have been executed. In addition, based on the risk of overflowing Pollution
Control Dams (PCD) additional water was stored on the ash dam to alleviate the risk. The early
delivery is therefore critical to establish the condition of the ash dam complex to ensure the safe
operation of the ash dam complex and continued safe deposition of ash.",2025/02/08,2025/03/20,2025/07/21
696,Q4 2024/25,2025/02/28,Eskom Holdings SOC Ltd,"To provide Matimba Power Station with C&I Maintenance and Engineering
Technical assistance on as and when required basis, repair and
replacement of OEM interface modules and proprietary software on the
various SAM (Pty) Ltd systems.",Systems Automation Management (Pty) Ltd,"R 4 ,324,641.70","The need for these services is as a result of failures of ageing or obsolescence of component on critical
SAM systems equipment has been identified and a need for the provision of C&I Maintenance and
Engineering.",2025/02/24,2025/03/01,2030/02/28
697,Q4 2024/25,2025/02/28,Eskom Holdings SOC Ltd,"Procurement of Hygiene Consumables as and when required basis for Kriel
Power Station for a period of four months.",Country Bulk Enterprise (Pty) Ltd,"R 829,623.80","The contractor failed to service the Station and sent an email stating that they are unable to continue to
supply service due to the costs of stock, transport and labour. We requested the supplier to submit a
formal letter of termination. Hygiene consumables are dispersed daily and without the Hygiene
services it then makes it impossible for the employees to function as expected. The Procurement
process is still in progress anticipating to award on the 18 March 2025.",2025/02/21,2025/02/24,2025/06/24
698,Q4 2024/25,2025/02/28,Eskom Holdings SOC Ltd,Degritting pump to prevent SSC from tripping.,Eminence Globall (Pty) Ltd,"R 9 55,822.50",There is no spare pumps and SSC is running without pumps.,2025/01/23,2025/01/27,2025/01/27
699,Q4 2024/25,2025/02/28,Eskom Holdings SOC Ltd,"Supply and delivery of Production equipment - Simulator Hardware and
Software.",Simgenicts (Pty) Ltd,"R 2 ,689,850.00","The Funding was only made available with the production ERA only being approved on the 25 October
2024. Items on the list were being budgeted for execution in FY26. Production equipment is critical for
the safe and effective operation of the plant. The items listed are for data communication and plant
status analysis. These activities are essential when operating the plant. Having this equipment will
ensure accurate information that will allow for continuous availability of our units. Thus, preventing load
losses and unit trips. This is especially true for the simulator that ensures that our unit operators are",2024/12/11,2025/02/12,2025/03/31
700,Q4 2024/25,2025/02/28,Eskom Holdings SOC Ltd,"Urgent contract for procurement of Outage spares for a period of 12 months
on and when as required basis.",Kanipho Investment,"R 2 8,707,981.40","The urgency emanates from outage readiness, Matla currently busy with the long term contract of the
spares which is at the initial stages. The spares will be required before long term contract being placed
and other reason is some of these spares are long lead spares which required to be ordered as early
as possible to be delivered before outages starts.",2025/02/21,2025/02/25,2026/02/25
701,Q4 2024/25,2025/02/28,Eskom Holdings SOC Ltd,Coal & Ash Draining & Housekeeping equipment.,Izimvelo Mining Labour and Plant Hire,"R 9 8,664.25","On 3 February 2025 an urgent situation arose at the Coal Stock Yard & Ash Plant. The situation arose
as a result of heavy rainfall & breakdown of current brush cutting equipment.",2025/02/11,2025/02/21,2025/02/24
702,Q4 2024/25,2025/02/28,Eskom Holdings SOC Ltd,Hire Mechanical Specialist Process Operations.,Nkamont (Pty) Ltd,"R 1 ,148,850.00","Competitive bids is impractical and the service is critical for the plant and urgently required as the plant
has many risks. Unit 3 is delay with its return to service. There is a lack of in-depth Operating skills .
The normal procurement will put the plant at further risk.",2025/02/04,2025/02/18,2026/02/17
703,Q4 2024/25,2025/02/28,Eskom Holdings SOC Ltd,"Procurement of project specification and solution development as well
monthly hosting and user access per site for 12 months.",On Track Technologies CC,"R 1 ,056,850.00","Sole Source and Urgent Procurement : The OTT component is a proprietary 3rd party interface,
essential for the Coal Automation Solution (CAS). As the Original Equipment Manufacturer (OEM) of
the in-motion mass weighbridge system, OTT possesses the requisite Intellectual Property (IP) and
technical expertise to ensure optimal system performance and integration. The OTT system is currently
utilized at Majuba and Tutuka Power Stations, as well as Transnet Freight Rail (TFR) owned rail
sidings, to weigh train wagons in real-time. The CAS solution requires interface with the OTT system to",2025/02/13,2025/02/21,2026/02/20
704,Q4 2024/25,2025/02/28,Eskom Holdings SOC Ltd,"Supply Sand-filter & Anion pump bases and Water Treatment Plant Sand
Filter Vessels - Concrete Floors.",Levay's General Trading (Pty) Ltd,"R 4 ,896,397.12","Since Tutuka Power Station is on half Station shutdown, with various plant areas available to have
repairs conducted on them with causing operational interruptions; it is therefore crucial to address the
Sand Filter Concrete Bases and Vessel Floors repairs before return of west units. It is impractical to
invite competitive bidders as normal procurement process can take up to 180-days as was evident in
the previous procurement processes; thus, resulting to delays and subjecting a Station to running the
units with the unhealthy systems or plant.",2025/02/24,2025/02/25,2025/06/24
705,Q4 2024/25,2025/02/28,Eskom Holdings SOC Ltd,"Supply, install and commission Biometrics system at Majuba Power Station.",Maat Engineering and Processing,"R 1 ,255,800.00","The need arises from an audit finding as there's a risk on the plant of personnel entering the switchgear
rooms without prior approval. Risk such as tripping the running units.",2025/01/28,2025/03/31,2025/05/30
706,Q4 2024/25,2025/02/28,Eskom Holdings SOC Ltd,Supply and delivery of two valve pit pumps.,Xylem,"R 1 ,099,775.71","On 3 February 2025, Outside Plant Engineering noted that line A from the common ducting at Unit 1
has a significant CW Leak emanating from the bottom of the duct coupling. This, following
troubleshooting of Valve Pit 7 persistent water inflow. The nature of the leak remains uncertain as up
close inspection poses a risk of injury or engulfment to personnel without proper equipment. This leak
seems to have developed rapidly as previous plant inspections in 2024 had no leaks noted in the pit.
This leak poses a risk to the western half of the Station production and maintenance activities on the",2025/02/15,2025/02/15,2025/05/07
707,Q4 2024/25,2025/02/28,Eskom Holdings SOC Ltd,Supply and delivery of medical centre equipment.,Khaphalaza Engineering (Pty) Ltd,"R 1 ,715,616.00","Matla hearing test machine and acoustic boots needs upgrade to accommodate the ever-changing
environment and dynamics related to the hearing conservation standards. Without using the related
equipment and software the result will be doubtful when comparing with the results we receive from the
audiologist, having this equipment will eliminate the need to send people for diagnostic audio
unnecessary.",2025/02/17,Not Stated,Not Stated
708,Q4 2024/25,2025/02/28,Eskom Holdings SOC Ltd,"Manufacture, supply and deliver 2 new gearboxes.",Turbine Generator Services (Pty) Ltd,"R 2 4,765,438.60","Camden Power Station was originally fitted with Allen Gears epicyclic gearboxes to drive the main
cooling water pumps. These epicyclic gearboxes are still in operation. This particular gearbox allows
for a high gear ratio and high-power transmission in a compact space. This design also allows the
gearbox to be vertically mounted to be in line between the electrical motor and the pump. These
gearboxes were designed for this particular application, hence their specialised design.",2025/02/17,2025/02/24,2026/02/24
709,Q4 2024/25,2025/02/28,Eskom Holdings SOC Ltd,To hire 2 X 1600CFM mobile diesel compressors.,Rand Air South Africa (Pty) Ltd,"R 1 ,166,100.00","On 19 February 2025, Duvha Power Station’s 11KV board tripped which resulted in three electric
compressors to trip. The tripping of the electric compressors caused the air supply pressure to the
units to drop which resulted in unit 1 to trip.",2025/02/20,2025/02/20,2025/03/20
710,Q4 2024/25,2025/02/28,Eskom Holdings SOC Ltd,Calibration and service of medical station equipment's.,Amtronix PTY LTD,"R 7 94,347.53","The software (African Management Software) which has been installed for testing hearing and vision,
Amtronix has been appointed as the sole source and exclusive distributor in Africa by deep red
technologies.",2025/02/26,2025/03/01,2030/02/28
711,Q4 2024/25,2025/02/28,Eskom Holdings SOC Ltd,Refurbish H2 driers at unit 6.,Gamnda Holdings (Pty) Ltd,"R 1 ,102,850.00","A functional H2 dryer is necessary to maintain a dry atmosphere inside the generator casing. With the
unit having been off on maintenance and being cold, moisture would have settled inside the generator
casing.",2025/02/26,2025/02/26,2025/03/26
712,Q4 2024/25,2025/02/28,Eskom Holdings SOC Ltd,Supply and deliver Autotitrator.,Metrohm South Africa (Pty) Ltd,"R 2 ,335,687.75","Current instruments have been in operation for more that 10 years and have reached and exceeded
their lifespan. This results in frequent breakdowns and reliability challenges as Chemical Services runs
a risk of not being able to perform analyses if current instruments were to fail completely.",2025/02/25,2025/02/26,2025/03/24
713,Q4 2024/25,2025/02/28,Eskom Holdings SOC Ltd,Procurement of various vehicles for Tutuka Power Station.,Standerton Toyota,"R 5 0,482,788.64","Tutuka Power Station fleet is responsible for managing fleet services in the Station and ensure
availability of daily operations. Currently our fleet has aged and our end users are experiencing
frequent breakdowns resulting to poor reliability of yellow plant and inconveniences for employees
regarding operation. Availability and full operations of yellow plant daily is uncertain due to
maintenance issues which puts a strain on our end users as they are unable to fulfil their responsibilities
with our plant. Purchasing a new yellow plant to replace the old one will enhance reliability and",2025/02/11,2025/02/11,2025/03/31
714,Q4 2024/25,2025/02/28,Eskom Holdings SOC Ltd,Supply and deliver Ion Chromatography.,Anatech Instruments (Pty) Ltd,"R 1 ,973,649.46","Current instrument has been in operation for more that 10 years and has reached and exceeded its
lifespan. This results in frequent breakdowns and reliability challenges as Chemical Services runs a
risk of not being able to perform analyses if current instrument were to fail completely.",2025/02/25,2025/02/26,2025/03/24
715,Q4 2024/25,2025/02/28,Eskom Holdings SOC Ltd,"Supply and delivery of Valves, Steel and Packings (GO1) for Duvha Power
Station.",Orrest Contracts (Pty) Ltd,"R 4 5,697,940.91","An urgent situation arose at Duvha PS due to equipment failure and outage scope arising from
inspections conducted which may lead to the unit return delays.",2025/02/25,2025/02/26,2025/04/30
716,Q4 2024/25,2025/02/28,Eskom Holdings SOC Ltd,Maintenance repairs on civil structures on the coal plant.,3rd Alternative Solutions,"R 3 0,646,781.25","Duvha Power Station has been granted an outage to execute the Half Station shutdown between
January 2025 and March 2025. During this period, it is expected that the coal plant conveyor belts will
be off (staithe 2 conveyors belts and inclines) and opportunity maintenance to repair critical structures
namely as tripper car rails and conveyor structures be repaired. Following the fire incident on the
overland 3A & B, partial repairs were completed in November 2025 by Seriti mine technical team on
conveyor 3A. Regrettably, due to the ongoing Section 189 restructuring process, the mine has released",2025/02/26,2025/02/26,2025/04/30
717,Q4 2024/25,2025/02/28,Eskom Holdings SOC Ltd,"Supply and delivery of HP and LP Heater safety valves repairs and trevi
testing.",JAG Site Support,"R 3 14,423.37","The unit must be taken off due to severe leak defects on HP heaters feed side Sempill valves 1 and 4,
HP and LP heaters safety valves. Due to these defects, the unit is consuming a lot of demin water and
there is also a risk of tripping the generator due to the generator earth fault because of the steam
coming from the Sempill valves to the bottom of the generator.",2025/02/14,2025/02/21,2025/02/28
718,Q4 2024/25,2025/02/28,Eskom Holdings SOC Ltd,Supply and delivery for FGD absorbers spray banks piping nozzle.,Spray Nozzle,"R 3 2,864,125.00","On 23 January 2025 an urgent situation arose at Kusile Power Station units 1 – 2 FGD absorbers spray
banks piping nozzles, where the nozzles were found to be severely damaged and could not be
replaced. There is a contract that was established for the manufacture, supply and delivery of spray
banks piping (complete set). Unfortunately, when engagement where held with the contractor for
delivery dates, the indication was that the delivery will take place after 40 weeks as they are being
manufactured outside of the country. This then prompted the need to place an order with local",2025/02/03,Not Stated,Not Stated
719,Q4 2024/25,2025/02/28,Eskom Holdings SOC Ltd,"The supply, installation, training, 3-year service contract and delivery of a
Sulphur analyser, supply and delivery of a H2 purity analyser at Tutuka
Power Station, supply, training, 3-years' service contract and delivery of a
Portable Dewpoint analyser.",Leco Africa,"R 1 ,392,014.05","The situation arose as a result of the release of funds to procure assets on 25 October 2024,
additionally the equipment required is crucial for chemical services department to meet the surveillance
requirements, maintain high quality standards and to control and monitor chemistry processes
efficiently. The business had made additional Capex funds available to spend before the end of the
financial year (31 March 2025). As a result, following the normal procurement process will not meet the
deadline because it will take longer than three months to complete, prompting the decision to use",2025/02/10,2025/02/25,2026/02/09
720,Q4 2024/25,2025/02/28,Eskom Holdings SOC Ltd,Supply Materials Management Resource.,Kusinko Trading,"R 1 3,160,140.00","Impela's national contract is expiring next year (2025 Feb 13) and MWP has indicated that the contract
won't be renewed due to unknown reasons. Currently we are short staffed and there are no funds to fill
the vacant positions and secondly, since we revamp both Africa and UCG warehouses we will definitely
require more resources.",2025/02/18,2025/02/26,2026/02/01
721,Q4 2024/25,2025/02/28,Eskom Holdings SOC Ltd,The provision of quality and safety management services.,Ibusisiwe Trading,"R 1 0,580,671.60","Currently the business unit cannot recruit resources to carry out critical plant statutory and legal
inspections due to the anticipated shutdown of the operations. The business unit requires resources to
carry out the critical activities to support the current operation and carry out inspections as required by
OSH Act. The inspections and safety management services require experienced and skilled resources
to immediately assist with critical plant inspections, data-books reviews and ensure that maintenance
and outage contractors are monitored to ensure compliance with occupational health and safety",2025/02/26,2025/02/26,2025/07/26
722,Q4 2024/25,2025/02/28,Eskom Holdings SOC Ltd,Service Gas Analysers.,Allbro Industries,"R 1 ,805,742.28","On 14 October 2024 an urgent situation arose at Majuba Power Station as a result of all he generator
transformer gas analysers are reading out of specification.",2025/02/21,2025/02/21,2025/03/21
723,Q4 2024/25,2025/02/28,Eskom Holdings SOC Ltd,Supply & Delivery of Circuit Breakers and Contactors.,Khonile Trading & Enterprise,"R 5 2,423,745.90","Unit 4-6 ABB Boards are running without breakers (Board are fed via bus section) that will result in
units trip should a failure occur.",2025/02/11,2025/02/26,2025/03/31
724,Q4 2024/25,2025/02/28,Eskom Holdings SOC Ltd,Unit 1 expansion trench MCW Line A.,Delmon Mining and Civils (Pty) Ltd,"R 6 3,963.00","On 3 February 2025 it was noted that line A from the common ducting at Unit 1 has a significant CW
Leak emanating from the bottom of the duct coupling. This, following troubleshooting of VP 7 persistent
water inflow. The nature of the leak remains uncertain as up-close inspection poses a risk of injury or
engulfment to personnel without proper equipment. This leak seems to have developed rapidly as
previous plant inspections in 2024 had no leaks noted in the pit. This leak poses a risk to the western
half of the Station production and maintenance activities on the CW system. The turbine hall can flood",2025/02/21,2025/02/13,2025/03/13
725,Q4 2024/25,2025/02/28,Eskom Holdings SOC Ltd,Procurement of 6 sets of EFP Transformer Coils,Hitachi Energy South Africa,"R 2 0,169,969.60","The existing procurement process, whether through a sole-source approach or placing a contract, is too
lengthy given the immediate risk to the power station. Any delays in acquiring the necessary
transformer coils could significantly impact operations, increasing the likelihood of further failures and
potential load losses. To mitigate this risk, it is critical that this urgent order is approved and expedited
without delay.",2025/02/25,Not Stated,Not Stated
726,Q4 2024/25,2025/02/28,Eskom Holdings SOC Ltd,"Repair of valves: leak off dn 150, pn250,13.",Superior Valve Solutions,"R 3 ,221,157.59",Superior Valve Solutions that is approved by GX Procurement and GE.,2025/02/03,2025/05/31,2025/05/31
727,Q4 2024/25,2025/02/28,Eskom Holdings SOC Ltd,Supply and delivery of 5x id fan impellers.,Howden Africa (Pty) Ltd,"R 3 7,864,012.69",Howden Africa is the OEM for Impellers.,2024/12/05,Not Stated,Not Stated
728,Q4 2024/25,2025/02/28,Eskom Holdings SOC Ltd,CT3 Structural assessment.,Mato Engineering,"R 2 89,736.75","An urgent situation arose at Kriel Power Station cooling tower 3 fill support elements. The situation
arose because of structural integrity report which was not providing solution as to whether full
installation can proceed on those beams found to be partially damaged. Eskom has requested an
independent structural engineering to do an independent assessment and provide a report. The need
for an independent structural engineers on a firm decision to proceed with the works due to non-
availability of calculations to back up the strength of the proposed holding mechanism.",2024/09/20,2024/09/22,2025/02/28
729,Q4 2024/25,2025/02/28,Eskom Holdings SOC Ltd,Repair silo 5 liners and civil structure,Cumdla Trading Enterprise,"R 2 ,609,856.00","Unit 5 and 6 are at risk since they are sharing silo 6 for coaling and we are experiencing load losses
since one silo cannot effectively and efficiently support 2 units.",2025/01/24,2025/03/31,2025/03/31
730,Q4 2024/25,2025/02/28,Eskom Holdings SOC Ltd,Mobile Compressor hire.,Doosan Bobcat South Africa (Pty) Ltd,"R 1 10,071.42","LP Compressor 3 breakdown was unexpected and due to its unavailability it is impossible to maintain
other compressors.",2025/02/03,2025/02/04,2025/02/04
731,Q4 2024/25,2025/02/28,Eskom Holdings SOC Ltd,Mobile Compressor hire.,Rand Air SA (Pty) Ltd,"R 4 68,050.00",There is imminent risk of station shutdown due to insufficient service air.,2025/02/19,2025/03/01,2025/03/30
732,Q4 2024/25,2025/02/28,Eskom Holdings SOC Ltd,"Supply and delivery of spares, Turbine Plant.",Joestien International,"R 4 55,273.50","Majuba Power Station has been in the process of placing contracts, the process is in progress and not
yet finalized. There is a need to buy spares, in the interim while in the process of the contract
placement is being concluded.",2025/02/25,2025/02/25,2025/03/26
733,Q4 2024/25,2025/02/28,Eskom Holdings SOC Ltd,Repair white metal bearing.,Linburg Engineering,"R 4 59,457.20","Majuba Power Station has been in the process of placing contracts, the process is in progress and not
yet finalized. There is a need to buy spares in the interim while in the process of the contract placement
is being concluded.",2025/02/26,2025/02/26,2025/02/26
734,Q4 2024/25,2025/02/28,Eskom Holdings SOC Ltd,"Supply and deliver various laser cut shims for turbine bearings for unit 5
GO.",Rotecon (Pty) Ltd,"R 6 03,306.91","The urgency to procure the shims is not a result of improper planning, in fact our maintenance schedule
and outage planning were conducted in accordance with established protocols. However, the
discovery of the non- compliant shim configuration during the current outage revealed a critical issue
that requires immediate attention.",2025/02/26,2025/02/26,2025/03/31
735,Q4 2024/25,2025/02/28,Eskom Holdings SOC Ltd,"Provision of IT support, maintenance and customisation of the workplace
software for a period of Two (2) years.",AW Programming and Consulting,"R 1 ,038,450.00","Presently SMMS has the exclusive rights for the support, maintenance and customization of the
Workplace tool. It is for this reason, Gx Engineering is approaching the sole source committee for
permission to negotiate a sole source contract for Workplace with SMMS for a period of 2 years.",2025/01/25,2025/02/25,2027/02/24
736,Q4 2024/25,2025/02/28,Eskom Holdings SOC Ltd,Supply of Yellow Plant Equipment at Majuba Power Station,"Hitelica BMR, Lesedi Technologies, Platinum
Vehicle Rentals, Vukazi Trading, NNT Engineering,
Ramadikela Building and Civil construction, Mfazee
Trading, Khulumunatie, Mundzelele, Theza,
Uhambo Lesizwe, Solid Spyder","R 1 23,975,060.00","Current supplier (Femgrow) unable to supply Yellow plant equipment as per contract. Termination
process in progress.",Not stated,2024/11/07,2025/04/30
737,Q4 2024/25,2025/02/28,Eskom Holdings SOC Ltd,Duvha coal operations,Vukazi Trading,"R 2 6,813,400.00","Duvha Power Station Conveyor Drive House 3 was rendered unusable due to a fire related incident that
happened on 24 August 2024. The fire caused damage to both the 3A and 3B conveyor belts inclusive
of electrical supply, communication cables and other mechanical components. With the increased
demand for coal, BMS was not going to be able to sustain the station’s coal burn rate over a 24-hour
basis using only the equipment which available to maintain normal operations.
As a result, additional equipment had to be urgently sourced to ensure a continuous coal supply to the",2024/10/23,2024/09/01,2025/02/28
738,Q4 2024/25,2025/02/28,Eskom Holdings SOC Ltd,Duvha coal operations,"Hitelica BMS Trading, Sector 6 Pty Ltd, Ramp
Inclination Solutions, EQ8 Group Pty Ltd.","R 1 6,754,806.32","Between the 24th October 2024 to the 04th November 2024 ERI BMS received two instructions from
Duvha power station. The first instruction related to the sourcing of additional mobile plant and the
second instruction related to the sourcing of mobile lighting towers because of various constraints that
Sereti was and still is currently facing in relation to consistency in coal supply to the station. as a result
of these constraints at the mine coal supply from the mine to the power station has been inconsistent.
some of these constraints relate to but are not limited to employee protests at the mine in early Nov",Not stated,2024/11/01,2025/04/30
739,Q4 2024/25,2025/02/28,Eskom Holdings SOC Ltd,"Supply of 4x 18000Lt Water Tankers for the Ash Dam, BMS, Arnot Power
Station for the Ash Contract.",Amancube Holdings,"R 1 ,081,715.32","ERI-BMS to make alternative arrangements for the required plant sourcing to prevent Load Losses,
interruption to electricity generation and supply; and to protect Eskom brand name at Arnot Power
Station. To avoid BMS in losing the contract as the client had issued BMS Arnot with letter of default,
the urgent procurement request was initiated to source requested machines.",2024/04/10,2024/01/14,2025/04/30
740,Q4 2024/25,2025/02/28,Eskom Holdings SOC Ltd,"Supply of 5x Tipper Trucks for the Coal Stock Yard, BMS, Arnot Power
Station for the Coal Contract",Amancube Holdings,"R 4 ,705,697.77","ERI-BMS failed to honour the instruction requirement on tipper trucks until the client issued a non-
conformance on the 10th of January 2024 due to the ERI tipper trucks being on long breakdowns and could
not be returned to service. If there is no adequate machinery on site to feed coal to the station, there is a risk
of units de-loading and shut down",2024/06/03,2024/01/18,2025/04/30
741,Q4 2024/25,2025/02/28,Eskom Holdings SOC Ltd,Supply AWR Lines Descaling Service for Ash Dam at Arnot Power Station,SGB Industrial Cleaning,"R 4 ,705,800.00","AWR Lines transport water from the ash dam to the high-level dam and from the high-level dam to the
station ash plant(sluiceway) for ashing and dusting. AWR Lines water supply could not maintain the
high-level dams required water levels resulting to a risk of not ashing and dusting the ash plant and
ashing to the floor. The ashing and dusting activity is done 24/7. If the ashing and dusting is not done, it
will lead to the station shutdown, interruptions to the electricity generating and supply and load
shedding.",2024/04/10,2024/01/26,2024/08/31
742,Q4 2024/25,2025/02/28,Eskom Holdings SOC Ltd,Labour Service,"Reata Services, Vukazi Trading, Lusaka Industrial
Operations, SC Zondo Transport, Lush Optimim
Solutions, Bambanani Distributors, Bulela and Co","R 1 03,499,696.52",Long term contract not yet concluded,2024/07/01,2024/07/01,2024/12/31
743,Q4 2024/25,2025/02/28,Eskom Holdings SOC Ltd,Supply and Delivery of Bulldozer (D8) x 2 at Various Sites,Barloworld,"R 2 7,181,400.00",Plant department requirements,2024/05/10,2024/05/10,2025/03/31
744,Q4 2024/25,2025/02/28,Eskom Holdings SOC Ltd,Supply and Delivery of Bulldozer (D8) x 26 at Various Sites,Barloworld,"R 3 04,876,500.00",Plant department requirements,2024/05/10,2024/05/10,2025/03/31
745,Q4 2024/25,2025/02/28,Eskom Holdings SOC Ltd,Procurement of Sulphuric Acid at Hendrina,Spill Tech,"R 3 95,353.96","Power Station cannot operate should sulphuric acid not be made available – Primary risk to production -
All units will shut down",2024/05/30,2024/05/28,2024/06/06
746,Q4 2024/25,2025/02/28,Eskom Holdings SOC Ltd,Refurbishment of White Metal Bearings,Vallard Bearings,"R 3 ,539,905.85","Due to a number of breakdowns, the bearings were required urgently at site to avoid loadshedding",2025/01/28,2025/01/28,2025/02/15
747,Q4 2024/25,2025/02/28,Eskom Holdings SOC Ltd,"Design, Supply Installation and Commissioning of CBMS for Kusile Power
Station",Honeywell,"R 1 4,795,957.50",Installed Base [Original Equipment Manufacturer (OEM)],2024/12/11,2025/01/20,2025/10/31
748,Q4 2024/25,2025/02/28,Eskom Holdings SOC Ltd,"Supply, Delivery, Installation and Commissioning of Seven Electric Hoists
with Motorized Trolleys for Kusile Power Station",Pro Crane Services (Pty) Ltd,"R 5 ,133,736.76",Installed Base [Original Equipment Manufacturer (OEM)],2024/09/17,2024/09/23,2025/08/24
749,Q4 2024/25,2025/02/28,Eskom Holdings SOC Ltd,Supply of Filtration stones for Medupi ADF construction,Afrimat Contracting International,"R 1 5,001,497.00","· ERI Construction Services signed a contract with Eskom Medupi to construct an Ash Disposal Facility
for the next 3 years, from now till 31 July 2027.
· The scope for this project requires ERI to install under drainage perforated pipes that are covered by
filtration stone and wrapped in geotextiles.
· The filtration stone specified for this project is 13.2mm single size stone and 6mm single size stone. ·
These two sizes of stone are only used at Medupi and being produced by Afrimat quarry. The stone",2024/12/10,2025/02/05,2025/08/04
750,Q4 2024/25,2025/02/28,Eskom Holdings SOC Ltd,Purchase of 19 ton Puller and 18 ton Tensioner,GW Lifting,"R 9 ,963,311.36",Installed Base [Original Equipment Manufacturer (OEM)],2024/12/09,2024/12/21,2025/03/31
751,Q4 2024/25,2025/02/28,Eskom Holdings SOC Ltd,"The work to be performed is the
extension/continuation of the Integrated Access
Control System at Medupi Power Station.","Honeywell Automation and Control Solutions
South Africa (Pty) Ltd","R 3,387,503.69","Established on-site Supplier. all the other power stations (Matimba
Power Station etc.) and megawatt park use of the
Honeywell integrated access control system",2024/05/14,2024/06/01,2025/08/31
752,Q4 2024/25,2025/02/28,Eskom Holdings SOC Ltd,Cleaning service at Kendal Village and Wilge offices,"Visit Vakasha Guest
Lodge","R 415,191.40","As from 01 November 2021, there will be no contract in place to provide office cleaning and janitorial
services at Kendal Village and Wilge Offices. · Secure the continuation of the provision of
accommodation units and office cleaning and janitorial services at Kendal Village and Wilge Offices in
ensuring compliance with the Project’s Record of Decision (ROD) and Environmental Management
Plan (EMP) as applicable. · Kendal Village is hosting about 400 Contractor employees and cleaning
service is critical towards the health and safety of all occupants. · An environmental risk will also exist",2022/03/09,2021/11/01,2021/11/30
753,Q4 2024/25,2025/02/28,Eskom Holdings SOC Ltd,"Appointment of the Environmental Monitoring
Committee Chairperson-SSJ",Ematayereni Group,"R 242,650.00","Kusile Power Station obtained an environmental authorization (EA) / Record of Decision (RoD) for the
construction and operation of the power station (PS) and its associated activities in March 2008 under
the Environmental Conservation Act No. 73 of 1989 (ECA). Section 3.11 of the RoD requires Kusile
Power Station to establish an Environmental Monitoring Committee (EMC) with clear Terms of
Reference (ToR). The RoD further requires the appointment of an independent chairperson who has
appropriate people’s management and project management skills. Kusile Power Station has, since its",2022/08/10,2023/02/16,2024/04/20
754,Q4 2024/25,2025/02/28,Eskom Holdings SOC Ltd,"Ratification of an emergency procurement: Matimba Marang 1 400kV Tower
575 Emergency Repairs",ADY EM TECHNICAL PTY LTD,"R 11,431,000.00","On 04 December 2024, at 09H22, the Marang-Matimba 1 400kV line experienced a trip and lockout,
indicating a permanent fault. An investigation by the Lines and Servitudes team revealed evidence of
vandalism, specifically the intentional cutting of the Matimba-Marang 1 400kV tower 575 steel guy wire.
This malicious act caused significant damage, including:",2025/01/29,2025/02/07,2025/02/28
755,Q4 2024/25,2025/02/28,Eskom Holdings SOC Ltd,Decommissioning of Avaya Estate - Eskom Sites Country Wide,Jasco Enterprise,"R 650,066.25",Established (On-site) supplier,2025/09/02,2025/01/31,2026/01/31
756,Q4 2024/25,2025/02/28,Eskom Holdings SOC Ltd,Managed Service Endpoint Protection for laptops & Servers,NEX XON Systems,"R 207,000,000.00","December 2024 they were informed of the attempted fraudulent transaction that occurred in September
2024, the investigation started, and the interim mitigations were implemented.
The Team discovered that there was a spyware that was deployed on various end points.",2025/01/31,2025/02/10,2025/02/10
757,Q4 2024/25,2025/02/28,Eskom Holdings SOC Ltd,Procurment Enterprise Integration Platform (EIP) Hardware,Business Connexion Pty Ltd,"R 297,518,526.17","In line with the Eskom Group IT strategy where we are consuming Infrastructure as a Service, Eskom
opted to publish an RFQ to only the two incumbent IaaS vendors, Gijima and BCX on the following
basis:
• The two vendors are already rendering the support service to Eskom, and we already have contracts
in place with agreed Sow.
• The two incumbents have an extensive knowledge of the Eskom IT infrastructure environment",2024/12/09,2025/01/30,2029/01/29
758,Q4 2024/25,2025/02/28,Eskom Holdings SOC Ltd,Network Manger -Software mad Licenses,Hitachi Energy SA,"R 12,190,566.79","Network Manager - Maintenance Licenses and Software. Hitachi Energy South Africa (Pty) Ltd is the
only Organisation authorised to sublicense, resell and
distribute the product and related maintenance, training services, completion and installation of the
Software, and the only entity who is able to provide
direct 3rd line level maintenance support",2025/01/30,2025/02/06,2026/02/05
759,Q4 2024/25,2025/02/28,Transnet SOC Ltd,"Supply, deliver, commission, provision of maintenance, repairs,
replacement including supply of critical spares for the Sand Bypass system
flygt submersible pumps at Transnet National Ports Authority – Port of
Ngqura, for a period of five (5) years.",XYLEM Water Solutions SA Sensus (Pty) Ltd,"R 9,554,516.25",Specialisation: Goods or services are highly specialised,2024/12/17,2025/01/01,2030/01/31
760,Q4 2024/25,2025/02/28,Transnet SOC Ltd,"Demolition of illegal structures constructed on Transnet property at Reunion
(Isipingo) in KZN.",Red Ant Eviction Services (Pty) Ltd,"R 2,741,449.83","11. In emergency situation where there are serious and unexpected situations that pose an immediate
risk to health, life, property or environment which calls for urgent action",2024/12/31,2024/12/31,2025/05/31
761,Q4 2024/25,2025/02/28,Transnet SOC Ltd,"The Provision of a 3-year Category & Spend Analysis for a period of 4
weeks",AT Kearney (Pty) Ltd,"R 2,000,000.00",Previous Specification: Goods or services are identical to previously procured goods or services,2024/11/29,2025/02/10,2025/02/28
762,Q42024/25,2025/03/05,DepartmentofHumanSettlements(DHS),93BeneficiariesEthekwini,KTMMajorProjects,"R 1,209,279.00",Singlesource,2025/02/28,Not Stated,Not Stated
763,Q42024/25,2025/03/05,DepartmentofHumanSettlements(DHS),85BeneficiariesBCMM,Musiwarofhi,"R 1,101,310.00",Singlesource,2025/04/03,Not Stated,Not Stated
764,Q42024/25,2025/03/05,DepartmentofHumanSettlements(DHS),316BeneficiareisvariousareasinCapeTown,FierceDimension,"R 2,059,688.00",Singlesource,2025/04/03,Not Stated,Not Stated
765,Q42024/25,2025/03/05,"ArmamentsCorporationofSouthAfricaSOCLtd(ARMSCO
R)",ProcurementofMIRATargets,PladenPlasticscc,"R 4,065,300.00","PladenPlasticsspecializesinmouldedplasticproductsandisthesoleIntellectualPatent(IP)holderoftheMIRAt
argetsystems.TheMIRAtargetsweredevelopedandintegratedintotheSouthAfricanDefenceForces(SANDF
)musketrytrainingsystemsin1998.aspartofPROJECTMAGNET.",2024/10/30,2024/10/31,2025/06/30
766,Q42024/25,2025/03/05,"ArmamentsCorporationofSouthAfricaSOCLtd(ARMSCO
R)",SupplyanddeliverThorlabslaboratoryequipment,NkosiInnovations(Pty)Ltd,"R 436,270.00","NkosiInnovations(Pty)LtdisthesoleauthorisedresellerinSouthAfricaoftheOriginalEquipmentManufacturer(
OEM)Thorlabs.",2025/02/14,2025/02/14,2025/05/30
767,Q42024/25,2025/03/05,"ArmamentsCorporationofSouthAfricaSOCLtd(ARMSCO
R)","Thesupply.deliveryofaMultisensorpayloadcamera.payloadconnectorandconf
iguration.installationandtestingontheAutono1Drone",Autonosky(Pty)Ltd,"R 417,500.00","Autonosky(Pty)LtdistheOriginalEquipmentManufacturer(OEM)andtheexclusivesupplieroftheAutono1dro
ne.Autonosky(Pty)LtdisalsothesoleintegratoroftheWIRISEnterprisemultisensorcameraandGremsygimbal
totheAutono1dronewhoistheonlylocalpartnerforWorksWellwhoistheOEMoftheWIRISEnterpriseMultisens
orcamerapayloadandservicingofWorksWellpayloadsystemsinSouthAfrica",2025/02/14,2025/02/14,2025/04/18
768,Q42024/25,2025/03/05,"ArmamentsCorporationofSouthAfricaSOCLtd(ARMSCO
R)",VIPtransportationandrelieftotheEXCOandBOARD,BMWMenlyn,"R 849,300.76","Thevehiclewasrequiredurgentlyastheavailablevehiclesarenotfitforpurposeduetoage.Budgetconstraintsli
mitedtheprocurementtoademovehicle.TheTransversalContractthatArmscorparticipatesindoesnotmakepr
ovisionfordemovehicles.",2025/03/14,Not Stated,Not Stated
769,Q4 2024/25,2025/03/07,National Consumer Commission (NCC),Dstv subscription,Multichoice,"R 1 1,040.00",Sole source,2025/02/28,2025/03/01,2026/02/28
770,Q4 2024/25,2025/02/27,Department of Correctional Services (DCS),CHICKEN,KHANYA PRETTY AND WITNESS,"R 1 38,000.00",No contract,2025/01/30,Not Stated,Not Stated
771,Q4 2024/25,2025/02/27,Department of Correctional Services (DCS),FISH (JACK MACKEREL),MIGHTYNOM (PTY)LTD,"R 95,700.00",No contract,2025/01/30,Not Stated,Not Stated
772,Q4 2024/25,2025/02/27,Department of Correctional Services (DCS),APPLES,KPPS TRADING (PTY) LTD,"R 64,280.00",No contract,2025/01/30,Not Stated,Not Stated
773,Q4 2024/25,2025/02/27,Department of Correctional Services (DCS),MAIZE MEAL,MASOBE PROJECTS,"R 20,700.00",No contract,2025/01/07,Not Stated,Not Stated
774,Q4 2024/25,2025/02/27,Department of Correctional Services (DCS),"SUGAR, BROWN",TECNO INVESTMENT,"R 35,056.00",No contract,2025/01/14,Not Stated,Not Stated
775,Q4 2024/25,2025/02/27,Department of Correctional Services (DCS),COOKING OIL,ENTELO INVESTMENT,"R 28,702.00",No contract,2025/01/15,Not Stated,Not Stated
776,Q4 2024/25,2025/02/27,Department of Correctional Services (DCS),YELLOW MAGARINE,THATOHATSI,"R 21,800.00",No contract,2025/01/16,Not Stated,Not Stated
777,Q4 2024/25,2025/02/27,Department of Correctional Services (DCS),SOAP GENERAL PURPOSE 1KG,S A MAMADI,"R 46,046.00",No contract,2025/01/14,Not Stated,Not Stated
778,Q4 2024/25,2025/02/27,Department of Correctional Services (DCS),TOOTHPASTE,SUPER STARS,"R 20,100.00",No contract,2025/01/15,Not Stated,Not Stated
779,Q4 2024/25,2025/02/27,Department of Correctional Services (DCS),BROWN BREAD,MAKHALENDLOVU TRADING,"R 43,434.00",No contract,2025/01/27,Not Stated,Not Stated
780,Q4 2024/25,2025/02/27,Department of Correctional Services (DCS),BROWN BREAD,MALA GROUP,"R 48,500.00",No contract,2025/01/27,Not Stated,Not Stated
781,Q4 2024/25,2025/02/27,Department of Correctional Services (DCS),BROWN BREAD,APPRECIATION,"R 49,105.00",No contract,2025/01/27,Not Stated,Not Stated
782,Q4 2024/25,2025/02/27,Department of Correctional Services (DCS),BROWN BREAD,KUNDIS PROJECTS,"R 40,500.00",No contract,2025/01/27,Not Stated,Not Stated
783,Q4 2024/25,2025/02/27,Department of Correctional Services (DCS),BROWN BREAD,LIVETECH SOLUTIONS,"R 40,800.00",No contract,2025/01/09,Not Stated,Not Stated
784,Q4 2024/25,2025/02/27,Department of Correctional Services (DCS),GRAVY SOUP,CARRY ON,"R 26,600.00",No contract,2025/01/12,Not Stated,Not Stated
785,Q4 2024/25,2025/02/27,Department of Correctional Services (DCS),CHICKEN,ZWIDE GALANGA,"R 47,990.00",No contract,2025/01/12,Not Stated,Not Stated
786,Q4 2024/25,2025/02/27,Department of Correctional Services (DCS),BROWN BREAD,ALUDINI,"R 46,500.00",No contract,2025/01/24,Not Stated,Not Stated
787,Q4 2024/25,2025/02/27,Department of Correctional Services (DCS),FRUIT AND VEGETABLES,LA PERRING,"R 47,650.00",No contract,2025/01/31,Not Stated,Not Stated
788,Q4 2024/25,2025/02/27,Department of Correctional Services (DCS),FRUIT MIX,APPRECIATION,"R 48,695.00",No contract,2025/01/08,Not Stated,Not Stated
789,Q4 2024/25,2025/02/27,Department of Correctional Services (DCS),FRUIT MIX,APPRECIATION,"R 49,350.00",No contract,2025/01/07,Not Stated,Not Stated
790,Q4 2024/25,2025/02/27,Department of Correctional Services (DCS),BROWN BREAD,SIYOKULANDELWA,"R 44,625.00",No contract,2025/01/09,Not Stated,Not Stated
791,Q4 2024/25,2025/02/27,Department of Correctional Services (DCS),BROWN BREAD,NOXYM THE NEW ADVENTURE,"R 49,700.00",No contract,2025/01/17,Not Stated,Not Stated
792,Q4 2024/25,2025/02/27,Department of Correctional Services (DCS),BEEF,SIYOKULANDELWA,"R 39,995.00",No contract,2025/01/10,Not Stated,Not Stated
793,Q4 2024/25,2025/02/27,Department of Correctional Services (DCS),FISH HAKE,ANNOINTED SERVICES,"R 25,000.00",No contract,2025/01/10,Not Stated,Not Stated
794,Q4 2024/25,2025/02/27,Department of Correctional Services (DCS),SOYA MEATBALLS,SIYOKULANDELWA,"R 26,904.00",No contract,2025/01/10,Not Stated,Not Stated
795,Q4 2024/25,2025/02/27,Department of Correctional Services (DCS),MILK POWDER,EVENTFUL GENERAL TRADING,"R 44,900.00",No contract,2025/01/11,Not Stated,Not Stated
796,Q4 2024/25,2025/02/27,Department of Correctional Services (DCS),CHICKEN PATTIES,BOPHAZONKE GROUP,"R 41,878.00",No contract,2025/01/11,Not Stated,Not Stated
797,Q4 2024/25,2025/02/27,Department of Correctional Services (DCS),MEATBALLS,NOMDA TRADING ENTERPRISE,"R 30,750.00",No contract,2025/01/11,Not Stated,Not Stated
798,Q4 2024/25,2025/02/27,Department of Correctional Services (DCS),SUGAR,BACARAC NUTRITIONAL,"R 40,500.00",No contract,2025/01/11,Not Stated,Not Stated
799,Q4 2024/25,2025/02/27,Department of Correctional Services (DCS),BREAD BROWN,BALCANEX INNOVATION,"R 594,735.00",No contract,2025/01/14,Not Stated,Not Stated
800,Q4 2024/25,2025/02/27,Department of Correctional Services (DCS),TOILET SOAP,HLELO LEMVELO TRADING,"R 43,000.00",No contract,2024/11/19,Not Stated,Not Stated
801,Q4 2024/25,2025/02/27,Department of Correctional Services (DCS),RAZORS DISPOSABLE,NODOLI TRADING,"R 24,000.00",No contract,2024/11/19,Not Stated,Not Stated
802,Q4 2024/25,2025/02/27,Department of Correctional Services (DCS),URGENT REPAIRS OF DAMAGED ROLLER SHUTTER DOOR MOTOR,RASSOL PROJECTS,"R 14,260.00",No contract,2024/12/13,Not Stated,Not Stated
803,Q4 2024/25,2025/02/27,Department of Correctional Services (DCS),NON-PERISHABLES,ROBSKIN PTY LTD,"R 357,240.00",No contract,2025/01/30,Not Stated,Not Stated
804,Q4 2024/25,2025/02/27,Department of Correctional Services (DCS),NON-PERISHABLES,TUGALS,"R 306,860.00",No contract,2025/01/30,Not Stated,Not Stated
805,Q4 2024/25,2025/02/27,Department of Correctional Services (DCS),NON-PERISHABLES,MALANS FACTORY SHOP,"R 49,731.00",No contract,2025/01/30,Not Stated,Not Stated
806,Q4 2024/25,2025/02/27,Department of Correctional Services (DCS),NON-PERISHABLES,TEDMON PTY LTD,"R 483,615.00",No contract,2025/01/30,Not Stated,Not Stated
807,Q4 2024/25,2025/02/27,Department of Correctional Services (DCS),CLEANING MATERIAL,TEDMON PTY LTD,"R 46,554.00",No contract,2025/01/30,Not Stated,Not Stated
808,Q4 2024/25,2025/02/27,Department of Correctional Services (DCS),CLEANING MATERIAL,INHLE CLEANERS,"R 1,299.00",No contract,2025/01/30,Not Stated,Not Stated
809,Q4 2024/25,2025/02/27,Department of Correctional Services (DCS),TOILETRIES,TEDMON PTY LTD,"R 23,155.00",No contract,2025/01/30,Not Stated,Not Stated
810,Q4 2024/25,2025/02/27,Department of Correctional Services (DCS),TOILETRIES,INHLE CLEANERS,"R 29,227.00",No contract,2025/01/30,Not Stated,Not Stated
811,Q42024/25,2025/02/27,DepartmentofCorrectionalServices(DCS),PERISHABLES,NOR-LES,"R 376,200.00",Nocontract,2025/01/08,Not Stated,Not Stated
812,Q42024/25,2025/02/27,DepartmentofCorrectionalServices(DCS),PERISHABLES,PREZZONTITY,"R 261,440.00",Nocontract,2025/01/08,Not Stated,Not Stated
813,Q42024/25,2025/02/27,DepartmentofCorrectionalServices(DCS),PERISHABLES,HOLGATEFRUIT&VEG,"R 98,052.00",Nocontract,2024/12/18,Not Stated,Not Stated
814,Q42024/25,2025/02/27,DepartmentofCorrectionalServices(DCS),TOILETRIESANDCLEANINGMATERIAL,BENLADYSNEWENTERPRISE,"R 499,955.00",Nocontract,2025/01/06,Not Stated,Not Stated
815,Q42024/25,2025/02/27,DepartmentofCorrectionalServices(DCS),TOILETRIESANDCLEANINGMATERIAL,GNIENTERPRISE,"R 54,400.00",Nocontract,2025/01/06,Not Stated,Not Stated
816,Q42024/25,2025/02/27,DepartmentofCorrectionalServices(DCS),TOILETRIESANDCLEANINGMATERIAL,KLIENPARYSGENERALTRADING,"R 52,242.50",Nocontract,2025/01/06,Not Stated,Not Stated
817,Q42024/25,2025/02/27,DepartmentofCorrectionalServices(DCS),PERISHABLES,BEKEURTRADING,"R 784,770.00",Nocontract,2025/01/31,Not Stated,Not Stated
818,Q42024/25,2025/02/27,DepartmentofCorrectionalServices(DCS),PERISHABLES,FIZZJEN,"R 727,950.00",Nocontract,2025/01/10,Not Stated,Not Stated
819,Q42024/25,2025/02/27,DepartmentofCorrectionalServices(DCS),SUPPLYANDDELIVERYOFSPECIALDIETGROCERIES,YOUNGARAFFADTRADING,"R 435,300.00",Nocontract,2025/01/28,Not Stated,Not Stated
820,Q42024/25,2025/02/27,DepartmentofCorrectionalServices(DCS),VEGETABLES,SKIMTEEPROJECTSANDTRAINING,"R 997,860.00",Nocontract,2025/01/27,Not Stated,Not Stated
821,Q42024/25,2025/02/27,DepartmentofCorrectionalServices(DCS),BREADHALAAL,LEAPHELAFRESHBREADANDBAKERY,"R 922,350.00",Nocontract,2025/01/30,Not Stated,Not Stated
822,Q42024/25,2025/02/27,DepartmentofCorrectionalServices(DCS),COALPEAS,ROUXCAS,"R 996,300.00",Nocontract,2025/01/29,Not Stated,Not Stated
823,Q42024/25,2025/02/27,DepartmentofCorrectionalServices(DCS),HIREOFGENERATORS,CHANGEN,"R 22,750.00",Nocontract,2025/01/16,Not Stated,Not Stated
824,Q42024/25,2025/02/27,DepartmentofCorrectionalServices(DCS),INSTALLATIONANDCOMMISSIONINGOFCIRCUITBREAKER,DITLHOTHLA,"R 90,000.00",Nocontract,2025/01/09,Not Stated,Not Stated
825,Q42024/25,2025/02/27,DepartmentofCorrectionalServices(DCS),FRUITSANDVEGETABLES,DUPREDEVELOPMENTPROJECTS,"R 901,825.00",Nocontract,2025/01/29,Not Stated,Not Stated
826,Q42024/25,2025/02/27,DepartmentofCorrectionalServices(DCS),BREAD,HRRINVESTMENTS,"R 41,160.00",Nocontract,2025/01/25,Not Stated,Not Stated
827,Q42024/25,2025/02/27,DepartmentofCorrectionalServices(DCS),SUPPLYANDDELIVERYOFVEGETABLES,DKT3CONSULTING,"R 994,000.00",Nocontract,2025/01/30,Not Stated,Not Stated
828,Q42024/25,2025/02/27,DepartmentofCorrectionalServices(DCS),SUPPLYANDDELIVERYOFGROCERY(LINTILS&SUGARBEANS),POPPINGICETRADING,"R 999,780.00",Nocontract,2025/01/16,Not Stated,Not Stated
829,Q42024/25,2025/02/27,DepartmentofCorrectionalServices(DCS),SUPPLYANDDELIVERYOFBROWNBREAD,MANIALOGISTICS,"R 999,200.00",Nocontract,2025/01/30,Not Stated,Not Stated
830,Q42024/25,2025/02/27,DepartmentofCorrectionalServices(DCS),SUPPLY.DELIVERYANDOFFLOADINGOFWASHEDCOALPEASGRADEAFORBOILER,ONEMANBUSINESSENTERPRISE,"R 499,500.00",Nocontract,2025/01/16,Not Stated,Not Stated
831,Q4 2024/25,2025/02/27,Department of Correctional Services (DCS),GROCERIES,NAL WHOLESALERS,"R 427,500.00",No contract,2025/01/13,Not Stated,Not Stated
832,Q4 2024/25,2025/02/27,Department of Correctional Services (DCS),SUPPLY AND DELIVERY OF BROWN BREAD,ORNEL PROJECTS,"R 489,000.00",No contract,2025/01/20,Not Stated,Not Stated
833,Q4 2024/25,2025/02/27,Department of Correctional Services (DCS),"SUPPLY AND DELIVERY OF MEAT PRIDUCTS (BEEF,FISH)",CRAZY MONKEY EVENTS (PTY) LTD,"R 508,000.00",No contract,2025/01/24,Not Stated,Not Stated
834,Q4 2024/25,2025/02/27,Department of Correctional Services (DCS),SUPPLY AND DELIVERY OF FRUIT & VEGETABLES,MAT GENERAL SERVICES (PTY) LTD,"R 257,000.00",No contract,2025/01/24,Not Stated,Not Stated
835,Q4 2024/25,2025/02/27,Department of Correctional Services (DCS),SUPPLY AND DELIVERY OF BROWN BREAD,CWARO GENERAL TRADING (PTY) LTD,"R 341,600.00",No contract,2025/01/24,Not Stated,Not Stated
836,Q4 2024/25,2025/02/27,Department of Correctional Services (DCS),PERISHABLE PROVISIONS - CHICKEN (WHOLE),WYN TRADING (PTY) LTD,"R 527,670.00",No contract,2025/01/28,Not Stated,Not Stated
837,Q4 2024/25,2025/02/27,Department of Correctional Services (DCS),PERISHABLE PROVISIONS - BROWN BREAD 700 GRAM (SLICED),MACLEP INVESTMENTS (PTY) LTD,"R 980,270.00",No contract,2025/01/28,Not Stated,Not Stated
838,Q4 2024/25,2025/02/27,Department of Correctional Services (DCS),"BEEF,CHICKEN AND FISH",ZINANDE HOLDINGS,"R 505,408.00",No contract,2025/01/13,Not Stated,Not Stated
839,Q4 2024/25,2025/02/27,Department of Correctional Services (DCS),PERISHABLE PROVISIONS (BEEF HALAAL),BILISIYAPHA PRIMARY CO-OPERATIVE LIMITED,"R 903,000.00",No contract,2025/01/09,Not Stated,Not Stated
840,Q4 2024/25,2025/02/27,Department of Correctional Services (DCS),PERISHABLE PROVISIONS (POULTRY - CHICKEN),INTSHABA (PTY) LTD,"R 931,500.00",No contract,2025/01/09,Not Stated,Not Stated
841,Q4 2024/25,2025/02/27,Department of Correctional Services (DCS),NON-PERISHABLE PROVISIONS (SUNFLOWER OIL),GO SQUARED,"R 519,900.00",No contract,2025/01/21,Not Stated,Not Stated
842,Q4 2024/25,2025/02/27,Department of Correctional Services (DCS),NON-PERISHABLE PROVISION (SUNFLOWER OIL)(URGENT CASE,EWE DOBO CONSTRUCTION (PTY) LTD.,"R 75,200.00",No contract,2025/01/03,Not Stated,Not Stated
843,Q4 2024/25,2025/02/27,Department of Correctional Services (DCS),NON-PERISHABLE PROVISION (SUGAR BEANS) URGENT CASE,EWE DOBO CONSTRUCTION (PTY) LTD.,"R 28,000.00",No contract,2025/01/06,2025/01/06,Not Stated
844,Q4 2024/25,2025/02/27,Department of Correctional Services (DCS),PERISHABLE PROVISION (FRUIT & VEG),TRAFFIC TRANSPORT,"R 875,100.00",No contract,2025/01/16,2025/01/16,Not Stated
845,Q4 2024/25,2025/02/27,Department of Correctional Services (DCS),PERISHABLE PROVISION (BREAD),RISING FAST TRADING (PTY) LTD.,"R 833,000.00",No contract,2025/01/20,2025/01/20,2025/01/10
846,Q4 2024/25,2025/02/27,Department of Correctional Services (DCS),BEEF FORE QUARTER,NOLUJAH PROJECTS,"R 481,600.00",No contract,2025/01/21,2025/01/25,Not Stated
847,Q4 2024/25,2025/02/27,Department of Correctional Services (DCS),SUPPLY AND DELIVERY OF WHOLE FROZEN CHICKEN,KUFEZIWE NLM,"R 906,000.00",No contract,2025/01/07,Not Stated,Not Stated
848,Q4 2024/25,2025/02/27,Department of Correctional Services (DCS),SUPPLY AND DELIVERY OF SLICED BROWN BREAD,RISING FAST,"R 7 82,725.00",No contract,2025/01/07,Not Stated,Not Stated
849,Q4 2024/25,2025/02/27,Department of Correctional Services (DCS),PEA COAL (GRADE-A),SHISA COAL SERVICES CC,"R 8 59,050.00",No contract,2025/01/10,2025/01/10,Not Stated
850,Q4 2024/25,2025/02/27,Department of Correctional Services (DCS),TOILETRIES,ABAXOLILE SERVICES,"R 1 73,000.00",No contract,2025/01/16,Not Stated,Not Stated
851,Q4 2024/25,2025/02/27,Department of Correctional Services (DCS),REPAIR OF FREZERS AND COOLER ROOMS,AKAMI PROJECTS,"R 1 ,273,730.00",No contract,2025/01/09,Not Stated,Not Stated
852,Q4 2024/25,2025/03/07,Denel,DAS System for Denel Dynamics,Vasconn Holdings,"R 2 ,690,508.00",Das security system,2025/02/06,2025/02/28,2025/04/30
853,Q4 2024/25,2025/03/07,Denel,Kamas,Osglo,"R 1 ,270,685.00",Clien facility upgrade phase2,2025/02/21,2025/02/21,2025/03/28
854,Q4 2024/25,2025/03/07,Social Housing Regulatory Authority (SHRA),Additional services for IT Manager,Exelligent Network Services,"R 530,657.57","Exelligent Network Services is the appointed Managed Services Provider for IT services, as a result a
quotation was requested from them for the provision of additional services to perform the core
functions of the IT Manager.",2025/02/28,2025/02/01,2026/01/31
855,Q4 2024/25,2025/03/07,Social Housing Regulatory Authority (SHRA),To migrate data from the file server to SharePoint Online,Exelligent Network Services,"R 530,657.57","Exelligent Network Services as the appointed SHRA MSP has the expertise and tools necessary for
this migration",2025/02/28,Not Stated,Not Stated
856,Q4 2024/25,2025/03/07,Social Housing Regulatory Authority (SHRA),"Provide comprehensive planning, execution and post migration support for
the SHRA switch migration project",Exelligent Network Services,"R 63,914.37","Exelligent Network Services as the appointed SHRA MSP has the expertise and tools necessary for
this migration",2025/02/28,Not Stated,Not Stated
857,Q4 2024/25,2025/03/11,National Consumer Commission (NCC),Caseware licence,Adapt IT,"R 1 1,245,177.00",Sole source,2025/03/10,2025/04/01,2026/03/31
858,Q4 2024/25,2025/03/04,South African Social Security Agency (SASSA),Media Activations,Eastern Cape Community Hub,"R 1 06,200.00","In light of the payment challenges experienced, SASSA opted to intensify facilitation of support for
beneficiaries preferring alternative payment methods. There has been engagements with the banking
institutions in order to improve collaboration. From July to December 2024 a decision has been made of
ensuring Cash Pay Points are closed in a phased out approach. In January Child Support Grant
beneficiaries will not be paid at CPPs. The activations are expected to run for the duration of the CPPs
project closure with urgent communication exercise for those in receipt of Child Support Grant to",2025/02/21,2025/02/26,2025/03/03
859,Q4 2024/25,2025/03/04,National Prosecuting Authority of South Africa (NPA),Digital Forensic Investigative Services,Harrison eDiscovery Consulting,"R 1 ,955,000.00",To provide digital forensic investigating services,2025/01/04,2025/02/27,2026/03/21
860,Q4 2024/25,2025/03/04,National Prosecuting Authority of South Africa (NPA),Digital Forensic Investigative Services,Dynamdre,"R 1 ,437,500.00",To provide digital forensic investigating services,2025/01/04,2025/02/27,2026/03/21
861,Q4 2024/25,2025/03/04,National Prosecuting Authority of South Africa (NPA),Digital Forensic Investigative Services,One Matrix Consulting,"R 3 ,565,000.00",To provide digital forensic investigating services,2025/01/04,2025/02/27,2026/03/21
862,Q4 2024/25,2025/03/04,National Prosecuting Authority of South Africa (NPA),Forensic Investigative Services,Greenmont Forensic Services,"R 2 ,365,000.00",To provide forensic investigating services,2025/01/04,2025/02/27,2026/03/21
863,Q4 2024/25,2025/03/05,National Development Agency (NDA),"Relocation of Printers from Western Cape Provincial office to the new
Provincial office",Konica Minolta South Africa,R 8 91.33,"Konica Minolta is the supplier of the printers and they possess the necessary expertise and knowledge
of their equipment. They are best placed to handle the equipment and also configure it on behalf of the
NDA. The printer cannot be removed by any other supplier, as once it is damaged the supplier or the
officials who removed that printer will be liable for the payment of the printer price. The approval was
granted on the 10 February 2025",2024/05/04,2024/05/04,2024/05/31
864,Q4 2024/25,2025/03/10,Legal Aid South Africa,"Deviation in an application for funding Strategic Litigation matter: Tafelberg
case: Thozama Angela Adonisi & Others v Minister of Transport & Public
Works, Western Cape & Others (Constitutional Court litigation)",Ndifuna Ukwazi,"R 2 99,240.00",Single Source,2025/02/07,2025/02/14,2025/02/15
865,Q4 2024/25,2025/03/10,Legal Aid South Africa,Law Society of South Africa – Practical Vocational Training - Practice Modules,Law Society of South Africa,"R 1 1,045.00",Sole service provider,2025/02/20,2025/02/21,2025/02/21
866,Q4 2024/25,2025/03/10,Legal Aid South Africa,Law Career Fair Exhibition fee for student affairs,University of the Free State,"R 5 ,750.00",Sole service provider,2025/02/26,2025/03/11,2025/03/11
867,Q4 2024/25,2025/03/11,Special Investigating Unit (SIU),SAGE VIP Annaul membership renewal,SAGE South Africa (Pty) Ltd,"R 3 14,081.10","Sole supplier, it is impractical to competetively appoint another service provider for this license",2025/02/25,2025/03/01,2026/02/28
868,Q4 2024/25,2025/03/11,Special Investigating Unit (SIU),Renewal of membership for Institute of Internal Auditors .,The Institute of Internal Auditors of South Africa,"R 3 ,161.64",Renewal for Membership (Any other (Impractical),2025/03/06,Not Stated,Not Stated
869,Q42024/25,2025/03/11,SpecialInvestigatingUnit(SIU),RenewalforKnowledgeManagementMembership,KnowledgeManagementSouthSfrica,"R 3 ,690.00",RenewalforMembership(Anyother(Impractical),2025/03/06,Not Stated,Not Stated
870,Q4 2024/25,2025/03/07,Special Investigating Unit (SIU),Request for CIPS membership,CIPS Southern Africa (Pty) Ltd,"R 4 ,945.00","It is impractical to invite competitive bids for CIPS membership as the membership is unique to CIPS
Southern Africa.",2025/02/25,Not Stated,Not Stated
871,Q4 2024/25,2025/03/07,Special Investigating Unit (SIU),Request for CIPS membership,CIPS Southern Africa (Pty) Ltd,"R 1 ,523.75","It is impractical to invite competitive bids for CIPS membership as the membership is unique to CIPS
Southern Africa.",2025/02/25,Not Stated,Not Stated
872,Q4 2024/25,2025/02/28,Eskom Holdings SOC Ltd,Supply and Delivery of paint and adhesives at Palmiet Pumped Storage.,Voith Hydro GmbH,"R 4 23,854.73","Voith is the OEM of the paints and doesn't sell it to third party suppliers.
ZAR19,2670 = 1EUR",2025/02/17,2025/02/17,2025/11/30
873,Q4 2024/25,2025/02/28,Eskom Holdings SOC Ltd,"Design and Installation of Boiler Reheater Drying System for Units 1-6 at
Kusile Power Station.",Steinmuller Africa (Pty) Ltd,"R 2 2,561,545.50","Kusile Power Station requires the effective engineering and maintenance of all the emissions systems
to improve the availability of the systems and prevent unaccounted emissions data. Also required is the
continuous development and implementation of a reliable maintenance plan for these systems from
FGD inlet, outlet and in the smokestack (150m level). Training of all relevant/associated staff,
maintenance and engineering of the systems will also be required from Elemental Analytics.",2025/02/13,2025/02/13,2028/02/29
874,Q4 2024/25,2025/02/28,Eskom Holdings SOC Ltd,Install picker with laser tracking.,Global Eco Solutions (Pty) Ltd,"R 1 0,009,140.00","Installation of goods lift decomat as the current one was not working thus posing a threat to the safety of
employees.",2025/02/11,2025/02/17,2026/02/12
875,Q4 2024/25,2025/02/28,Eskom Holdings SOC Ltd,Supply and delivery of C&I cables.,Lonspeare S A,"R 5 26,470.00","Should there be any fire incident or need to address the cable issues on site will be challenged as there
is zero stock level. Early Delivery is critical in this case as if not delivered on time the recovery will be
delayed resulting to production related performance in terms of UCLF and will contribute to the national
power shortage crisis, which will lead to increased stages of load shedding.",2025/02/14,2025/02/17,2025/02/28
876,Q4 2024/25,2025/02/28,Eskom Holdings SOC Ltd,Supply and deliver 51 vehicles.,"Mercedes Benz Commercial Vehicles Duran NMI
Durban South Motors (Pty) Ltd","R 2 3,768,735.90","Unavailability of vehicles for stand-by which disrupts the Station's performance of essential functions.
Reliance on hired vehicles resulted in delays and impacts service delivery and operational efficiency.",2025/02/11,2025/02/17,2025/02/17
877,Q4 2024/25,2025/02/28,Eskom Holdings SOC Ltd,Supply and delivery of Slurry Plant Critical Equipment.,Nendirex (Pty) Ltd,"R 3 3,411,024.13","Matla Slurry plant critical components are aging and have reached their lifespan and need to be
replaced before failure occur. These failures pose a very serious risk to production and environmental
with a potential of shutting down the Station if they are not available and functional.",2025/02/13,2025/02/18,2026/02/17
878,Q4 2024/25,2025/02/28,Eskom Holdings SOC Ltd,Repair Actuator Hydraulics.,Customized Motion Controls,"R 4 89,578.00","On 16 January 2025 an urgent situation arose at Matimba Power Station. The situation arose because
of scope variation that needed to be added to Unit 1 MO for the refurbishment of the Servomotors due
to their malfunction in operation that put the machine at risk of overspeed. Since this is a planned
outage that ends on 3 March 2025, the urgent procurement process is necessary as the normal
procurement process takes longer which might delay the return to service of the unit.",2025/02/13,2025/02/17,2025/02/28
879,Q4 2024/25,2025/02/28,Eskom Holdings SOC Ltd,Supply and delivery of switchgear Spares.,Siemens (Pty) Ltd,"R 3 2,983,618.63","Kusile Power Station is currently busy with placing a spares supply contract for the VSD spares. There
have been many delays in the establishment of the contract. This resulted in risks to the availability of
the coal and ash plants due to VSD defects which could not be rectified because there are no spares.",2025/02/06,2025/02/06,2025/05/30
880,Q4 2024/25,2025/02/28,Eskom Holdings SOC Ltd,Repair of critical water treatment plant pumps at Kusile Power Station.,Valves Galore,"R 4 3,313,948.77","The demin water production is also affected a lot as we are now struggling to get the demin tanks full.
We are in the process of commissioning of k6 and water is starting to be a bottleneck due to
unavailability of production equipment, mainly pumps. If the pumps are not procured or repaired, the
Station is at a risk of shutting down all units while trying to fix the pumps or run at half loads and have
huge load losses. The impact will be huge to Eskom's name as well as the country as the load
shedding will be back frequently as more than 2000 MW might be at risk. It will be completely the",2025/02/14,2025/02/17,2025/02/20
881,Q4 2024/25,2025/02/28,Eskom Holdings SOC Ltd,Rigging of unit 1 boiler feed pump and hydraulic speed.,Mbileni Trading,"R 1 8,335,715.00","The unit will be down on outage from 1 April 2020 to 23 June 2025 and the project will be executed
from 1 April 2025 to 16 May 2025, which consists of motors that will need to be removed from the plant
and sent the motors for assessments and possible repairs which after they need to be brought back
and installed in the plant. Early delivery is critical to ensure feedwater commissioning on time
otherwise this will delay the return to service od the unit. The early delivery will also mitigate the risk of
potential turbine floor damage when the pumps are removed for the first time for repairs, should it not",2025/02/18,2025/02/24,2025/08/29
882,Q4 2024/25,2025/02/28,Eskom Holdings SOC Ltd,"Urgent contract for procurement of Outage spares for a period of 12 months
on and when as required basis.",Moloko Legacy Trade and Project,"R 2 1,305,074.12","The urgency at Matla Power Station plant for the procurement of these Slurry Spares materialised from
the high failures experienced in the Slurry plant and the Station can’t afford to run the risk of the
unavailability of the various Slurry plant spares.",2025/02/14,2025/02/17,2026/02/16
883,Q4 2024/25,2025/02/28,Eskom Holdings SOC Ltd,Supply and delivery of production equipment.,Blane Instruments,"R 2 36,054.75","Generation has critical spend funding which is required to be spent by 31 March 2025. Due to the
conditions made on the funding which includes that all items must be delivered by 31 March 2025 or
else funds are forfeit.",2025/02/17,2025/02/17,2025/03/14
884,Q4 2024/25,2025/02/28,Eskom Holdings SOC Ltd,Coal Stacker Reclaimer Cable Reel repairs.,Demos CC,"R 2 26,830.60","The Coal Stacker Reclaimer machine is not available for use because of the breakdown that occurred
on the cable reel drive gearbox clutches on 5 January 2025. The clutches were removed from the plant
and upon stripping it was discovered that the clutches needed to be repaired. The clutches need to be
repaired urgently to return the Coal Stacker Reclaimer to service while the new clutches are awaiting
delivery, the lead time is 18 weeks.",2025/02/20,2025/02/20,2025/02/28
885,Q4 2024/25,2025/02/28,Eskom Holdings SOC Ltd,Supply and delivery of Hopkinson’s valves at Majuba Power Station.,PH Marketing,"R 4 8,252,172.22","An urgent need has risen for the refurbishment of safety valves on Unit 4 IR and is critical so that the
plant will be fully compliant with ISO and AIA regulations as per the standard. Safety valves are crucial
components for ensuring the safety and integrity of systems by relieving excess pressure.",2025/02/20,2025/02/21,2025/03/31
886,Q4 2024/25,2025/02/28,Eskom Holdings SOC Ltd,Supply and deliver plant critical valve.,Silver Solutions 1441,"R 2 2,867,775.42","Slurry Plant Valve play a critical role in the regulation of the water supply (Sluice Water Return) from the
final cut via the booster pumphouse to SWR Head tank or directly to the units for Ashing purpose via
the A and B SWR supply lines and into the AWRSE Tank for the supply of SWR water to slurry trains
via the 350mm motorized valves and 250mm pinch valves into the slurry mixers.",2025/02/17,2025/02/17,2026/03/02
887,Q4 2024/25,2025/02/28,Eskom Holdings SOC Ltd,"Strip, assess and refurbish MV Motors at Tutuka Power Station.",Winding Technologies,"R 5 6,199,862.90","Tutuka Power Station is currently experiencing challenges on turnaround time on the refurbishment of
the MV Motors. These long turnaround times is currently placing a risk on Unit 1 Outage where an
assessment was conducted by Engineering which resulted in a recommendation to refurbish all the MV
Motors on the 27 Plant Systems. The process to establish a long term MV refurbishment contract has
been initiated which will enable the Tutuka Power Station to expeditiously repair MV motor as and when
they fail. The contract placement is now in the market after suppliers requested an extension until 27",2025/01/08,2025/02/18,2025/03/28
888,Q4 2024/25,2025/02/28,Eskom Holdings SOC Ltd,Supply and delivery of Valves.,Bilfinger Intervalve Africa,"R 1 0,058,056.16","Safety valves are passing and this will result in load loses because the HP HTRS are not performing at
full capacity.",2025/02/19,2025/02/19,2025/04/08
889,Q4 2024/25,2025/02/28,Eskom Holdings SOC Ltd,Tutuka battery room fire detection system installation.,C3 Shared Services,"R 1 4,482,085.16","With the short timelines available, it is not possible to go through the long formal tendering process and
the service is required urgently to prevent further losses from occurring. Due to the high number of
incidents at the Power Station, this action needs to be implemented as a matter of urgency to prevent
further losses against the Station. To list a few incidents that has occurred just this year alone the
Station has suffered a huge loss related to copper theft at the conveyor belt and at the coal stock yard
where camera coverage is non-existent hence there was a delay in responding to the crime.",2024/07/17,2025/02/20,2025/08/31
890,Q4 2024/25,2025/02/28,Eskom Holdings SOC Ltd,Hire oil free Diesel Compressor 1600 CFM.,Rand Air Compressors,"R 3 ,652,686.12","It is with a matter of urgency to always have the sufficient air supply plant available and reliable. The
goal as Auxiliary Maintenance at Majuba Power Station is to follow a relevant process to obtain the
funds and execute the 3 months hire oil free Diesel Compressor 1600 CFM project and have the risk of
Station air supply eliminated.",2025/02/18,2025/03/01,2025/03/31
891,Q4 2024/25,2025/02/28,Eskom Holdings SOC Ltd,"Supply and delivery of couplings and compensators on as and when
required basis.",Mfanimpela Establishments,"R 1 7,092,556.95","The urgency emanates from outage readiness. Matla is currently busy with the long-term contract of
the mentioned spares which still at the initiate stages. The spares will be required before long-term
contract being placed and the other reason is some of these spares are long lead spares with require to
be ordered as early as possible to be delivered before outage starts.",2025/02/05,2025/02/21,2026/02/20
892,Q4 2024/25,2025/02/28,Eskom Holdings SOC Ltd,Refurbishment of various RF spares for Majuba Power Station.,Iceburg 683 (Pty) Ltd,"R 2 4,796,845.10","The urgency emanates from various RF critical spares failing in a high number and the normal
refurbishing process takes longer hence MM and the end use reached a conclusion to consolidate all
the damages and repair them urgently.",2025/02/21,2025/02/21,2026/12/01
893,Q4 2024/25,2025/02/28,Eskom Holdings SOC Ltd,Procurement of geotechnical assessment for existing ash dam complex.,Mukona Geotechnics (Pty) Ltd,"R 4 ,749,153.90","There have been significant changes to the status of the ash dam complex as projects in line with the
existing water use license have been executed. In addition, based on the risk of overflowing Pollution
Control Dams (PCD) additional water was stored on the ash dam to alleviate the risk. The early
delivery is therefore critical to establish the condition of the ash dam complex to ensure the safe
operation of the ash dam complex and continued safe deposition of ash.",2025/02/08,2025/03/20,2025/07/21
894,Q4 2024/25,2025/02/28,Eskom Holdings SOC Ltd,"To provide Matimba Power Station with C&I Maintenance and Engineering
Technical assistance on as and when required basis, repair and
replacement of OEM interface modules and proprietary software on the
various SAM (Pty) Ltd systems.",Systems Automation Management (Pty) Ltd,"R 4 ,324,641.70","The need for these services is as a result of failures of ageing or obsolescence of component on critical
SAM systems equipment has been identified and a need for the provision of C&I Maintenance and
Engineering.",2025/02/24,2025/03/01,2030/02/28
895,Q4 2024/25,2025/02/28,Eskom Holdings SOC Ltd,"Procurement of Hygiene Consumables as and when required basis for Kriel
Power Station for a period of four months.",Country Bulk Enterprise (Pty) Ltd,"R 8 29,623.80","The contractor failed to service the Station and sent an email stating that they are unable to continue to
supply service due to the costs of stock, transport and labour. We requested the supplier to submit a
formal letter of termination. Hygiene consumables are dispersed daily and without the Hygiene
services it then makes it impossible for the employees to function as expected. The Procurement
process is still in progress anticipating to award on the 18 March 2025.",2025/02/21,2025/02/24,2025/06/24
896,Q4 2024/25,2025/02/28,Eskom Holdings SOC Ltd,Degritting pump to prevent SSC from tripping.,Eminence Globall (Pty) Ltd,"R 9 55,822.50",There is no spare pumps and SSC is running without pumps.,2025/01/23,2025/01/27,2025/01/27
897,Q4 2024/25,2025/02/28,Eskom Holdings SOC Ltd,"Supply and delivery of Production equipment - Simulator Hardware and
Software.",Simgenicts (Pty) Ltd,"R 2 ,689,850.00","The Funding was only made available with the production ERA only being approved on the 25 October
2024. Items on the list were being budgeted for execution in FY26. Production equipment is critical for
the safe and effective operation of the plant. The items listed are for data communication and plant
status analysis. These activities are essential when operating the plant. Having this equipment will
ensure accurate information that will allow for continuous availability of our units. Thus, preventing load
losses and unit trips. This is especially true for the simulator that ensures that our unit operators are",2024/12/11,2025/02/12,2025/03/31
898,Q4 2024/25,2025/02/28,Eskom Holdings SOC Ltd,"Urgent contract for procurement of Outage spares for a period of 12 months
on and when as required basis.",Kanipho Investment,"R 2 8,707,981.40","The urgency emanates from outage readiness, Matla currently busy with the long term contract of the
spares which is at the initial stages. The spares will be required before long term contract being placed
and other reason is some of these spares are long lead spares which required to be ordered as early
as possible to be delivered before outages starts.",2025/02/21,2025/02/25,2026/02/25
899,Q4 2024/25,2025/02/28,Eskom Holdings SOC Ltd,Coal & Ash Draining & Housekeeping equipment.,Izimvelo Mining Labour and Plant Hire,"R 9 8,664.25","On 3 February 2025 an urgent situation arose at the Coal Stock Yard & Ash Plant. The situation arose
as a result of heavy rainfall & breakdown of current brush cutting equipment.",2025/02/11,2025/02/21,2025/02/24
900,Q4 2024/25,2025/02/28,Eskom Holdings SOC Ltd,Hire Mechanical Specialist Process Operations.,Nkamont (Pty) Ltd,"R 1 ,148,850.00","Competitive bids is impractical and the service is critical for the plant and urgently required as the plant
has many risks. Unit 3 is delay with its return to service. There is a lack of in-depth Operating skills .
The normal procurement will put the plant at further risk.",2025/02/04,2025/02/18,2026/02/17
901,Q4 2024/25,2025/02/28,Eskom Holdings SOC Ltd,"Procurement of project specification and solution development as well
monthly hosting and user access per site for 12 months.",On Track Technologies CC,"R 1 ,056,850.00","Sole Source and Urgent Procurement : The OTT component is a proprietary 3rd party interface,
essential for the Coal Automation Solution (CAS). As the Original Equipment Manufacturer (OEM) of
the in-motion mass weighbridge system, OTT possesses the requisite Intellectual Property (IP) and
technical expertise to ensure optimal system performance and integration. The OTT system is currently
utilized at Majuba and Tutuka Power Stations, as well as Transnet Freight Rail (TFR) owned rail
sidings, to weigh train wagons in real-time. The CAS solution requires interface with the OTT system to",2025/02/13,2025/02/21,2026/02/20
902,Q4 2024/25,2025/02/28,Eskom Holdings SOC Ltd,"Supply Sand-filter & Anion pump bases and Water Treatment Plant Sand
Filter Vessels - Concrete Floors.",Levay's General Trading (Pty) Ltd,"R 4 ,896,397.13","Since Tutuka Power Station is on half Station shutdown, with various plant areas available to have
repairs conducted on them with causing operational interruptions; it is therefore crucial to address the
Sand Filter Concrete Bases and Vessel Floors repairs before return of west units. It is impractical to
invite competitive bidders as normal procurement process can take up to 180-days as was evident in
the previous procurement processes; thus, resulting to delays and subjecting a Station to running the
units with the unhealthy systems or plant.",2025/02/24,2025/02/25,2025/06/24
903,Q4 2024/25,2025/02/28,Eskom Holdings SOC Ltd,"Supply, install and commission Biometrics system at Majuba Power Station.",Maat Engineering and Processing,"R 1 ,255,800.00","The need arises from an audit finding as there's a risk on the plant of personnel entering the switchgear
rooms without prior approval. Risk such as tripping the running units.",2025/01/28,2025/03/31,2025/05/30
904,Q4 2024/25,2025/02/28,Eskom Holdings SOC Ltd,Supply and delivery of two valve pit pumps.,Xylem,"R 1 ,099,775.71","On 3 February 2025, Outside Plant Engineering noted that line A from the common ducting at Unit 1
has a significant CW Leak emanating from the bottom of the duct coupling. This, following
troubleshooting of Valve Pit 7 persistent water inflow. The nature of the leak remains uncertain as up
close inspection poses a risk of injury or engulfment to personnel without proper equipment. This leak
seems to have developed rapidly as previous plant inspections in 2024 had no leaks noted in the pit.
This leak poses a risk to the western half of the Station production and maintenance activities on the",2025/02/15,2025/02/15,2025/05/07
905,Q4 2024/25,2025/02/28,Eskom Holdings SOC Ltd,Supply and delivery of medical centre equipment.,Khaphalaza Engineering (Pty) Ltd,"R 1 ,715,616.00","Matla hearing test machine and acoustic boots needs upgrade to accommodate the ever-changing
environment and dynamics related to the hearing conservation standards. Without using the related
equipment and software the result will be doubtful when comparing with the results we receive from the
audiologist, having this equipment will eliminate the need to send people for diagnostic audio
unnecessary.",2025/02/17,Not Stated,Not Stated
906,Q4 2024/25,2025/02/28,Eskom Holdings SOC Ltd,"Manufacture, supply and deliver 2 new gearboxes.",Turbine Generator Services (Pty) Ltd,"R 2 4,765,438.60","Camden Power Station was originally fitted with Allen Gears epicyclic gearboxes to drive the main
cooling water pumps. These epicyclic gearboxes are still in operation. This particular gearbox allows
for a high gear ratio and high-power transmission in a compact space. This design also allows the
gearbox to be vertically mounted to be in line between the electrical motor and the pump. These
gearboxes were designed for this particular application, hence their specialised design.",2025/02/17,2025/02/24,2026/02/24
907,Q4 2024/25,2025/02/28,Eskom Holdings SOC Ltd,To hire 2 X 1600CFM mobile diesel compressors.,Rand Air South Africa (Pty) Ltd,"R 1 ,166,100.00","On 19 February 2025, Duvha Power Station’s 11KV board tripped which resulted in three electric
compressors to trip. The tripping of the electric compressors caused the air supply pressure to the
units to drop which resulted in unit 1 to trip.",2025/02/20,2025/02/20,2025/03/20
908,Q4 2024/25,2025/02/28,Eskom Holdings SOC Ltd,Calibration and service of medical station equipment's.,Amtronix PTY LTD,"R 7 94,347.53","The software (African Management Software) which has been installed for testing hearing and vision,
Amtronix has been appointed as the sole source and exclusive distributor in Africa by deep red
technologies.",2025/02/26,2025/03/01,2030/02/28
909,Q4 2024/25,2025/02/28,Eskom Holdings SOC Ltd,Refurbish H2 driers at unit 6.,Gamnda Holdings (Pty) Ltd,"R 1 ,102,850.00","A functional H2 dryer is necessary to maintain a dry atmosphere inside the generator casing. With the
unit having been off on maintenance and being cold, moisture would have settled inside the generator
casing.",2025/02/26,2025/02/26,2025/03/26
910,Q4 2024/25,2025/02/28,Eskom Holdings SOC Ltd,Supply and deliver Autotitrator.,Metrohm South Africa (Pty) Ltd,"R 2 ,335,687.76","Current instruments have been in operation for more that 10 years and have reached and exceeded
their lifespan. This results in frequent breakdowns and reliability challenges as Chemical Services runs
a risk of not being able to perform analyses if current instruments were to fail completely.",2025/02/25,2025/02/26,2025/03/24
911,Q4 2024/25,2025/02/28,Eskom Holdings SOC Ltd,Procurement of various vehicles for Tutuka Power Station.,Standerton Toyota,"R 5 0,482,788.64","Tutuka Power Station fleet is responsible for managing fleet services in the Station and ensure
availability of daily operations. Currently our fleet has aged and our end users are experiencing
frequent breakdowns resulting to poor reliability of yellow plant and inconveniences for employees
regarding operation. Availability and full operations of yellow plant daily is uncertain due to
maintenance issues which puts a strain on our end users as they are unable to fulfil their responsibilities
with our plant. Purchasing a new yellow plant to replace the old one will enhance reliability and",2025/02/11,2025/02/11,2025/03/31
912,Q4 2024/25,2025/02/28,Eskom Holdings SOC Ltd,Supply and deliver Ion Chromatography.,Anatech Instruments (Pty) Ltd,"R 1 ,973,649.46","Current instrument has been in operation for more that 10 years and has reached and exceeded its
lifespan. This results in frequent breakdowns and reliability challenges as Chemical Services runs a
risk of not being able to perform analyses if current instrument were to fail completely.",2025/02/25,2025/02/26,2025/03/24
913,Q4 2024/25,2025/02/28,Eskom Holdings SOC Ltd,"Supply and delivery of Valves, Steel and Packings (GO1) for Duvha Power
Station.",Orrest Contracts (Pty) Ltd,"R 4 5,697,940.91","An urgent situation arose at Duvha PS due to equipment failure and outage scope arising from
inspections conducted which may lead to the unit return delays.",2025/02/25,2025/02/26,2025/04/30
914,Q4 2024/25,2025/02/28,Eskom Holdings SOC Ltd,Maintenance repairs on civil structures on the coal plant.,3rd Alternative Solutions,"R 3 0,646,781.25","Duvha Power Station has been granted an outage to execute the Half Station shutdown between
January 2025 and March 2025. During this period, it is expected that the coal plant conveyor belts will
be off (staithe 2 conveyors belts and inclines) and opportunity maintenance to repair critical structures
namely as tripper car rails and conveyor structures be repaired. Following the fire incident on the
overland 3A & B, partial repairs were completed in November 2025 by Seriti mine technical team on
conveyor 3A. Regrettably, due to the ongoing Section 189 restructuring process, the mine has released",2025/02/26,2025/02/26,2025/04/30
915,Q4 2024/25,2025/02/28,Eskom Holdings SOC Ltd,"Supply and delivery of HP and LP Heater safety valves repairs and trevi
testing.",JAG Site Support,"R 3 14,423.37","The unit must be taken off due to severe leak defects on HP heaters feed side Sempill valves 1 and 4,
HP and LP heaters safety valves. Due to these defects, the unit is consuming a lot of demin water and
there is also a risk of tripping the generator due to the generator earth fault because of the steam
coming from the Sempill valves to the bottom of the generator.",2025/02/14,2025/02/21,2025/02/28
916,Q4 2024/25,2025/02/28,Eskom Holdings SOC Ltd,Supply and delivery for FGD absorbers spray banks piping nozzle.,Spray Nozzle,"R 3 2,864,125.00","On 23 January 2025 an urgent situation arose at Kusile Power Station units 1 – 2 FGD absorbers spray
banks piping nozzles, where the nozzles were found to be severely damaged and could not be
replaced. There is a contract that was established for the manufacture, supply and delivery of spray
banks piping (complete set). Unfortunately, when engagement where held with the contractor for
delivery dates, the indication was that the delivery will take place after 40 weeks as they are being
manufactured outside of the country. This then prompted the need to place an order with local",2025/02/03,Not Stated,Not Stated
917,Q4 2024/25,2025/02/28,Eskom Holdings SOC Ltd,"The supply, installation, training, 3-year service contract and delivery of a
Sulphur analyser, supply and delivery of a H2 purity analyser at Tutuka
Power Station, supply, training, 3-years' service contract and delivery of a
Portable Dewpoint analyser.",Leco Africa,"R 1 ,392,014.05","The situation arose as a result of the release of funds to procure assets on 25 October 2024,
additionally the equipment required is crucial for chemical services department to meet the surveillance
requirements, maintain high quality standards and to control and monitor chemistry processes
efficiently. The business had made additional Capex funds available to spend before the end of the
financial year (31 March 2025). As a result, following the normal procurement process will not meet the
deadline because it will take longer than three months to complete, prompting the decision to use",2025/02/10,2025/02/25,2026/02/09
918,Q4 2024/25,2025/02/28,Eskom Holdings SOC Ltd,Supply Materials Management Resource.,Kusinko Trading,"R 1 3,160,140.00","Impela's national contract is expiring next year (2025 Feb 13) and MWP has indicated that the contract
won't be renewed due to unknown reasons. Currently we are short staffed and there are no funds to fill
the vacant positions and secondly, since we revamp both Africa and UCG warehouses we will definitely
require more resources.",2025/02/18,2025/02/26,2026/02/01
919,Q4 2024/25,2025/02/28,Eskom Holdings SOC Ltd,The provision of quality and safety management services.,Ibusisiwe Trading,"R 1 0,580,671.60","Currently the business unit cannot recruit resources to carry out critical plant statutory and legal
inspections due to the anticipated shutdown of the operations. The business unit requires resources to
carry out the critical activities to support the current operation and carry out inspections as required by
OSH Act. The inspections and safety management services require experienced and skilled resources
to immediately assist with critical plant inspections, data-books reviews and ensure that maintenance
and outage contractors are monitored to ensure compliance with occupational health and safety",2025/02/26,2025/02/26,2025/07/26
920,Q4 2024/25,2025/02/28,Eskom Holdings SOC Ltd,Service Gas Analysers.,Allbro Industries,"R 1 ,805,742.28","On 14 October 2024 an urgent situation arose at Majuba Power Station as a result of all he generator
transformer gas analysers are reading out of specification.",2025/02/21,2025/02/21,2025/03/21
921,Q4 2024/25,2025/02/28,Eskom Holdings SOC Ltd,Supply & Delivery of Circuit Breakers and Contactors.,Khonile Trading & Enterprise,"R 5 2,423,745.90","Unit 4-6 ABB Boards are running without breakers (Board are fed via bus section) that will result in
units trip should a failure occur.",2025/02/11,2025/02/26,2025/03/31
922,Q4 2024/25,2025/02/28,Eskom Holdings SOC Ltd,Unit 1 expansion trench MCW Line A.,Delmon Mining and Civils (Pty) Ltd,"R 6 3,963.00","On 3 February 2025 it was noted that line A from the common ducting at Unit 1 has a significant CW
Leak emanating from the bottom of the duct coupling. This, following troubleshooting of VP 7 persistent
water inflow. The nature of the leak remains uncertain as up-close inspection poses a risk of injury or
engulfment to personnel without proper equipment. This leak seems to have developed rapidly as
previous plant inspections in 2024 had no leaks noted in the pit. This leak poses a risk to the western
half of the Station production and maintenance activities on the CW system. The turbine hall can flood",2025/02/21,2025/02/13,2025/03/13
923,Q4 2024/25,2025/02/28,Eskom Holdings SOC Ltd,Procurement of 6 sets of EFP Transformer Coils,Hitachi Energy South Africa,"R 2 0,169,969.60","The existing procurement process, whether through a sole-source approach or placing a contract, is too
lengthy given the immediate risk to the power station. Any delays in acquiring the necessary
transformer coils could significantly impact operations, increasing the likelihood of further failures and
potential load losses. To mitigate this risk, it is critical that this urgent order is approved and expedited
without delay.",2025/02/25,Not Stated,Not Stated
924,Q4 2024/25,2025/02/28,Eskom Holdings SOC Ltd,"Repair of valves: leak off dn 150, pn250,13.",Superior Valve Solutions,"R 3 ,221,157.59",Superior Valve Solutions that is approved by GX Procurement and GE.,2025/02/03,2025/05/31,2025/05/31
925,Q4 2024/25,2025/02/28,Eskom Holdings SOC Ltd,Supply and delivery of 5x id fan impellers.,Howden Africa (Pty) Ltd,"R 3 7,864,012.69",Howden Africa is the OEM for Impellers.,2024/12/05,Not Stated,Not Stated
926,Q4 2024/25,2025/02/28,Eskom Holdings SOC Ltd,CT3 Structural assessment.,Mato Engineering,"R 2 89,736.75","An urgent situation arose at Kriel Power Station cooling tower 3 fill support elements. The situation
arose because of structural integrity report which was not providing solution as to whether full
installation can proceed on those beams found to be partially damaged. Eskom has requested an
independent structural engineering to do an independent assessment and provide a report. The need
for an independent structural engineers on a firm decision to proceed with the works due to non-
availability of calculations to back up the strength of the proposed holding mechanism.",2024/09/20,2024/09/22,2025/02/28
927,Q4 2024/25,2025/02/28,Eskom Holdings SOC Ltd,Repair silo 5 liners and civil structure,Cumdla Trading Enterprise,"R 2 ,609,856.00","Unit 5 and 6 are at risk since they are sharing silo 6 for coaling and we are experiencing load losses
since one silo cannot effectively and efficiently support 2 units.",2025/01/24,2025/03/31,2025/03/31
928,Q4 2024/25,2025/02/28,Eskom Holdings SOC Ltd,Mobile Compressor hire.,Doosan Bobcat South Africa (Pty) Ltd,"R 1 10,071.42","LP Compressor 3 breakdown was unexpected and due to its unavailability it is impossible to maintain
other compressors.",2025/02/03,2025/02/04,2025/02/04
929,Q4 2024/25,2025/02/28,Eskom Holdings SOC Ltd,Mobile Compressor hire.,Rand Air SA (Pty) Ltd,"R 4 68,050.00",There is imminent risk of station shutdown due to insufficient service air.,2025/02/19,2025/03/01,2025/03/30
930,Q4 2024/25,2025/02/28,Eskom Holdings SOC Ltd,"Supply and delivery of spares, Turbine Plant.",Joestien International,"R 4 55,273.50","Majuba Power Station has been in the process of placing contracts, the process is in progress and not
yet finalized. There is a need to buy spares, in the interim while in the process of the contract
placement is being concluded.",2025/02/25,2025/02/25,2025/03/26
931,Q4 2024/25,2025/02/28,Eskom Holdings SOC Ltd,Repair white metal bearing.,Linburg Engineering,"R 4 59,457.20","Majuba Power Station has been in the process of placing contracts, the process is in progress and not
yet finalized. There is a need to buy spares in the interim while in the process of the contract placement
is being concluded.",2025/02/26,2025/02/26,2025/02/26
932,Q4 2024/25,2025/02/28,Eskom Holdings SOC Ltd,"Supply and deliver various laser cut shims for turbine bearings for unit 5
GO.",Rotecon (Pty) Ltd,"R 6 03,306.91","The urgency to procure the shims is not a result of improper planning, in fact our maintenance schedule
and outage planning were conducted in accordance with established protocols. However, the
discovery of the non- compliant shim configuration during the current outage revealed a critical issue
that requires immediate attention.",2025/02/26,2025/02/26,2025/03/31
933,Q4 2024/25,2025/02/28,Eskom Holdings SOC Ltd,"Provision of IT support, maintenance and customisation of the workplace
software for a period of Two (2) years.",AW Programming and Consulting,"R 1 ,038,450.00","Presently SMMS has the exclusive rights for the support, maintenance and customization of the
Workplace tool. It is for this reason, Gx Engineering is approaching the sole source committee for
permission to negotiate a sole source contract for Workplace with SMMS for a period of 2 years.",2025/01/25,2025/02/25,2027/02/24
934,Q4 2024/25,2025/02/28,Eskom Holdings SOC Ltd,Supply of Yellow Plant Equipment at Majuba Power Station,"Hitelica BMR, Lesedi Technologies, Platinum
Vehicle Rentals, Vukazi Trading, NNT Engineering,
Ramadikela Building and Civil construction, Mfazee
Trading, Khulumunatie, Mundzelele, Theza,
Uhambo Lesizwe, Solid Spyder","R 1 23,975,060.00","Current supplier (Femgrow) unable to supply Yellow plant equipment as per contract. Termination
process in progress.",Not stated,2024/11/07,2025/04/30
935,Q4 2024/25,2025/02/28,Eskom Holdings SOC Ltd,Duvha coal operations,Vukazi Trading,"R 2 6,813,400.00","Duvha Power Station Conveyor Drive House 3 was rendered unusable due to a fire related incident that
happened on 24 August 2024. The fire caused damage to both the 3A and 3B conveyor belts inclusive
of electrical supply, communication cables and other mechanical components. With the increased
demand for coal, BMS was not going to be able to sustain the station’s coal burn rate over a 24-hour
basis using only the equipment which available to maintain normal operations.
As a result, additional equipment had to be urgently sourced to ensure a continuous coal supply to the",2024/10/23,2024/09/01,2025/02/28
936,Q4 2024/25,2025/02/28,Eskom Holdings SOC Ltd,Duvha coal operations,"Hitelica BMS Trading, Sector 6 Pty Ltd, Ramp
Inclination Solutions, EQ8 Group Pty Ltd.","R 1 6,754,806.32","Between the 24th October 2024 to the 04th November 2024 ERI BMS received two instructions from
Duvha power station. The first instruction related to the sourcing of additional mobile plant and the
second instruction related to the sourcing of mobile lighting towers because of various constraints that
Sereti was and still is currently facing in relation to consistency in coal supply to the station. as a result
of these constraints at the mine coal supply from the mine to the power station has been inconsistent.
some of these constraints relate to but are not limited to employee protests at the mine in early Nov",Not stated,2024/11/01,2025/04/30
937,Q4 2024/25,2025/02/28,Eskom Holdings SOC Ltd,"Supply of 4x 18000Lt Water Tankers for the Ash Dam, BMS, Arnot Power
Station for the Ash Contract.",Amancube Holdings,"R 1 ,081,715.32","ERI-BMS to make alternative arrangements for the required plant sourcing to prevent Load Losses,
interruption to electricity generation and supply; and to protect Eskom brand name at Arnot Power
Station. To avoid BMS in losing the contract as the client had issued BMS Arnot with letter of default,
the urgent procurement request was initiated to source requested machines.",2024/04/10,2024/01/14,2025/04/30
938,Q4 2024/25,2025/02/28,Eskom Holdings SOC Ltd,"Supply of 5x Tipper Trucks for the Coal Stock Yard, BMS, Arnot Power
Station for the Coal Contract",Amancube Holdings,"R 4 ,705,697.77","ERI-BMS failed to honour the instruction requirement on tipper trucks until the client issued a non-
conformance on the 10th of January 2024 due to the ERI tipper trucks being on long breakdowns and could
not be returned to service. If there is no adequate machinery on site to feed coal to the station, there is a risk
of units de-loading and shut down",2024/06/03,2024/01/18,2025/04/30
939,Q4 2024/25,2025/02/28,Eskom Holdings SOC Ltd,Supply AWR Lines Descaling Service for Ash Dam at Arnot Power Station,SGB Industrial Cleaning,"R 4 ,705,800.00","AWR Lines transport water from the ash dam to the high-level dam and from the high-level dam to the
station ash plant(sluiceway) for ashing and dusting. AWR Lines water supply could not maintain the
high-level dams required water levels resulting to a risk of not ashing and dusting the ash plant and
ashing to the floor. The ashing and dusting activity is done 24/7. If the ashing and dusting is not done, it
will lead to the station shutdown, interruptions to the electricity generating and supply and load
shedding.",2024/04/10,2024/01/26,2024/08/31
940,Q4 2024/25,2025/02/28,Eskom Holdings SOC Ltd,Labour Service,"Reata Services, Vukazi Trading, Lusaka Industrial
Operations, SC Zondo Transport, Lush Optimim
Solutions, Bambanani Distributors, Bulela and Co","R 1 03,499,696.50",Long term contract not yet concluded,2024/07/01,2024/07/01,2024/12/31
941,Q4 2024/25,2025/02/28,Eskom Holdings SOC Ltd,Supply and Delivery of Bulldozer (D8) x 2 at Various Sites,Barloworld,"R 2 7,181,400.00",Plant department requirements,2024/05/10,2024/05/10,2025/03/31
942,Q4 2024/25,2025/02/28,Eskom Holdings SOC Ltd,Supply and Delivery of Bulldozer (D8) x 26 at Various Sites,Barloworld,"R 3 04,876,500.00",Plant department requirements,2024/05/10,2024/05/10,2025/03/31
943,Q4 2024/25,2025/02/28,Eskom Holdings SOC Ltd,Procurement of Sulphuric Acid at Hendrina,Spill Tech,"R 3 95,353.96","Power Station cannot operate should sulphuric acid not be made available – Primary risk to production -
All units will shut down",2024/05/30,2024/05/28,2024/06/06
944,Q4 2024/25,2025/02/28,Eskom Holdings SOC Ltd,Refurbishment of White Metal Bearings,Vallard Bearings,"R 3 ,539,905.85","Due to a number of breakdowns, the bearings were required urgently at site to avoid loadshedding",2025/01/28,2025/01/28,2025/02/15
945,Q4 2024/25,2025/02/28,Eskom Holdings SOC Ltd,"Design, Supply Installation and Commissioning of CBMS for Kusile Power
Station",Honeywell,"R 1 4,795,957.50",Installed Base [Original Equipment Manufacturer (OEM)],2024/12/11,2025/01/20,2025/10/31
946,Q4 2024/25,2025/02/28,Eskom Holdings SOC Ltd,"Supply, Delivery, Installation and Commissioning of Seven Electric Hoists
with Motorized Trolleys for Kusile Power Station",Pro Crane Services (Pty) Ltd,"R 5 ,133,736.76",Installed Base [Original Equipment Manufacturer (OEM)],2024/09/17,2024/09/23,2025/08/24
947,Q4 2024/25,2025/02/28,Eskom Holdings SOC Ltd,Supply of Filtration stones for Medupi ADF construction,Afrimat Contracting International,"R 1 5,001,497.00","· ERI Construction Services signed a contract with Eskom Medupi to construct an Ash Disposal Facility
for the next 3 years, from now till 31 July 2027.
· The scope for this project requires ERI to install under drainage perforated pipes that are covered by
filtration stone and wrapped in geotextiles.
· The filtration stone specified for this project is 13.2mm single size stone and 6mm single size stone. ·
These two sizes of stone are only used at Medupi and being produced by Afrimat quarry. The stone",2024/12/10,2025/02/05,2025/08/04
948,Q4 2024/25,2025/02/28,Eskom Holdings SOC Ltd,Purchase of 19 ton Puller and 18 ton Tensioner,GW Lifting,"R 9 ,963,311.36",Installed Base [Original Equipment Manufacturer (OEM)],2024/12/09,2024/12/21,2025/03/31
949,Q4 2024/25,2025/02/28,Eskom Holdings SOC Ltd,"The work to be performed is the
extension/continuation of the Integrated Access
Control System at Medupi Power Station.","Honeywell Automation and Control Solutions
South Africa (Pty) Ltd","R 3 ,387,503.69","Established on-site Supplier. all the other power stations (Matimba
Power Station etc.) and megawatt park use of the
Honeywell integrated access control system",2024/05/14,2024/06/01,2025/08/31
950,Q4 2024/25,2025/02/28,Eskom Holdings SOC Ltd,Cleaning service at Kendal Village and Wilge offices,"Visit Vakasha Guest
Lodge","R 4 15,191.40","As from 01 November 2021, there will be no contract in place to provide office cleaning and janitorial
services at Kendal Village and Wilge Offices. · Secure the continuation of the provision of
accommodation units and office cleaning and janitorial services at Kendal Village and Wilge Offices in
ensuring compliance with the Project’s Record of Decision (ROD) and Environmental Management
Plan (EMP) as applicable. · Kendal Village is hosting about 400 Contractor employees and cleaning
service is critical towards the health and safety of all occupants. · An environmental risk will also exist",2022/03/09,2021/11/01,2021/11/30
951,Q4 2024/25,2025/02/28,Eskom Holdings SOC Ltd,"Appointment of the Environmental Monitoring
Committee Chairperson-SSJ",Ematayereni Group,"R 2 42,650.00","Kusile Power Station obtained an environmental authorization (EA) / Record of Decision (RoD) for the
construction and operation of the power station (PS) and its associated activities in March 2008 under
the Environmental Conservation Act No. 73 of 1989 (ECA). Section 3.11 of the RoD requires Kusile
Power Station to establish an Environmental Monitoring Committee (EMC) with clear Terms of
Reference (ToR). The RoD further requires the appointment of an independent chairperson who has
appropriate people’s management and project management skills. Kusile Power Station has, since its",2022/08/10,2023/02/16,2024/04/20
952,Q4 2024/25,2025/02/28,Eskom Holdings SOC Ltd,"Ratification of an emergency procurement: Matimba Marang 1 400kV Tower
575 Emergency Repairs",ADY EM TECHNICAL PTY LTD,"R 1 1,431,000.00","On 04 December 2024, at 09H22, the Marang-Matimba 1 400kV line experienced a trip and lockout,
indicating a permanent fault. An investigation by the Lines and Servitudes team revealed evidence of
vandalism, specifically the intentional cutting of the Matimba-Marang 1 400kV tower 575 steel guy wire.
This malicious act caused significant damage, including:",2025/01/29,2025/02/07,2025/02/28
953,Q4 2024/25,2025/02/28,Eskom Holdings SOC Ltd,Decommissioning of Avaya Estate - Eskom Sites Country Wide,Jasco Enterprise,"R 6 50,066.25",Established (On-site) supplier,2025/09/02,2025/01/31,2026/01/31
954,Q4 2024/25,2025/02/28,Eskom Holdings SOC Ltd,Managed Service Endpoint Protection for laptops & Servers,NEX XON Systems,"R 2 07,000,000.00","December 2024 they were informed of the attempted fraudulent transaction that occurred in September
2024, the investigation started, and the interim mitigations were implemented.
The Team discovered that there was a spyware that was deployed on various end points.",2025/01/31,2025/02/10,2025/02/10
955,Q4 2024/25,2025/02/28,Eskom Holdings SOC Ltd,Procurement Enterprise Integration Platform (EIP) Hardware,Business Connexion Pty Ltd,"R 2 97,518,526.20","In line with the Eskom Group IT strategy where we are consuming Infrastructure as a Service, Eskom
opted to publish an RFQ to only the two incumbent IaaS vendors, Gijima and BCX on the following
basis:
• The two vendors are already rendering the support service to Eskom, and we already have contracts
in place with agreed Sow.
• The two incumbents have an extensive knowledge of the Eskom IT infrastructure environment",2024/12/09,2025/01/30,2029/01/29
956,Q4 2024/25,2025/02/28,Eskom Holdings SOC Ltd,Network Manger -Software mad Licenses,Hitachi Energy SA,"R 1 2,190,566.79","Network Manager - Maintenance Licenses and Software. Hitachi Energy South Africa (Pty) Ltd is the
only Organisation authorised to sublicense, resell and
distribute the product and related maintenance, training services, completion and installation of the
Software, and the only entity who is able to provide
direct 3rd line level maintenance support",2025/01/30,2025/02/06,2026/02/05
957,Q4 2024/25,2025/02/28,Transnet SOC Ltd,"Provision of approved inspection auhtorities (AIA) to conduct a major
harzard installation (MHI) Risk Assessment and Report on the level of
compliance including recommended improvements, where applicable for
various Transnet Port Terminals",Hazrisk Consulting (Pty) Ltd,"R 919,645.66",Limited Suppliers: Goods or services are only available from a limited number of suppliers,2024/12/24,2025/01/14,2025/06/13
958,Q4 2024/25,2025/02/28,Transnet SOC Ltd,"To conduct condition assessments and salvage operations at the Tanker
Berth",Stefanutti Stocks (Pty) Ltd,"R 669,347.06","In emergency situation where there are serious and unexpected situations that pose an immediate risk
to health, life, property or environment which calls for urgent action",2024/06/07,2024/06/07,2024/07/30
959,Q4 2024/25,2025/02/20,Eskom Holdings SOC Ltd,"Supply and delivery of generator slip ring and shaft earthing carbon brushes at
Kriel Power Station for a period of 5 years on an “as and when required basis”.",Morganite South Africa (Pty) Ltd,"R 2 0,711,545.52","Morganite SA (Pty) Ltd is the exclusive manufacturer of various types of generator brushes used at these
power plants, their machinery is meticulously calibrated for the processes of cutting, drilling, and
consolidating carbon brushes & copper braided straps intended for Power Station use.",2025/01/23,2025/01/27,2030/01/26
960,Q4 2024/25,2025/02/20,Eskom Holdings SOC Ltd,Repair Seal Mech Pumps x5.,Eagle Burgmann Seals SA,"R 7 85,533.64",Eagle Burgmann Seals SA is the Original Equipment Manufacturer (OEM).,2025/01/24,2025/01/25,2025/01/25
961,Q4 2024/25,2025/02/20,Eskom Holdings SOC Ltd,Repair Seal Mech Pumps x4.,Eagle Burgmann Seals SA,"R 3 84,029.32",Eagle Burgmann Seals SA is the Original Equipment Manufacturer (OEM).,2025/01/28,2025/01/26,2025/01/26
962,Q4 2024/25,2025/02/20,Eskom Holdings SOC Ltd,Supply and delivery of Actuator Pneumatic: 131 X 80.5 mm; 680 KPA; 90.,Vees Automotive Pipes and Fittings,"R 4 49,995.00","On 7 January 2025 an urgent situation arose at Lethabo Power Station. The situation arose as a result of
manual valves that was implanted in the CPR that was now posing a safety risk to the operators.",2025/01/27,2025/01/27,2025/02/28
963,Q4 2024/25,2025/02/20,Eskom Holdings SOC Ltd,Supply and deliver 2 000 000 litres of Diesel.,Women Of Africa Fuels and Oils CC,"R 4 4,229,000.00","Depleted Fuel oil stock Levels require supplementing by additional diesel loads to ensure that the units are
fully complemented as the Station experiences a high number of Plant failures, Unit 3 shutdown preparations,
Unit 5 from GO and Unit 6 Hot Commissioning.",2025/01/25,2025/01/25,2025/03/07
964,Q4 2024/25,2025/02/20,Eskom Holdings SOC Ltd,Roof Repairs.,Kenfore Engineering and Project Management,"R 8 ,624,967.80","The roof in unit 1 Turbine floor is linked to a Station crane which is critical in the activity of fixing important
components. Additionally, the roof is not safe and it can collapse and lead to a fatality. This is applicable to
both Coal Staithe roof and Unit1 turbine roof. The coal staithe roof early delivery is critical due to the risk of
wet coal which can result unit trip.",2025/01/28,2025/01/28,2025/02/28
965,Q4 2024/25,2025/02/20,Eskom Holdings SOC Ltd,"Supply and Delivery of Pump Centrifugal 8.2 M;2450 M3HR;41 M;419 for Duvha
Power Station.",A P E Pumps (Pty) Ltd,"R 2 ,235,904.31",APE Pumps (Pty) Ltd is the approved Sole source for this scope of work.,2025/01/29,2025/01/29,2025/03/28
966,Q4 2024/25,2025/02/20,Eskom Holdings SOC Ltd,Procurement of Gym Equipment.,Mqobi Holding (Pty) Ltd,"R 1 ,802,993.67","Active workers are productive workers as these will assist in reducing sick leaves, reduce chances of
employees contracting chronic diseases like hypertension which can also be costly to the company.",2025/01/29,2025/01/29,2025/02/28
967,Q4 2024/25,2025/02/20,Eskom Holdings SOC Ltd,Overhead crane maintenance Service.,Bazil Technologies (Pty) Ltd,"R 3 ,924,694.21","On 25 November 2024 an urgent situation arose at Unit 4 lifting equipment’s whereby a prohibition notice was
issued, mandating the shutdown of the Overhead cranes until statutory load testing activities are completed.
This issue arose because of the delay in placement of the long-term contract which is anticipated to be in
place by 26 February 2025. The long-term contract is at a stage where all evaluations are complete post
tender submission. The next stage is for the mandate to negotiate to be presented at the relevant DAA. This
has resulted in MAS being unable to execute the required maintenance and statutory testing for all the",2024/12/27,2025/01/30,2025/02/06
968,Q4 2024/25,2025/02/20,Eskom Holdings SOC Ltd,Hiring of 5 Evaporators for 5 months.,The Haven Consortium,"R 9 ,594,473.00","On 20 December 2024, unit 6 experienced an unexpected trip and incurred a boiler tube leak which
necessitated a sudden change in the sequence of shutting down the units for the outage. Subsequently,
Unit 5 was shut down on 28 December 2024 as it was the initial unit to be shut down for the outage on 27
November 2024. With only one-unit on the north side onload (unit 4) the rate of evaporation is very minimal
and the unit is planned to be shut down on 13 January 2025. Given the current inclement weather and
cumulative rainfall month to date, the current dam levels sitting at 7.1m and the risk of overflowing is eminent",2025/01/29,2025/01/29,2025/06/02
969,Q4 2024/25,2025/02/20,Eskom Holdings SOC Ltd,Urgent Procurement for the Refurbishment of proportional valves.,Customised Motion Controls,"R 9 06,531.20","Due to regular unexpected failures on the HP Bypass hydraulic power back system across all six units and
major production losses due to Unit trips. As a result to these failures there is a shortage of spares,
particularly the hydraulic Moog servo valve. Several units are running the risk as the hydraulic pressure is low
compared to the required pressure.",2025/02/01,2025/02/01,2025/04/30
970,Q4 2024/25,2025/02/20,Eskom Holdings SOC Ltd,"Supply and delivery of two (2) new Epicyclic Gearboxes and its auxiliaries at
Camden Power Station.",Turbine Generator Services (Pty) Ltd,"R 2 4,765,438.60","Camden Power Station was originally fitted with Allen Gears epicyclic gearboxes to drive the main cooling
water pumps. These epicyclic gearboxes are still in operation. This particular gearbox allows for a high gear
ratio and high-power transmission in a compact space. This design also allows the gearbox to be vertically
mounted to be in line between the electrical motor and the pump. These gearboxes were designed for this
particular application, hence their specialised design.",2025/02/28,2025/02/03,2026/02/03
971,Q4 2024/25,2025/02/20,Eskom Holdings SOC Ltd,Diesel fire engine repairs.,Kholelwa Service Centre,"R 1 72,500.00","The engine is used on the fire system as a backup should the electrical supply fail for one or other reason. It
also supplements the fire system during abnormal fires or fire at elevated levels of the plant, the diesel fire
pump provides the head pressure required to reach such higher levels. The diesel fire pump is part of the fire
protection system required for insurance purposes at Komati Power Station and the impairment of such plant
put the business at risk of severe fire damage, should a fire erupt.",2025/01/31,2025/01/31,2025/02/14
972,Q4 2024/25,2025/02/20,Eskom Holdings SOC Ltd,Supply and delivery of Sedans and LDVs for Duvha Power Station.,Sahara Fleet and Logistics (Pty) Ltd,"R 1 5,374,443.27","The vehicles are no longer safe, they are prone to accidents and need to be replaced as soon as possible to
ensure safety and business continuity. The vehicles are no longer safe as they have exceeded their
replacement date by more than 7 years. The maintenance costs are too high, business keeps on spending
on these vehicles and the safety of employees is also compromised. Due to Eskom financial constraints
Duvha Power Station was unable to replace its fleet vehicles during its replacement period. The business is
spending more on repairing considering the criticality of these assets, assets performance and management",2025/02/03,2025/02/03,2025/03/31
973,Q4 2024/25,2025/02/20,Eskom Holdings SOC Ltd,"Maintenance and load testing of all cranes and hoists during normal
maintenance for a period of 6 months as well as supply of spares.",Siberegakuhle Business Enterprise CC,"R 1 0,551,744.50","On 14 January 2025 an urgent situation arose at Tutuka Power Station. The situation arose due to the
Station not been able to place a contract for the maintenance of the Overhead Cranes and Hoists. This has
been due to the foreseen risk of appointing a supplier who is not familiar with the works. It is noted that
normal procurement process will delay the mitigation of the Station risk and challenges experienced with
either the overhead cranes or hoists. This will impact the maintenance and Operational activities. The scope
of work and technical evaluation criteria has since been revised and the tender on the market closed on 26",2025/01/29,2025/02/04,2025/08/02
974,Q4 2024/25,2025/02/20,Eskom Holdings SOC Ltd,Refurbishment of unit 1 Condensate pumps.,Samco Pumps (Natal),"R 1 70,391.50","On 5 January 2025 Eskom Rotek industries notified the condensate system engineer of a potential challenge.
The challenge was that the condensate Pump C, installed at U1 was not similar to the existing pumps
installed at other units. The pump installed at U1 is a remaining pump which is in the process of being
replaced as the pumps are unreliable.",2025/01/23,2025/02/04,2025/02/04
975,Q4 2024/25,2025/02/20,Eskom Holdings SOC Ltd,Procurement of Top-up demin resin.,DDP Specialty Products,"R 7 ,749,884.50","This is due to the resin loose as cation vessels 2&3 lost resin due to the vessels structural failures which
happened over time, the resins on the anion vessels were lost during the regeneration process because of
unnoticed passing valves as well as demin resin vessels floor failures. Other incidences are due to damages
experienced on the cation vessels that resulted in the cross contamination of the cation resin and the anion
resins.",2025/02/03,2025/02/03,2026/02/02
976,Q4 2024/25,2025/02/20,Eskom Holdings SOC Ltd,"Supply and delivery of CNC Lathe, CNC High Speed Machine Center and
Mobile on-demand Hydrogen Production at Tutuka Power Station.",SMAG Projects (Pty) Ltd,"R 6 8,508,619.29","Tutuka Power Station faces operational challenges that demand immediate intervention through the urgent
procurement of the following equipment: Mobile Water Electrolysis On-Demand Hydrogen Generator System
to ensure uninterrupted and cost-effective hydrogen supply for generator cooling. CNC Lathe and high-
speed machining centre to establish in-house machining capabilities for critical plant components. Both
these procurements address urgent risks of operational inefficiencies, financial strain and potential
reputational damage to Eskom. A normal tendering process would not meet the time-sensitive requirements,",2025/01/31,2025/02/04,2025/03/26
977,Q4 2024/25,2025/02/20,Eskom Holdings SOC Ltd,Supply and delivery of Kombis for Majuba Power Station.,Sahara Fleet and Logistics (Pty) Ltd,"R 6 ,938,037.98","Majuba Power Station fleet is responsible for managing fleet in the Station and ensure availability of Eskom
vehicles for transportation of Eskom employees daily. Currently, our fleet has aged and our end users are
experiencing frequent breakdown resulting to poor reliability of transportation services and inconveniences for
employees and their safety.",2025/01/28,2025/01/28,2026/12/29
978,Q4 2024/25,2025/02/20,Eskom Holdings SOC Ltd,Provision of FFP Maintenance.,Cumdla Trading Enterprise,"R 7 ,549,266.95","The urgent situation arose when the current FFP maintenance contract expires and the new contract
placement is still in progress. The order will be for a period of 6 months to ensure that the maintenance
continues without any disturbances . Evaluations are in progress for the new contract placement.",2025/02/04,2025/02/04,2025/03/04
979,Q4 2024/25,2025/02/20,Eskom Holdings SOC Ltd,Supply and delivery of Ash dam pump.,A S Africa Supplies and Trading,"R 2 2,620,654.56","Matla Slurry plant had been experiencing persistent failures of the ash pumps because of normal wear and
tear and poor workmanship. These failures had a negative impact on the plant status, performance, reliability
and availability of the plant with a potential of delaying the units to ash. This has contributed to the dumping
of the Hydro bins of the floor which is an Environmental Contravention with very high clean-up costs. The
pumps are aging and have reached their lifespan and there are no new or refurbished in the stores in case
there is a failure on the plant.",2025/01/31,2025/02/05,2026/02/04
980,Q4 2024/25,2025/02/20,Eskom Holdings SOC Ltd,"Refurbishment of HP heater and make-up to maintain Plant: Type: Perform
Mechanical maintenance; Perform mechanical maintenance at Coal plant at
Lethabo Power Station.",J A G Site Support,"R 5 3,094.34","On 30 December 2025 an urgent situation arose at Lethabo Power Station. The situation arose as a result of
the damage observed on the HP Heater and Make-Up Heater safety valves which necessitated the
refurbishment of the valves during the Unit 4 maintenance opportunity. The safety valves require the unit to
be off to execute the work and as such the unit being off could not be missed. The safety valves are normally
refurbished during outages [IRs and GOs], and the current contract has run out of funds and in the process
of being modified. There are threats of interruptions in the supply of electricity to customers resulting in load",2025/01/24,2025/01/31,2025/01/31
981,Q4 2024/25,2025/02/20,Eskom Holdings SOC Ltd,Supply and deliver of Valve Ball.,Istostec,"R 2 1,515,403.76","Procurement of spares is to support the outage that is currently happening at Matla and the upcoming
outages. The team is currently working on establishing a long-term solution through a contract placement.
The scopes supplying the necessary consumables spares has been finalized and we are progressing to the
next steps in this process. The required spares are not available onsite and other site as well. These are
urgently required to avoid delays and integrity of components refurbishment and returning the unit to service
on time and in a serviceable and efficient condition.",2025/02/03,2025/02/03,2026/02/02
982,Q4 2024/25,2025/02/20,Eskom Holdings SOC Ltd,Supply and deliver critical valves.,Brainwave Projects 529 CC,"R 2 2,372,375.31","The Ash dams valve is of utmost importance in order to prevent down town of the slurry trains, enhance water
supply to the units for Ashing purposes and for the transportation of slurry to the ash dams without blocking
the ash pipeline and flooding of the pumphouse and prevent the contamination of natural streams and rivers
or ash which is an environmental contravention.",2025/01/31,2025/01/31,2025/12/30
983,Q4 2024/25,2025/02/20,Eskom Holdings SOC Ltd,Supply of New Submersible pumps.,Brimis Engineering (Pty) Ltd,"R 1 8,429,252.41","Unavailability of ash and sump pump which will lead to flooding of motors. Flooding also causing the
overland conveyor belt return side to be submerged under ash. Running without redundancy will lead to load
losses and high emissions due to unavailability of overland conveyors.",2025/02/03,2025/02/04,2025/04/30
984,Q4 2024/25,2025/02/20,Eskom Holdings SOC Ltd,Manufacture and supply HP Bypass valves.,Greit (Pty)Ltd,"R 1 ,902,870.96","K3 Outage needs to be completed before end of February and the material spec is exotic to invite all possible
competitors. The studs and nuts are required to do repairs on HB by pass line before the K3 unit could be
brought back in service, therefore the spares needed to be procured urgently.",2025/01/28,2025/01/28,2025/06/30
985,Q4 2024/25,2025/02/20,Eskom Holdings SOC Ltd,"Supply, deliver and offload diesel and Petrol to various Eskom Power Stations
for a period of one month on an as and when required basis.","The Petroleum Oil and Gas Corporation of South Africa
(SOC) Ltd","R 5 0,575,777.34","The suppliers who are awarded contracts to supply diesel and petrol to Eskom Generation Power Station are
not being ready to supply the fuel in the month of February 2025. The new national contracts will commence
on 1 February 2025. There are two suppliers that have been awarded a contract i.e. African Forwarding and
Shipping (AFS) and Latita Investments and will be taking over from the current supplier i.e. PetroSA. AFS
requires at least two weeks to conclude an agreement with transport companies and few days to conduct site
visits to verify types of coupling required by each site where they must deliver. Therefore, urgent",2025/01/31,2025/02/01,2025/02/28
986,Q4 2024/25,2025/02/20,Eskom Holdings SOC Ltd,Supply and deliver Bearings.,Limakwe Construction,"R 9 ,632,837.46","An urgent situation arose at Duvha Power Station. The situation arose as result of failure of various bearings
that has embarked on a normal procurement process through the e-auction method and could not be
finalised and currently in process of going out on the market again.",2025/01/14,2025/01/28,2025/03/31
987,Q4 2024/25,2025/02/20,Eskom Holdings SOC Ltd,"Provision of continuous emissions monitoring system maintenance as and when
required basis for a period of 5 years.",Elemental Analytics,"R 3 0,712,753.81","As per 240-134700766 Kusile Power Station Continuous Emission Monitoring System maintenance strategy,
an effective maintenance shall be achieved on emissions system of the Station. Maintenance shall also
satisfy the compliance requirements set out in emissions license of Kusile Power Station.",2025/02/04,2025/02/04,2030/02/04
988,Q4 2024/25,2025/02/20,Eskom Holdings SOC Ltd,Supply and delivery of the Slurry Plant 20 and 30 Series Conveyor.,Acquilla83,"R 2 9,994,969.38","The 20 and 30 series Conveyors are critical for the discharge of Hydro bins and transportation of Boiler
Bottom Ash from the Hydro bins via 20-series Conveyors and to the suctions of the slurry Trains. If one or
more of these pulleys or gearboxes, are not available and non-functional, the Hydro bins will be dumped on
the floor which is an environmental contravention with high clean-up costs and very penalties to Eskom. The
dumping of Hydro bins on the floor cause the blockages on the new and old wash down systems which are
critical for the water recovery to the AWRSE Tank. If this ash water is not properly managed, it can cause the",2025/01/31,2025/02/05,2026/02/04
989,Q4 2024/25,2025/02/20,Eskom Holdings SOC Ltd,Supply and Delivery of Slurry Plant Pumps.,SME Marketing,"R 2 2,572,458.36","Over the last few years, Slurry plant had been experiencing persistent failures of these pumps because of
normal wear and tear, and poor workmanship. These failures had a negative impact on the plant status,
performance, reliability and availability and a potential of delaying the units to ash. This has a contributed to
the Puffing of Silos which is a health and safety risks to persons at work and dumping of the Hydro bins on
the floor with very clean-up costs which is an Environmental Contravention.",2025/01/31,2025/02/06,2026/02/05
990,Q4 2024/25,2025/02/20,Eskom Holdings SOC Ltd,Refurbishment of main seal oil pump.,Rapid Allweiler Pumps,"R 1 ,309,967.30","Competitive bids were not possible as various RFQ's have been issued to the market for supply and repair
with no success.",2025/02/07,2025/02/07,2025/03/31
991,Q4 2024/25,2025/02/20,Eskom Holdings SOC Ltd,Repair Hydraulic Power pack.,Hytec South Africa (RF) (Pty) Ltd,"R 6 3,784.06","As part of our annual compliance and operational requirements, calibration of scales an weigh bin as sizing
must be conducted. However, during the recent scheduled calibration, the power pack was identified to be
defective, preventing the service provider from completing the calibration and weigh bin as sizing. The activity
was deferred until the necessary repairs to the power pack are completed.",2025/01/22,2025/02/07,2025/02/25
992,Q4 2024/25,2025/02/20,Eskom Holdings SOC Ltd,"Once off procurement of Munters MX255 Desiccant dehumidifier dryer for urgent
preservation of the boiler reheater system Unit 6 recovery.",SMAC Enterprises CC,"R 7 30,634.10","Matla Power Station Unit 6 experienced HP Piping failure on Hot RH system. The steam pipe raptured and
this resulted in damaging several plant components. After the incident the unit was not able to do reheater
drying as per procedure, with the boiler off since December 2024. The Boiler preservation is required. This
urgent service is required to prevent severe corrosion damage to the boiler components due to lack of drying.",2025/02/05,2025/02/07,2026/02/06
993,Q4 2024/25,2025/02/20,Eskom Holdings SOC Ltd,Supply of waste storage skips at Tutuka Power Station.,Rapid Onamandla,"R 2 ,903,339.37","Tutuka Power Station operational activities involves the generation of various types of waste including general
wastes and hazardous wastes. As part of the waste management process the Station is required to store
waste inside the skip bins before the final disposal takes place. The Station currently struggles with the
following waste types: General waste skip; Metal skips; Hazardous skips; Lagging skips and Conveyor
belts.",2025/01/20,2025/02/05,2025/03/31
994,Q4 2024/25,2025/02/20,Eskom Holdings SOC Ltd,Manufacture FGD Absorbers Spray banks piping.,Chameleon Fibre Glass,"R 2 7,320,832.26","On 23 January 2025 an urgent situation arose at Kusile Power Station units 1 FGD absorbers spray banks
where the spray banks (piping) was found to be damaged beyond repair ( glass reinforced piping). There
was a contract that was established for the manufacture, supply and delivery of spray banks piping full set.
Unfortunately, when engagements were held with the contractor for the delivery dates, the indication was that
the delivery will take place after 40 weeks as they are being manufactured outside the country. This then
prompted the need to place an order with a local manufacturer who will accelerate the manufacturing,",2025/01/30,2025/02/10,2025/02/24
995,Q4 2024/25,2025/02/20,Eskom Holdings SOC Ltd,"Unit 4, 5 and 6 Electrostatic Precipitators Onload Maintenance, Breakdown,
Outage Maintenance, Upgrade, Supply of Spares and Training at Duvha Power
Station for a period of 5 years.",Castlet S A (Pty) Ltd,"R 2 5,275,045.00",Duvha Power Station has an approved Sole source with Castlet SA (Pty) Ltd.,2025/02/05,2025/02/05,2031/01/31
996,Q4 2024/25,2025/02/20,Eskom Holdings SOC Ltd,Repair of valve leaks.,Superior Valve Solutions,"R 3 ,221,157.59",Hendrina Power Station has an approved Sole source with Superior Valve Solutions.,2025/02/05,2025/02/05,2025/04/30
997,Q4 2024/25,2025/02/20,Eskom Holdings SOC Ltd,"Once off Procurement of 2xCFW Dehu Tech Dehumidifier Dryers and Rental of
1x Dryer for preservation of the Boiler reheater System.",C F W Fans,"R 2 ,035,902.49","Matla Power Station Unit 6 experienced HP Piping failure on Hot RH system. The steam pipe raptured and
this resulted in damaging several plant components. After the incident the unit was not able to do reheater
drying as per procedure, with the boiler off since December 2024. The Boiler preservation is required. This
urgent service is required to prevent severe corrosion damage to the boiler components due to lack of drying.",2025/02/06,2025/02/10,2026/02/09
998,Q4 2024/25,2025/02/20,Eskom Holdings SOC Ltd,"Supply and delivery of coal plant primary and secondary scraper spares five
year contract.",Hosch Fordertechnik SA,"R 2 7,052,519.16",Spares can only be bought from the OEM. Hosch has is the approved Sole source for this contract.,2025/01/31,2025/02/10,2030/02/09
999,Q4 2024/25,2025/02/20,Eskom Holdings SOC Ltd,"Payment of municipality rates, taxes, water, lights and services for Eskom
owned properties for a period of 3 years at Grootvlei Power Station as when
required.",Lesedi Municipality and Dipaleseng Municipality,"R 2 ,420,030.56","Eskom Grootvlei Power Station is responsible for rates, taxes, water and lights for Eskom owned properties.
The Grootvlei properties in the region of Dipaleseng and Lesedi municipality.",2025/01/23,2025/02/05,2028/01/31
1000,Q4 2024/25,2025/02/20,Eskom Holdings SOC Ltd,Repairing of sink hole,"Kusile Combustion Waste Terrace (Grinaker LTA/Enza
JV Joint Venture)","R 1 9,624,684.69","The invitation of competitive bids is impractical due to the urgency of addressing a critical safety and
structural risk at the Station. A large sinkhole adjacent to the Stations' services building, near the shaft band
staircase tower, has already been partially stabilized using shotcrete and soil anchors. However, with the
onset of the rainy season, signs of distress have appeared in the gunite wall, increasing the risk of collapse.
This not only jeopardises the stability of the tower but also endangers recovered water pipes that was
previously intact.",2025/02/06,2025/02/07,2025/03/31
1001,Q4 2024/25,2025/02/20,Eskom Holdings SOC Ltd,Supply and delivery of Production spares.,Leonissi Group,"R 3 45,668.15","Generation has a critical spend funding which is required to be spent by 31 March 2025. Due to the
conditions made on the funding which includes that all items must be delivered by 31 March 2025 or else the
funds are forfeit.",2024/12/11,2025/02/06,2025/03/14
1002,Q4 2024/25,2025/02/20,Eskom Holdings SOC Ltd,Supply and delivery of Valves for a period of 12 months.,Lehutjo Investments,"R 1 6,244,877.00","The spares are needed for the upcoming outages and running units. Supply and delivery of these spares
stock items for Unit 3,4,5,6,2. The items are needed to be used in the ash and dust plant including slurry
plant.",2025/02/06,2025/02/06,2026/02/05
1003,Q4 2024/25,2025/02/20,Eskom Holdings SOC Ltd,"Supply and delivery of flanges ,hdpe pipes and hde welding on as an when
required for 12 months.",Carsons group,"R 9 ,993,500.05","The need for spares as there was an emergency of pipes bursting of sludge lines to the hpde pines on 20
November 2024. There was water waste overflowing in section 6.",2025/02/06,2025/02/07,2025/02/07
1004,Q4 2024/25,2025/02/20,Eskom Holdings SOC Ltd,Repair fire pump and Aux cooling pumps.,KSB Pumps and Valves (Pty) Ltd,"R 2 ,349,005.76","An early delivery is critical where delays can impact the production since the normal procurement process can
take long. The Station water systems (cooling and fire) is at a risk of not meeting its objectives in case of the
breakdown on the current pumps that are in operation with defects. The unavailability of the aux cooling
pumps puts the Station at the risk of multiple unit trip (MUT). The risk materialised on 29 December 2024
where the system pressure decay resulting in loss of cooling water for generators (root cause investigations
underway).",2025/02/06,2025/02/06,2025/03/31
1005,Q4 2024/25,2025/02/20,Eskom Holdings SOC Ltd,Supply and Delivery of Spares for GO & Maintenance for Duvha Power Station.,SV Industrial CC,"R 5 7,432,886.00","An urgent situation arose at Duvha Power Station due to equipment failure and outage scope arising from
inspections conducted which may lead to the unit return delays.",2025/02/06,2025/02/06,2025/04/30
1006,Q4 2024/25,2025/02/20,Eskom Holdings SOC Ltd,Supply and deliver LP Rotating & Stationary Sealing Strips.,MAN Energy Solutions South Africa,"R 1 ,524,508.22","On 13 January an urgent situation arose as a result of an abnormal sound of frequency, coming from LP
Turbine from condensed steam space was heard at Unit 3.",2025/02/07,2025/02/07,2025/02/14
1007,Q4 2024/25,2025/02/20,Eskom Holdings SOC Ltd,Supply and deliver 3 914 000 litres diesel.,WOA Fuels and Oils,"R 8 6,556,153.00","Currently levels are critically low (30% including sludge) due to U2 that run with half load for extended period
due to A EFP & BFPT unavailability. The national contract was unable to deliver the extra required quantities
for Kriel operational requirements as they had to prioritise Arnot Power Station. In order to avert this from
happening again, Eskom is in the process of placing five new 5-year contract for Ankerlig. The intent is to
modify these contracts to include the delivery of diesel to Arnot, Duvha and Kriel to assist with, should there
be any shortage of delivery from the fuel Grade 1 oil National contract.",2025/02/03,2025/02/06,2025/06/08
1008,Q4 2024/25,2025/02/20,Eskom Holdings SOC Ltd,"Hydraulic Trip Valves, Governor Valves, ESV Valves and Servo Motor
Refurbishment.",D'Frey Engineering,"R 1 8,412,650.00","Currently the Station is running without Valves Servo Motors and Hydraulic trip valves spares and possess a
production risk. A Station is currently running with a load loss and EAF is negatively impacted. A planned
outage BOM cannot be upheld due to the unavailability of the servo motor spares on U1 to U3 respectively.
Outage planned 21 August 2025. There is currently no refurbishment contract in place to eliminate these
challenges and it is compromises the system reliability and availability.",2025/01/22,2025/01/30,2025/01/30
1009,Q4 2024/25,2025/02/20,Eskom Holdings SOC Ltd,"Maintenance and Service of the online instrumentation at Duvha Power Station
for a once of delivery.",Swan Instrumentation South Africa (Pty) Ltd,"R 3 ,673,772.61",Swan is the approved Sole source for this scope of work.,2025/01/23,2025/01/24,2025/02/28
1010,Q4 2024/25,2025/02/20,Eskom Holdings SOC Ltd,Supply and Delivery of Transmitter Valves Inserts.,Siyanda Engineering,"R 2 ,013,765.00","The transmitter valves are currently blanked off in all the units due to unavailability of spare valves. An
instruction was given to remove all blanked pipes so that transmitters can be used when doing the boiler
filling.",2025/01/21,2021/01/21,2025/03/07
1011,Q4 2024/25,2025/02/20,Eskom Holdings SOC Ltd,Supply of electrical spares for a period of 12 months.,Global Eco Solutions,"R 4 8,081,244.70","The urgency emanates from outage readiness. Matla is currently busy with the long term contract of the
listed electrical spares which is at the initial stages. The spares will be required before long term contract
being placed and the other reason is some of these spares are long lead spares which required to be ordered
as early as possible to be delivered before the outage starts.",2025/02/06,2025/02/06,2026/02/05
1012,Q4 2024/25,2025/02/20,Eskom Holdings SOC Ltd,Procurement of Critical Spares.,EM Nine Trading and Projects (Pty) Ltd,"R 4 0,837,612.05","The 13% availability of BFPT risks continuous operation of Electric Feed Pumps (EFP), leading to their failure
as necessary maintenance cannot be performed while EFPs are operating. This situation forces the plant to
operate at half load, requiring the use of fuel oil and increasing operating costs. It also causes
underperformance of the Electro-static Precipitator (ESP), adversely affecting emission targets necessary for
environmental license compliance.",2025/01/31,2025/02/11,2025/03/11
1013,Q4 2024/25,2025/02/20,Eskom Holdings SOC Ltd,Procurement of BFPT spares.,GMLT Holdings,"R 3 0,137,701.12","The current standing load losses and critical plant operating without the relevant protection and optimizing
instrumentation. Maintenance is the function to replace or repair to a machine, equipment, or production line
in order to restore or prevent the production processes. Maintenance considered from the fastest growing
disciplines in the industry. The required spares are stock items and the is minimal to zero stock for the CID
section to withdraw out, meet the repairs and safe operation of the units. Defects range from general turbine
and boiler feed pumps, control valves, feed water, HPH, Turbine and boiler protections.",2025/01/31,2025/02/11,2025/03/11
1014,Q4 2024/25,2025/02/20,Eskom Holdings SOC Ltd,Procurement of Emissions spares.,Vector Vendor Consultants,"R 1 7,701,530.73","Kriel Power Station comprises of 6 units with 2 smokestacks which is North and South. Each stack has 3
units with 1 common gas monitor. Emissions is part of the Stations environmental KPI which must comply
with the missions Atmospheric License (EAL) of 100 mg/Nm3 daily. Currently Kriel Power Station is not
complying due to the mal functioning of the plant and the major contributory cause which is the shortage of
spares.",2025/01/31,2025/02/11,2025/03/11
1015,Q4 2024/25,2025/02/20,Eskom Holdings SOC Ltd,Refurbishment of agitator dust handling material number 216150.,Rula Bulk Material Handling,"R 4 ,484,724.00","Urgent situation arose at Kendal Power Station ash plant for ash removal constraints due to unavailability of
ash conditioners resulting to dust handling plant not being able to remove ash.",2025/02/06,2025/02/12,2025/03/27
1016,Q4 2024/25,2025/02/20,Eskom Holdings SOC Ltd,Refurbishment of agitator dust handling material number 216150.,Ratamang Engineering and Supplies,"R 5 ,883,171.61","Urgent situation arose at Kendal Power Station ash plant for ash removal constraints due to unavailability of
ash conditioners resulting to dust handling plant not being able to remove ash.",2025/02/06,2025/02/12,2025/02/27
1017,Q4 2024/25,2025/02/20,Eskom Holdings SOC Ltd,Supply and delivery of lubricant oil.,MX Distributors,"R 3 8,742,857.27",Contract was put on hold for cancellation due court interdict.,2025/01/22,2025/02/12,2025/12/25
1018,Q4 2024/25,2025/02/20,Eskom Holdings SOC Ltd,Supply and delivery of Engineering production equipment.,Leonissi Group,"R 7 77,686.35","Production equipment is critical for the safe operation of the of the plant. Generation has a critical spend
funding which is required to be spent by 31 March due conditions made on the funding.",2025/02/12,2025/02/17,2025/03/10
1019,Q4 2024/25,2025/02/20,Eskom Holdings SOC Ltd,HFT Project installation.,Hentus Trading (Pty) Ltd,"R 7 ,619,170.95","Due to high frequency transformers that were installed by GE and there is no access for current mechanical
contractor to work on the top roof of precipitation to remove and install new CE plates and DE wires.",2025/02/04,2025/02/12,2025/03/07
1020,Q4 2024/25,2025/02/20,Eskom Holdings SOC Ltd,Supply and delivery of cold and hot air fans impellers.,Howden Power (Pty) Ltd,"R 3 ,311,700.30",The failure rate for the components has been high hence the request for the urgent order.,2025/02/10,2025/05/09,2025/05/09
1021,Q4 2024/25,2025/02/20,Eskom Holdings SOC Ltd,Supply and delivery of prefabricated offices.,Container Conversions,"R 1 4,339,838.75","On 7 October 2024 an urgent situation arose at Matimba Power Station. One of the focus areas indicated by
the CE for 2024/25 is to eliminate corruption in Eskom. It was indicated by Risk and Governance that
Matimba’s tender office does not comply to the tender office requirements as set out by Eskom in procedure
270-9720916.",2025/02/12,2025/02/12,2025/03/30
1022,Q4 2024/25,2025/02/20,Eskom Holdings SOC Ltd,"Once off spares supply for the milling plant lube oil pumps, oil coolers,
regulating valve, lube oil pump nylon coupling and coupling hubs.",Damic Construction (Pty) Ltd,"R 5 ,083,833.29","Matla Power Stores have sent 15 mill lube oil pumps for repairs as part of the RF process. During the pumps
inspection it was noted that 11 pumps are irreparable and need to be scrapped and new pumps to be
purchased. This situation is putting a risk to milling plant since there is no spare pump and coupling hub to
return 1B, 3C, 4B and for any emergency breakdowns. The plan for placing supply and refurbishment of the
lube oil pumps contract is available and projected to be placed in the FY2025/26. Matla mills have recently
experienced a high failure rate of coolers which contributes to mills unavailability and delayed mills RTS. The",2025/02/13,2025/02/13,2025/04/14
1023,Q4 2024/25,2025/02/20,Eskom Holdings SOC Ltd,Unit 6 Water Treatment sampling conditioning system recovery.,Swan Instrumentation South Africa,"R 2 ,438,000.00","Matla Unit 6 experienced HP piping failure on the Hot RH system. The steam pipe ruptured, and this resulted
in damaging several plant components. After the incident the unit was not able to do reheater drying as per
procedure, with the boiler off since December 2024 boiler preservation is required. This urgent service is
required to prevent severe corrosion damage to boiler components due to lack of drying.",2025/02/11,2025/02/11,2026/02/10
1024,Q4 2024/25,2025/02/20,Eskom Holdings SOC Ltd,"Maintenance of lifts, supply and installation of spares.",Schindler Lifts SA,"R 2 7,747,205.37",Approved OEM for servicing lifts.,2025/01/23,2025/02/12,2030/02/13
1025,Q4 2024/25,2025/02/20,Eskom Holdings SOC Ltd,"Current failure and limited to no support on current Operational Technology
Disaster Recovery Hardware and Software.",ABB South Africa (Pty) Ltd,"R 3 7,837,238.75","On 5 August 2024 an urgent situation arose at Kusile Power Station. The situation arose as a result of the
secondary Stratus Ever run server failed. This server could not be restored in time and during the following
week, on 13 August 2024 the primary server also failed not allowing any access to the Distributed Control
System (DCS) that impacted the following areas: FGD, BOP, WTP and EOD. All attempts made with ABB’s
Disaster Recovery Solution to recovery these and machines failed also could not access DELL Vault where
backups are stored. Issue was escalated to ABB SA for support, several attempts was made to recover",2025/01/21,2025/02/13,2025/03/13
1026,Q4 2024/25,2025/02/20,Eskom Holdings SOC Ltd,"Manufacture, Supply and deliver the SSC Submerged Chain Guide Idler
Bearing for Tutuka Power Station.",SKF South Africa (Pty) Ltd,"R 7 ,996,568.24","On 8 July 2024 an urgent situation arose at Tutuka Power Station. The situation arose due to the situation on
the Submerged Scraper Conveyors (SSC) hydraulic power packs that has been having frequent failures
which has resulted in the SSC being stuck and unable to evacuate ash. The power packs are obsolete and
cannot be controlled according to the design operating and control philosophy, leading to significant
operational risks. The inability to remove bottom boiler ash (BBA) due to the lack of available spares could
force the Station to operate at a low Energy Availability Factor (EAF) or even shut down some units,",2024/07/09,2025/02/12,2025/07/30
1027,Q4 2024/25,2025/02/20,Eskom Holdings SOC Ltd,"Professional Engineering Services and Cabling for SKF M800 Machine
Monitoring for Main Turbine and Boiler Feed Water Pumps.",Proconics,"R 2 ,039,576.72","To address the equipment obsolescence of the Vibration Monitoring System (VMS) for the Main Turbine,
Electric Feed Pumps and Steam Feed Pumps to improve the reliability, availability and efficiency of the Plant.",2025/02/10,2025/03/02,2025/03/02
1028,Q4 2024/25,2025/02/20,Eskom Holdings SOC Ltd,Procurement of valves for a period of 12 months on as when required.,NSX Holdings,"R 1 4,939,963.03","The urgency emanates from outage readiness. Matla currently busy with the long-term contract of the spares
which is still at the initial stages. The spares will be required before long term contract being placed and the
other reason is some of these spares are long lead spares which required to be ordered as early as possible
to be delivered before outages starts. The spares are needed for the upcoming outages and running units of
which it is, unit3,4,5,6,2. Supply and delivery of the spares (valves, pumps spares, gearbox spares) stock
items for unit 3, unit 4, unit 5, unit 6 and unit 2. The items are needed to be used in the ash and dust plant",2025/02/13,2025/02/13,2026/02/12
1029,Q4 2024/25,2025/02/20,Eskom Holdings SOC Ltd,"Supply and delivery of Security critical assets/breathalysers/D-525300 ultra
card/50100HID DTC 1250E dual side printer.",SBD Global,"R 1 ,380,880.90","Ultra card machine print out the access card for employees to control the movement of people around the
MKP to prevent un authorised entry at the infrastructure and control the medical validation of employees.
Eskom is the organisation believe in cardinal rule which needs to be adhered to however all employees
entering the Station must be sober and blow in daily basis. The urgent request is due to the major incident
that occurred at unit 6 all copper cable stolen at U3 Kriel Cas 120/10/2024 which security failed to arrest the
suspects as the cable tunnel is flooded. Suspects gaining access during outage not returning the permits",2025/02/11,2025/02/11,2025/03/31
1030,Q4 2024/25,2025/02/20,Eskom Holdings SOC Ltd,Supply and delivery of CCTV Cameras.,Landu Holdings,"R 4 ,657,489.65","The urgency is due to the major incident that occurred at Unit 6 that all copper cables were stolen at U-3 Cas
120/10/2024 which security failed to arrest the suspects as the cable tunnel flooded. Also, due to suspects
gaining access during outages and not returning permits which needed to be prevented.",2025/02/11,2025/02/11,2025/03/31
1031,Q4 2024/25,2025/02/20,Eskom Holdings SOC Ltd,Supply and delivery of Boiler Economiser tubing.,Eriger (Pty) Ltd,"R 3 5,727,645.13","The Station went out on an open tender to procure the services of supplying the economiser boiler tubing and
award the contract. With this in mind, getting the material for unit 1 which is already on outage will not be
possible due to the long lead times. There is an urgent need to procure material for unit 1 while the
procurement process for the placement of contract continues.",2025/02/03,2025/02/12,2025/02/14
1032,Q4 2024/25,2025/02/20,Eskom Holdings SOC Ltd,Supply of critical office furniture.,Orgullo De Madre,"R 2 3,535,825.19","In the year 2024 an urgent situation arose at Matla Power Station as a result of office furniture not been
procured for the past 8 years because the national contracts for office furniture were terminated. Power
Stations were left with no contracts or options to procure office furniture which led to most of the furniture
being defective and unsafe to use. Currently, most employees are using defective office furniture which
poses a safety and ergonomic risks to them. For the past 4 years after the issue of the termination of office
furniture national contracts were uccessful, there were no funds or budget to procure office furniture. During",2025/02/13,2025/02/13,2025/03/10
1033,Q4 2024/25,2025/02/20,Eskom Holdings SOC Ltd,Resin loading and unloading.,Nxamanzi Chemicals,"R 6 ,345,944.95","According to Matla Resin Management Procedure, Brine soaks are supposed to be done after every 10
Regens, however due to plant constraints and high demand, the trains have not done brine soaks in over an
average of 60 Regens. Due to delayed Brine soaks, the resin bed performance is reduced as the functional
groups on the resin’s beads are replaced by impurities. Thus, resulting in the short runs of the resin beds
and compromised supply of demin water to the units. Early delivery will ensure that the required
maintenance is done while the plant continues to run effectively and healthy Demin tanks are established and",2025/02/07,2025/02/07,2025/03/03
1034,Q4 2024/25,2025/02/20,Eskom Holdings SOC Ltd,Supply and delivery of mobile crane.,Manitou SA (Pty) Ltd,"R 5 ,976,277.45","The Station have one old model pick up carry Franna mobile crane which is no longer reliable due to
continuous failures of components. This old Franna have been off site in 2023 for more than 6 months due to
the fact that its spares are obsolete and limited-service providers willing do repairs on this old model machine.
The unreliability of this machine poses a huge risk to the organization as it will be impossible to attend to
plant breakdowns and planned maintenance activities. There is a need for an urgent contract for the Station
to purchase a new reliable and operational mobile lift. The proposed Mobi-lift is of a customized size and fit in",2025/02/12,2025/02/12,2025/03/10
1035,Q4 2024/25,2025/02/20,Eskom Holdings SOC Ltd,Supply and delivery of Production Equipment at Tutuka Power Station.,Yellow Technical Services,"R 3 ,500,123.79","Production equipment is critical for the safe and effective production of the plant. The item are for data
communication and plant status analysis. These activities are essential when operating the plant. Having
this equipment will ensure accurate information that will allow for continuous availability of our units.",2025/12/11,2025/02/13,2025/03/20
1036,Q4 2024/25,2025/02/20,Eskom Holdings SOC Ltd,Supply and delivery of scaffolding at Matla Power Station.,RSC Industrial Service,"R 3 7,857,407.70","Scaffolding for Unit 6 recovery is needed to remove damaged equipment and conduct inspections on the
failed area to assess whether replacement is necessary on the equipment’s that are still intact and to
determine the requirements for replacement.",2025/02/07,2025/02/07,2025/05/09
1037,Q4 2024/25,2025/02/20,Eskom Holdings SOC Ltd,"Procurement of Plate, Gratings and Accessories.",Manosha,"R 1 1,193,190.33","Kriel Power Station consist of areas which are covered with gratings in all levels, almost 80 percent of the
surface floor within the Station and due to heavy vehicle which are moving inside the Stations. The gratings
gets bent and loose shape which results in them not being able to be fitted properly back and also because
of the presence of water and other elements like ash which contains chemicals, gratings gets worn out and
must be changed and replaced every time and again. Gratings which are not properly maintained, pose a
risk for employees walking in the plant. In the past financial years Kriel Power Station has experienced lots of",2025/02/13,2025/02/14,2025/03/31
1038,Q4 2024/25,2025/02/20,Eskom Holdings SOC Ltd,Supply of DC Busbar and other components.,GE Steam Power Services,"R 8 ,795,312.90",Spares requirement for Unit 4 recovery.,2025/02/07,2025/02/07,2025/11/06
1039,Q4 2024/25,2025/02/20,Eskom Holdings SOC Ltd,IPB repairs and other associated plants.,Actom (Pty) Ltd,"R 3 1,082,236.86",Repair works required on Unit 4 Medupi Power Station before the re-instatement.,2025/02/05,2025/02/07,2025/10/29
1040,Q4 2024/25,2025/02/20,Eskom Holdings SOC Ltd,"Implementation of Flue Gas Flow Meters on Unit 5 at Kusile Power Station
Project",Microtech Group (Pty) Ltd,"R 3 0,134,145.77","An order for the design, supply, and installation of a flue gas flow measuring devices including the monitoring
system. This will be installed on the ducting between the GAH and the FGD plant on Kusile Unit 5 to identify
the precise flow conditions experienced by the GAH, PJFF and FGD. Unit 5 is anticipated to go commercial
operation in June 2024 (target date). This leaves the project with a limited timeframe to execute the
associated modification whilst the unit is in the care of MHI.",2024/04/12,2024/04/12,2024/10/31
1041,Q4 2024/25,2025/02/20,Eskom Holdings SOC Ltd,"The Provisioning of Virtual Private Network (VPN) Connectivity to the Current
Poweron Advantage system -FSOU. for a period of twenty-four (24) months",Dimension Data (Pty) Ltd t/a Internet Solutions,"R 376,641.19","A request for proposal was previously issued to all the applicant role players in this environment, including
Dimension Data (Pty) Ltd t/a Internet Solutions, MTN Business Solutions and Telkom. At that stage, only
Dimension Data (Pty) Ltd and MTN Business Solutions submitted proposals. After evaluating the proposals, it
was decided to request MTN to provide the service. The reasons were that MTN was slightly cheaper and
that the solution is a VPN connection between the Bloemfontein SCADA System and the APN supplied by
MTN (i.e., one service provider for both the VPN and APN). MTN subsequently installed the required",2025/01/08,2025/01/31,2026/12/31
1042,Q4 2024/25,2025/02/20,Eskom Holdings SOC Ltd,"For the manufacturing supply (ex-works), of smart metering devices for
Distribution Cape Coastal Cluster.","Landis and GYR (Pty) Ltd, Mastech General Trading
CC and Voltex (Pty) Ltd","R 311,852,588.60","In April 2024, Gauteng Operating Unit issued a pre-qualification tender (MWP2473Dx) to the open market to
establish enabling agreements for the manufacture and supply of smart meters for Distribution Division. The
sourcing strategy was to issue a pre-qualification enquiry to the open market to pre-qualify suppliers and list
them on the Technical Evaluated and Accepted Products (TEAP) database. The second stage involved
issuing a closed Request for Quotations (RFQs) to the list of accredited suppliers who had met the pre-
qualification criteria based on the forecasted demands received from the various Distribution Clusters on an",2024/12/11,2025/02/07,2025/04/30
1043,Q4 2024/25,2024/12/17,"South African Health Products Regulatory Authority
(SAPHRA)",SAGE 300 people and mid-year submissions training,SAGE SA,"R 77,530.70",Single source,2024/12/09,Not stated,Not stated
1044,Q4 2024/25,2024/12/17,Road Traffic Infringement Agency (RTIA),Training of auditors,Global Internal Audit Standards,"R 3 6,231.90",Single source,2024/11/28,2024/12/06,2024/12/06
1045,Q4 2024/25,2024/12/17,Road Traffic Infringement Agency (RTIA),Basic accounting training with pastel,Axcelerate,"R 1 25,120.00",Single source,2024/11/29,2024/12/02,2024/12/04
1046,Q4 2024/25,2024/12/19,Department of Mineral Resources and Energy (DMRE),"Appointment of Council for Geoscience as an implementing agency of the mine
research and mine water management projects on behalf of the DMRE for the
2024/2025 financial year",The Council for Geoscience,"R 3 0,956,000.00","CGS has intimately involved in the project in rendering support for policy and strategy formulation, in
coordinating and defining the strategy posture of required research intervention, and in undertaking
geoscientific research for specialised nature. This work naturally falls within the ambit of the legislative
mandate of the CGS to carry out geoscientific research, including pollution and environmental hazards
resulting from the mining value chain.",2024/10/18,2024/10/28,2025/03/31
1047,Q4 2024/25,2024/12/19,Department of Mineral Resources and Energy (DMRE),"Appointment of Council for Geoscience as an implementing agency of the mine
research and mine water management projects on behalf of the DMRE for the
2025/2026 financial year",The Councill for Geoscience,"R 3 0,956,001.00","CGS has intimately involved in the project in rendering support for policy and strategy formulation, in
coordinating and defining the strategy posture of required research intervention, and in undertaking
geoscientific research for specialised nature. This work naturally falls within the ambit of the legislative
mandate of the CGS to carry out geoscientific research, including pollution and environmental hazards
resulting from the mining value chain.",2024/10/18,2025/04/01,2026/03/31
1048,Q4 2024/25,2024/12/19,Department of Mineral Resources and Energy (DMRE),"Appointment of Council for Geoscience as an implementing agency of the mine
research and mine water management projects on behalf of the DMRE for the
2026/2027 financial year",The Council for Geoscience,"R 3 0,956,002.00","CGS has intimately involved in the project in rendering support for policy and strategy formulation, in
coordinating and defining the strategy posture of required research intervention, and in undertaking
geoscientific research for specialised nature. This work naturally falls within the ambit of the legislative
mandate of the CGS to carry out geoscientific research, including pollution and environmental hazards
resulting from the mining value chain.",2024/10/18,2026/04/01,2027/03/31
1049,Q4 2024/25,2024/12/17,Passenger Rail Agency of South Africa (PRASA),Assistance In Completing The Audit And Findings,Altimax,"R 5 ,000,000.00",Single Source,2024/12/13,Not stated,Not stated
1050,Q4 2024/25,2024/12/17,Passenger Rail Agency of South Africa (PRASA),Teammate Audit Management System,Wolters Kluwer Tax & Accounting Southern Africa,"R 1 ,988,083.58",Single Source,2024/12/13,Not stated,Not stated
1051,Q4 2024/25,2024/12/17,Passenger Rail Agency of South Africa (PRASA),Complete The Asset Registe Devolution Sap Project,Zimele Technologies,"R 2 ,847,210.25",Single Source,2024/12/13,Not stated,Not stated
1052,Q4 2024/25,2024/12/17,Passenger Rail Agency of South Africa (PRASA),"Appointment Of Service Provider For Repairs And Maintenance Of Rolling Stock
Diesel Locomotives At Prasa Rail At Port Elizabeth In The Eastern Cape",Dartingo Trading Cc,"R 1 1,941,025.00",Emergency,2024/12/13,Not stated,Not stated
1053,Q4 2024/25,2024/12/17,Passenger Rail Agency of South Africa (PRASA),Driver Accommodationm,Mnm Projests And Trading,"R 1 ,000,000.00",Deviation,2024/12/13,Not stated,Not stated
1054,Q4 2024/25,2024/12/17,Passenger Rail Agency of South Africa (PRASA),Ticket Sales Office,Donies Trading,"R 1 50,000.00",Deviation,2024/12/13,Not stated,Not stated
1055,Q4 2024/25,2024/12/17,Passenger Rail Agency of South Africa (PRASA),Upgrade Of Various Connectivity Services,Dimension Data,"R 4 ,819,425.34",Single Source,2024/12/13,Not stated,Not stated
1056,Q4 2024/25,2024/12/17,Passenger Rail Agency of South Africa (PRASA),Document Management Solution,Faranani Doc Tech,"R 2 ,478,389.92",Single Source,2024/12/13,Not stated,Not stated
1057,Q4 2024/25,2024/12/17,Passenger Rail Agency of South Africa (PRASA),Provision For Corporate Governance And Board Training,Iodsa,"R 6 3,345.45",Single Source,2024/12/13,Not stated,Not stated
1058,Q4 2024/25,2024/12/17,Passenger Rail Agency of South Africa (PRASA),"Provision Of Annual Software Licenses And Support Of Geographical
Information System (Gis) Over A Period Of 3 Years",Esri South Africa,"R 1 ,568,454.36",Sole Source,2024/12/13,Not stated,Not stated
1059,Q4 2024/25,2024/12/17,Road Accident Fund (RAF),Office lease - Harrismith customer experience centre,Zolu Trading CC,"R 4 ,220,598.60","An open bid process was carried thereafter a closed bid process with both yielding no positive result,
eventually a single source deviation was requested by scanning the market through an RFI",2024/12/14,Not stated,Not stated
1060,Q4 2024/25,2024/12/17,Road Accident Fund (RAF),Office lease - Richards Bay customer experience centre,YLT PTY LTD,"R 3 ,497,432.83","An open bid process was carried thereafter a closed bid process with both yielding no positive result,
eventually a single source deviation was requested by scanning the market through an RFI",2024/12/14,Not stated,Not stated
1061,Q4 2024/25,2024/12/17,Road Accident Fund (RAF),Office lease for State Attorneys - Cape Town,SA Property (Appollon Property),"R 5 ,843,524.44","According to the MOU the resources are required to be co-located with the DOJ where possible, as a result
office space was procured through single source deviation from existing landlord.",2024/12/14,Not stated,Not stated
1062,Q4 2024/25,2025/01/20,"South African Health Products Regulatory Authority
(SAPHRA)",Annual subscription,"International Council for Harmonisation of Technical
Requirements for Pharmaceuticals for Human Use","R 1 75,704.32",Sole Source,2025/01/16,2025/01/16,2025/12/31
1063,Q4 2024/25,2025/01/15,Department of Water and Sanitation (DWS),Attendance for being a director course,The Institute of Directors South Africa,"R 3 44,369.90",Sole Source,2024/10/31,Not stated,Not stated
1064,Q4 2024/25,2025/01/15,Department of Water and Sanitation (DWS),Attendance OF construction computer software ( Candy Training course ),Construction Computer Software (Pty) Ltd,"R 9 68,449.50",Sole Source,2024/10/31,Not stated,Not stated
1065,Q4 2024/25,2025/01/15,Department of Water and Sanitation (DWS),"Appointment Groundwork Consulting (Pty) Ltd as a sole provider for the service
, repair and maintance of TRIVEC sliding micrometer equipment",Groundwork Consulting (Pty) Ltd,"R 1 80,090.00",Sole Source,2024/11/06,Not stated,Not stated
1066,Q4 2024/25,2025/01/14,Road Accident Fund (RAF),"12th Annual National Public Sector Clean Audit
Turnaround Indaba on 05-06 December 2024.",Audit Roundtable,"R 8 9,231.08","Sole Source procurement method is supported by the letter obtained from Audit Roundtable confirming
themselves as founders and owners of the Indaba.",2024/12/13,Not stated,Not stated
1067,Q4 2024/25,2025/01/14,Road Accident Fund (RAF),"Fraud Risk Governance, Risk Governance, Risk Governance and Ethical
Leadership Training on 09 December 2024","Peter Goss (PTY) LTD, t/a PG Governance","R 8 0,500.00","Single Source procurement method is informed by the desktop market analysis outcome obtained through a
request for quotation.",2024/12/13,Not stated,Not stated
1068,Q4 2024/25,2025/01/14,Road Accident Fund (RAF),"Encore Security Reporting Tool to integrate and streamline data for a period of
twelve (12) months.",Performanta South Africa,"R 9 89,186.30","Sole Source procurement method is supported by the letter obtained from Performanta South Africa
confirming themselves as sole owners of the Encore Security Tool.",2024/12/13,Not stated,Not stated
1069,Q4 2024/25,2025/01/14,Road Accident Fund (RAF),Office lease - Harrismith customer experience centre,Zolu Trading CC,"R 4 ,220,598.60","An open bid process was carried thereafter a closed bid process with both yielding no positive result,
eventually a single source deviation was requested by scanning the market through an RFI",2024/12/13,Not stated,Not stated
1070,Q4 2024/25,2025/01/14,Road Accident Fund (RAF),Office lease - Richards Bay customer experience centre,YLT PTY LTD,"R 3 ,497,432.83","An open bid process was carried thereafter a closed bid process with both yielding no positive result,
eventually a single source deviation was requested by scanning the market through an RFI",2024/12/13,Not stated,Not stated
1071,Q4 2024/25,2025/01/14,Road Accident Fund (RAF),Office lease for State Attorneys - Cape Town,SA Property (Appollon Property),"R 5 ,843,524.44","According to the MOU the resources are required to be co-located with the DOJ where possible, as a result
office space was procured through single source deviation from existing landlord.",2024/12/13,Not stated,Not stated
1072,Q4 2024/25,2025/01/14,Road Accident Fund (RAF),"Fraud Risk Governance, Risk Governance, Risk Governance and Ethical
Leadership Training on 09 Deember 2024","Peter Goss (PTY) LTD, t/a PG Governance","R 8 0,500.00","Single Source procurement method is informed by the desktop market analysis outcome obtained through a
request for quotation.",2024/12/13,Not stated,Not stated
1073,Q4 2024/25,2025/01/20,"The South African National Roads Agency SOC Ltd
(SANRAL)","For The Emergency/Urgent Repairs Of The Limpopo Roads In The Molemole
Local Municipality.",Rainbow Civils (Pty) Ltd,"R 2 91,604,351.69","The Minister for the Department of Transport signed the declaration for some of the Limpopo and
Mpumalanga Provincial Road Networks to be declared as National Roads and SANRAL to takes over these
roads effective from 22 November 2024.",2025/01/20,2025/01/24,2026/01/24
1074,Q4 2024/25,2025/01/20,"The South African National Roads Agency SOC Ltd
(SANRAL)","For The Consulting Engineering Serives Of The Emergency/Urgent Repairs Of
The Limpopo Roads In The Molemole Local Municipality.",Royal Mndawe Holdings (Pty) Ltd,"R 1 3,625,200.00","The Minister for the Department of Transport signed the declaration for some of the Limpopo and
Mpumalanga Provincial Road Networks to be declared as National Roads and SANRAL to takes over these
roads effective from 22 November 2024.",2025/01/20,2025/01/24,2026/01/24
1075,Q4 2024/25,2025/01/20,"The South African National Roads Agency SOC Ltd
(SANRAL)","For The Emergency/Urgent Repairs Of The Limpopo Roads In The
Mookgophong Local Municipality",Qtc Civils,"R 1 58,664,401.75","The Minister for the Department of Transport signed the declaration for some of the Limpopo and
Mpumalanga Provincial Road Networks to be declared as National Roads and SANRAL to takes over these
roads effective from 22 November 2024.",2025/01/20,2025/01/24,2026/01/24
1076,Q4 2024/25,2025/01/20,"The South African National Roads Agency SOC Ltd
(SANRAL)","For The Consulting Engineering Services Of The Emergency/Urgent Repairs Of
The Limpopo Roads In The Mookgophong Local Municipality",Dinokeng Engineers (Pty) Ltd,"R 7 ,844,955.00","The Minister for the Department of Transport signed the declaration for some of the Limpopo and
Mpumalanga Provincial Road Networks to be declared as National Roads and SANRAL to takes over these
roads effective from 22 November 2024.",2025/01/20,2025/01/24,2026/01/24
1077,Q4 2024/25,2025/01/20,"The South African National Roads Agency SOC Ltd
(SANRAL)","For The Emergency/Urgent Repairs Of The Mpumalanga Roads In The Chief
Albert Luthuli Local Municipality",Rainbow Civils (Pty) Ltd,"R 3 07,676,018.57","The Minister for the Department of Transport signed the declaration for some of the Limpopo and
Mpumalanga Provincial Road Networks to be declared as National Roads and SANRAL to takes over these
roads effective from 22 November 2024.",2025/01/20,2025/01/24,2026/01/24
1078,Q4 2024/25,2025/01/20,"The South African National Roads Agency SOC Ltd
(SANRAL)","For The Consulting Engineering Services Of The Emergency/Urgent Repairs Of
The Mpumalanga Roads In The Chief Albert Luthuli Local Municipality",Dinokeng Engineers (Pty) Ltd,"R 7 ,844,955.00","The Minister for the Department of Transport signed the declaration for some of the Limpopo and
Mpumalanga Provincial Road Networks to be declared as National Roads and SANRAL to takes over these
roads effective from 22 November 2024.",2025/01/20,2025/01/24,2026/01/24
1079,Q4 2024/25,2025/01/20,"The South African National Roads Agency SOC Ltd
(SANRAL)","For The Emergency/Urgent Repairs Of The Limpopo Roads In The Belabela
Local Municipality",Rainbow Civils (Pty) Ltd,"R 2 68,822,705.78","The Minister for the Department of Transport signed the declaration for some of the Limpopo and
Mpumalanga Provincial Road Networks to be declared as National Roads and SANRAL to takes over these
roads effective from 22 November 2024.",2025/01/20,2025/01/24,2026/01/24
1080,Q4 2024/25,2025/01/20,"The South African National Roads Agency SOC Ltd
(SANRAL)","For The Consulting Engineering Services Of The Emergency/Urgent Repairs Of
The Limpopo Roads In The Belabela Local Municipality",Dinokeng Engineers (Pty) Ltd,"R 7 ,844,955.00","The Minister for the Department of Transport signed the declaration for some of the Limpopo and
Mpumalanga Provincial Road Networks to be declared as National Roads and SANRAL to takes over these
roads effective from 22 November 2024.",2025/01/20,2025/01/24,2026/01/24
1081,Q4 2024/25,2025/01/20,"The South African National Roads Agency SOC Ltd
(SANRAL)","For The Emergency/Urgent Repairs Of The Limpopo Roads In The
Lephalale/Blouberg Local Municipality",Botle Ba Afrika Roads (Pty) Ltd,"R 2 10,482,846.53","The Minister for the Department of Transport signed the declaration for some of the Limpopo and
Mpumalanga Provincial Road Networks to be declared as National Roads and SANRAL to takes over these
roads effective from 22 November 2024.",2025/01/20,2025/01/24,2026/01/24
1082,Q4 2024/25,2025/01/20,"The South African National Roads Agency SOC Ltd
(SANRAL)","For The Consulting Engineering Services Of The Emergency/Urgent Repairs Of
The Limpopo Roads In The Lephalale/Blouberg Local Municipality",Wanoza Consulting Engineers,"R 5 ,344,970.00","The Minister for the Department of Transport signed the declaration for some of the Limpopo and
Mpumalanga Provincial Road Networks to be declared as National Roads and SANRAL to takes over these
roads effective from 22 November 2024.",2025/01/20,2025/01/24,2026/01/24
1083,Q4 2024/25,2025/01/20,"The South African National Roads Agency SOC Ltd
(SANRAL)","For The Emergency/Urgent Repairs Of The Limpopo Roads In The Lempelle-
Nkumpi Local Municipality",Vea Road Maintenance & Civils (Pty) Ltd,"R 3 63,002,548.16","The Minister for the Department of Transport signed the declaration for some of the Limpopo and
Mpumalanga Provincial Road Networks to be declared as National Roads and SANRAL to takes over these
roads effective from 22 November 2024.",2025/01/20,2025/01/24,2026/01/24
1084,Q4 2024/25,2025/01/20,"The South African National Roads Agency SOC Ltd
(SANRAL)","For The Consulting Engineering Services Of The Emergency/Urgent Repairs Of
The Limpopo Roads In The Lempelle-Nkumpi Local Municipality",Marumo Consulting Engineers (Pty) Ltd,"R 4 ,723,050.00","The Minister for the Department of Transport signed the declaration for some of the Limpopo and
Mpumalanga Provincial Road Networks to be declared as National Roads and SANRAL to takes over these
roads effective from 22 November 2024.",2025/01/20,2025/01/24,
1085,Q4 2024/25,2025/01/20,"The South African National Roads Agency SOC Ltd
(SANRAL)","For The Emergency/Urgent Repairs Of The Limpopo Roads In The
Mogalakwena Local Municipality",Bcb Solutions (Pty) Ltd,"R 7 3,141,509.03","The Minister for the Department of Transport signed the declaration for some of the Limpopo and
Mpumalanga Provincial Road Networks to be declared as National Roads and SANRAL to takes over these
roads effective from 22 November 2024.",2025/01/20,2025/01/24,2026/01/24
1086,Q4 2024/25,2025/01/20,"The South African National Roads Agency SOC Ltd
(SANRAL)","For The Consulting Engineering Services Of The Emergency/Urgent Repairs Of
The Limpopo Roads In The Mogalakwena Local Municipality",Endecon Ubuntu Africa (Pty) Ltd,"R 3 ,510,231.25","The Minister for the Department of Transport signed the declaration for some of the Limpopo and
Mpumalanga Provincial Road Networks to be declared as National Roads and SANRAL to takes over these
roads effective from 22 November 2024.",2025/01/20,2025/01/24,2026/01/24
1087,Q4 2024/25,2025/01/20,"The South African National Roads Agency SOC Ltd
(SANRAL)","For The Emergency/Urgent Repairs Of The Mpumalanga Roads In The Lekwa
Local Municipality",Vea Road Maintenance & Civils (Pty) Ltd,"R 3 61,406,380.85","The Minister for the Department of Transport signed the declaration for some of the Limpopo and
Mpumalanga Provincial Road Networks to be declared as National Roads and SANRAL to takes over these
roads effective from 22 November 2024.",2025/01/20,2025/01/24,2026/01/24
1088,Q4 2024/25,2025/01/20,"The South African National Roads Agency SOC Ltd
(SANRAL)","For The Consulting Engineering Services Of The Emergency/Urgent Repairs Of
The Mpumalanga Roads In The Lekwa Local Municipality",Royal Mndawe Holdings (Pty) Ltd,"R 1 3,406,125.00","The Minister for the Department of Transport signed the declaration for some of the Limpopo and
Mpumalanga Provincial Road Networks to be declared as National Roads and SANRAL to takes over these
roads effective from 22 November 2024.",2025/01/20,2025/01/24,2026/01/24
1089,Q4 2024/25,2025/01/20,"The South African National Roads Agency SOC Ltd
(SANRAL)","For The Emergency/Urgent Repairs Of The Limpopo Roads In The Greater
Giyani Local Municipality",Vea Road Maintenance & Civils (Pty) Ltd,"R 4 08,478,861.50","The Minister for the Department of Transport signed the declaration for some of the Limpopo and
Mpumalanga Provincial Road Networks to be declared as National Roads and SANRAL to takes over these
roads effective from 22 November 2024.",2025/01/20,2025/01/24,2026/01/24
1090,Q4 2024/25,2025/01/20,"The South African National Roads Agency SOC Ltd
(SANRAL)","For The Consulting Engineering Services Of The Emergency/Urgent Repairs Of
The Limpopo Roads In The Greater Giyani Local Municipality",Royal Mndawe Holdings (Pty) Ltd,"R 1 3,093,900.00","The Minister for the Department of Transport signed the declaration for some of the Limpopo and
Mpumalanga Provincial Road Networks to be declared as National Roads and SANRAL to takes over these
roads effective from 22 November 2024.",2025/01/20,2025/01/24,2026/01/24
1091,Q4 2024/25,2025/01/20,"The South African National Roads Agency SOC Ltd
(SANRAL)","For The Emergency/Urgent Repairs Of The Mpumalanga Roads In Govan Mbeki
Local Municipality",Quality Plant Hire Jv,"R 3 25,079,628.85","The Minister for the Department of Transport signed the declaration for some of the Limpopo and
Mpumalanga Provincial Road Networks to be declared as National Roads and SANRAL to takes over these
roads effective from 22 November 2024.",2025/01/20,2025/01/24,2026/01/24
1092,Q4 2024/25,2025/01/20,"The South African National Roads Agency SOC Ltd
(SANRAL)","For The Consulting Engineering Services Of The Emergency/Urgent Repairs Of
The Mpumalanga Roads In Govan Mbeki Local Municipality",Dinokeng Engineers (Pty) Ltd,"R 7 ,844,955.00","The Minister for the Department of Transport signed the declaration for some of the Limpopo and
Mpumalanga Provincial Road Networks to be declared as National Roads and SANRAL to takes over these
roads effective from 22 November 2024.",2025/01/20,2025/01/24,2026/01/24
1093,Q4 2024/25,2025/01/20,"The South African National Roads Agency SOC Ltd
(SANRAL)","For The Emergency/Urgent Repairs Of The Mpumalanga Roads In The
Msukaligwa Local Municipality",Penny-Farthing Engineering South Africa,"R 1 65,407,606.52","The Minister for the Department of Transport signed the declaration for some of the Limpopo and
Mpumalanga Provincial Road Networks to be declared as National Roads and SANRAL to takes over these
roads effective from 22 November 2024.",2025/01/20,2025/01/24,2026/01/24
1094,Q4 2024/25,2025/01/20,"The South African National Roads Agency SOC Ltd
(SANRAL)","For The Consulting Engineering Services Of The Emergency/Urgent Repairs Of
The Mpumalanga Roads In The Msukaligwa Local Municipality",Royal Mndawe Holdings (Pty) Ltd,"R 1 3,877,625.00","The Minister for the Department of Transport signed the declaration for some of the Limpopo and
Mpumalanga Provincial Road Networks to be declared as National Roads and SANRAL to takes over these
roads effective from 22 November 2024.",2025/01/20,2025/01/24,2026/01/24
1095,Q4 2024/25,2025/01/20,"The South African National Roads Agency SOC Ltd
(SANRAL)","For The Emergency/Urgent Repairs Of The Limpopo Roads In The Elias
Motsoaledi Local Municipality",Rainbow Civils (Pty) Ltd,"R 3 10,193,495.07","The Minister for the Department of Transport signed the declaration for some of the Limpopo and
Mpumalanga Provincial Road Networks to be declared as National Roads and SANRAL to takes over these
roads effective from 22 November 2024.",2025/01/20,2025/01/24,2026/01/24
1096,Q4 2024/25,2025/01/20,"The South African National Roads Agency SOC Ltd
(SANRAL)","For The Consulting Engineering Services Of The Emergency/Urgent Repairs Of
The Limpopo Roads In The Elias Motsoaledi Local Municipality",Dinokeng Engineers (Pty) Ltd,"R 7 ,844,955.00","The Minister for the Department of Transport signed the declaration for some of the Limpopo and
Mpumalanga Provincial Road Networks to be declared as National Roads and SANRAL to takes over these
roads effective from 22 November 2024.",2025/01/20,2025/01/24,2026/01/24
1097,Q4 2024/25,2025/01/20,"The South African National Roads Agency SOC Ltd
(SANRAL)","For The Emergency/Urgent Repairs Of The Limpopo Roads In The
Makhuduthamaga Local Municipality",Bcb Solutions (Pty) Ltd,"R 3 04,136,236.65","The Minister for the Department of Transport signed the declaration for some of the Limpopo and
Mpumalanga Provincial Road Networks to be declared as National Roads and SANRAL to takes over these
roads effective from 22 November 2024.",2025/01/20,2025/01/24,2026/01/24
1098,Q4 2024/25,2025/01/20,"The South African National Roads Agency SOC Ltd
(SANRAL)","For The Consulting Engineering Services Of The Emergency/Urgent Repairs Of
The Limpopo Roads In The Makhuduthamaga Local Municipality",Wanoza Consulting Engineers,"R 5 ,489,870.00","The Minister for the Department of Transport signed the declaration for some of the Limpopo and
Mpumalanga Provincial Road Networks to be declared as National Roads and SANRAL to takes over these
roads effective from 22 November 2024.",2025/01/20,2025/01/24,2026/01/24
1099,Q4 2024/25,2025/01/20,"The South African National Roads Agency SOC Ltd
(SANRAL)","For The Emergency/Urgent Repairs Of The Limpopo Roads In The Makhado
Local Municipality",Bcb Solutions (Pty) Ltd,"R 2 25,542,567.70","The Minister for the Department of Transport signed the declaration for some of the Limpopo and
Mpumalanga Provincial Road Networks to be declared as National Roads and SANRAL to takes over these
roads effective from 22 November 2024.",2025/01/20,2025/01/24,2026/01/24
1100,Q4 2024/25,2025/01/20,"The South African National Roads Agency SOC Ltd
(SANRAL)","For The Consulting Engineering Services Of The Emergency/Urgent Repairs Of
The Limpopo Roads In The Makhado Local Municipality",Cinfratec Consulting Engineers (Pty) Ltd,"R 1 2,461,745.00","The Minister for the Department of Transport signed the declaration for some of the Limpopo and
Mpumalanga Provincial Road Networks to be declared as National Roads and SANRAL to takes over these
roads effective from 22 November 2024.",2025/01/20,2025/01/24,2026/01/24
1101,Q4 2024/25,2025/01/20,"The South African National Roads Agency SOC Ltd
(SANRAL)","For The Emergency/Urgent Repairs Of The Mpumalanga Roads In The Steve
Tshwete Local Municipality",Botle Ba Afrika,"R 2 13,457,277.37","The Minister for the Department of Transport signed the declaration for some of the Limpopo and
Mpumalanga Provincial Road Networks to be declared as National Roads and SANRAL to takes over these
roads effective from 22 November 2024.",2025/01/20,2025/01/24,2026/01/24
1102,Q4 2024/25,2025/01/20,"The South African National Roads Agency SOC Ltd
(SANRAL)","For The Consulting Engineering Services Of The Emergency/Urgent Repairs Of
The Mpumalanga Roads In The Steve Tshwete Local Municipality",Zimile Consulting Engineers,"R 1 4,669,400.00","The Minister for the Department of Transport signed the declaration for some of the Limpopo and
Mpumalanga Provincial Road Networks to be declared as National Roads and SANRAL to takes over these
roads effective from 22 November 2024.",2025/01/20,2025/01/24,2026/01/24
1103,Q4 2024/25,2025/01/20,"The South African National Roads Agency SOC Ltd
(SANRAL)","For The Emergency/Urgent Repairs Of The Mpumalanga Roads In The
Emalahleni/Victor Khanye Local Municipality",Rail Refurb Cc,"R 3 76,001,286.72","The Minister for the Department of Transport signed the declaration for some of the Limpopo and
Mpumalanga Provincial Road Networks to be declared as National Roads and SANRAL to takes over these
roads effective from 22 November 2024.",2025/01/20,2025/01/24,2026/01/24
1104,Q4 2024/25,2025/01/20,"The South African National Roads Agency SOC Ltd
(SANRAL)","For The Consulting Engineering Services Of The Emergency/Urgent Repairs Of
The Mpumalanga Roads In The Emalahleni/Victor Khanye Local Municipality",Zimile Consulting Engineers,"R 1 7,255,750.00","The Minister for the Department of Transport signed the declaration for some of the Limpopo and
Mpumalanga Provincial Road Networks to be declared as National Roads and SANRAL to takes over these
roads effective from 22 November 2024.",2025/01/20,2025/01/24,2026/01/24
1105,Q4 2024/25,2025/01/20,"The South African National Roads Agency SOC Ltd
(SANRAL)","For The Emergency/Urgent Of The Mpumalanga Roads In The Nkomazi Local
Municipality",Vea Road Maintenance & Civils (Pty) Ltd,"R 2 59,963,135.00","The Minister for the Department of Transport signed the declaration for some of the Limpopo and
Mpumalanga Provincial Road Networks to be declared as National Roads and SANRAL to takes over these
roads effective from 22 November 2024.",2025/01/20,2025/01/24,2026/01/24
1106,Q4 2024/25,2025/01/20,"The South African National Roads Agency SOC Ltd
(SANRAL)","For The Consulting Engineering Services Of The Emergency/Urgent Of The
Mpumalanga Roads In The Nkomazi Local Municipality",Royal Mndawe Holdings (Pty) Ltd,"R 1 3,772,400.00","The Minister for the Department of Transport signed the declaration for some of the Limpopo and
Mpumalanga Provincial Road Networks to be declared as National Roads and SANRAL to takes over these
roads effective from 22 November 2024.",2025/01/20,2025/01/24,2026/01/24
1107,Q4 2024/25,2025/01/20,"The South African National Roads Agency SOC Ltd
(SANRAL)","For The Emergency/Urgent Repairs Of The Mpumalanga Roads In The Thaba
Chweu Local Municipality",Vea Road Maintenance & Civils,"R 3 78,821,999.54","The Minister for the Department of Transport signed the declaration for some of the Limpopo and
Mpumalanga Provincial Road Networks to be declared as National Roads and SANRAL to takes over these
roads effective from 22 November 2024.",2025/01/20,2025/01/24,2026/01/24
1108,Q4 2024/25,2025/01/20,"The South African National Roads Agency SOC Ltd
(SANRAL)","For The Consulting Engineering Services Of The Emergency/Urgent Repairs Of
The Mpumalanga Roads In The Thaba Chweu Local Municipality",Royal Mndawe Holdings (Pty) Ltd,"R 1 3,275,025.00","The Minister for the Department of Transport signed the declaration for some of the Limpopo and
Mpumalanga Provincial Road Networks to be declared as National Roads and SANRAL to takes over these
roads effective from 22 November 2024.",2025/01/20,2025/01/24,
1109,Q4 2024/25,2025/01/20,"The South African National Roads Agency SOC Ltd
(SANRAL)","For The Emergency/Urgent Repairs Of The Mpumalanga Roads In Te
Mbombela Local Municipality",Vea Road Maintenance & Civils (Pty) Ltd,"R 3 74,533,640.67","The Minister for the Department of Transport signed the declaration for some of the Limpopo and
Mpumalanga Provincial Road Networks to be declared as National Roads and SANRAL to takes over these
roads effective from 22 November 2024.",2025/01/20,2025/01/24,2026/01/24
1110,Q4 2024/25,2025/01/20,"The South African National Roads Agency SOC Ltd
(SANRAL)","For The Consulting Engineering Services Of The Emergency/Urgent Repairs Of
The Mpumalanga Roads In Te Mbombela Local Municipality",Royal Mndawe Holdings (Pty) Ltd,"R 1 3,535,500.00","The Minister for the Department of Transport signed the declaration for some of the Limpopo and
Mpumalanga Provincial Road Networks to be declared as National Roads and SANRAL to takes over these
roads effective from 22 November 2024.",2025/01/20,2025/01/24,2026/01/24
1111,Q4 2024/25,2025/01/20,"The South African National Roads Agency SOC Ltd
(SANRAL)","For The Emergency/Urgent Repairs Of The Limpopo Roads In The Fetakgomo-
Tubatse Local Municipality",Turnover Trading 72 Cc T/A Itumemleng,"R 2 18,240,330.10","The Minister for the Department of Transport signed the declaration for some of the Limpopo and
Mpumalanga Provincial Road Networks to be declared as National Roads and SANRAL to takes over these
roads effective from 22 November 2024.",2025/01/20,2025/01/24,2026/01/24
1112,Q4 2024/25,2025/01/20,"The South African National Roads Agency SOC Ltd
(SANRAL)","For The Consulting Engineering Services Of The Emergency/Urgent Repairs Of
The Limpopo Roads In The Fetakgomo-Tubatse Local Municipality",Dinokeng Engineers (Pty) Ltd,"R 7 ,844,955.00","The Minister for the Department of Transport signed the declaration for some of the Limpopo and
Mpumalanga Provincial Road Networks to be declared as National Roads and SANRAL to takes over these
roads effective from 22 November 2024.",2025/01/20,2025/01/24,2026/01/24
1113,Q4 2024/25,2025/01/20,"The South African National Roads Agency SOC Ltd
(SANRAL)","For The Emergency/Urgent Repairs Of The Limpopo Roads In The Maruleng
Local Municipality",Bcb Solutions (Pty) Ltd,"R 3 17,012,442.36","The Minister for the Department of Transport signed the declaration for some of the Limpopo and
Mpumalanga Provincial Road Networks to be declared as National Roads and SANRAL to takes over these
roads effective from 22 November 2024.",2025/01/20,2025/01/24,2026/01/24
1114,Q4 2024/25,2025/01/20,"The South African National Roads Agency SOC Ltd
(SANRAL)","For The Consulting Engineering Services Of The Emergency/Urgent Repairs Of
The Limpopo Roads In The Maruleng Local Municipality",Wanoza Consulting Engineers,"R 5 ,427,770.00","The Minister for the Department of Transport signed the declaration for some of the Limpopo and
Mpumalanga Provincial Road Networks to be declared as National Roads and SANRAL to takes over these
roads effective from 22 November 2024.",2025/01/20,2025/01/24,2026/01/24
1115,Q4 2024/25,2025/01/20,"The South African National Roads Agency SOC Ltd
(SANRAL)","For The Emergency/Urgent Repairs Of The Limpopo Roads In The Ba-
Phalaborwa Local Municipality",Rainbow Civils (Pty) Ltd,"R 1 90,823,633.39","The Minister for the Department of Transport signed the declaration for some of the Limpopo and
Mpumalanga Provincial Road Networks to be declared as National Roads and SANRAL to takes over these
roads effective from 22 November 2024.",2025/01/20,2025/01/24,2026/01/24
1116,Q4 2024/25,2025/01/20,"The South African National Roads Agency SOC Ltd
(SANRAL)","For The Emergency/Urgent Repairs Of The Mpumalanga Roads In The
Mkhondo Local Municipality",Vea Road Maintenance & Civils (Pty) Ltd,"R 3 64,348,328.10","The Minister for the Department of Transport signed the declaration for some of the Limpopo and
Mpumalanga Provincial Road Networks to be declared as National Roads and SANRAL to takes over these
roads effective from 22 November 2024.",2025/01/20,2025/01/24,2026/01/24
1117,Q4 2024/25,2025/01/20,"The South African National Roads Agency SOC Ltd
(SANRAL)","For The Consulting Engineering Services Of The Emergency/Urgent Repairs Of
The Mpumalanga Roads In The Mkhondo Local Municipality",Zimile Consulting Engineers,"R 1 4,640,650.00","The Minister for the Department of Transport signed the declaration for some of the Limpopo and
Mpumalanga Provincial Road Networks to be declared as National Roads and SANRAL to takes over these
roads effective from 22 November 2024.",2025/01/20,2025/01/24,2026/01/24
1118,Q4 2024/25,2025/01/20,"The South African National Roads Agency SOC Ltd
(SANRAL)","For The Consulting Engineering Services Of The Emergency/Urgent Repairs Of
The Limpopo Roads In The Ba-Phalaborwa Local Municipality",Wanoza Consulting Engineers,"R 1 3,850,945.00","The Minister for the Department of Transport signed the declaration for some of the Limpopo and
Mpumalanga Provincial Road Networks to be declared as National Roads and SANRAL to takes over these
roads effective from 22 November 2024.",2025/01/20,2025/01/24,2026/01/24
1119,Q4 2024/25,2025/01/20,South African Maritime Safety Authority (SAMSA),Travel and accommodation costs for CCG systems HR and payroll consultant,CCG systems,"R 1 4,016.00",Single source,Not stated,2024/03/12,2024/07/12
1120,Q4 2024/25,2025/01/20,South African Maritime Safety Authority (SAMSA),Medical care course for one crew member,PEC,"R 5 ,545.00",Single source,Not stated,2024/09/12,2024/09/12
1121,Q4 2024/25,2025/01/20,South African Maritime Safety Authority (SAMSA),Fault finding on engine on Lilian Ngoyi,MTU,"R 4 ,058.12",Single source,Not stated,2024/11/12,2024/12/31
1122,Q4 2024/25,2025/01/17,Ports Regulator of South Africa,Provision of office accommodation,Delta Propoerty fund,"R 1 ,468,113.00","The entity engaged in the procurement process and there was not successful bidder. The process was
cancelled and restarted",2024/09/19,2024/10/01,2025/09/30
1123,Q4 2024/25,2025/01/20,Mining Qualifications Authority (MQA),Generator diagnosis and repairs,PMD Electrical Services,"R 4 3,369.65",Reason was not provided,2024/12/04,2024/12/04,2024/12/04
1124,Q4 2024/25,2025/01/23,"Department of Agriculture, Land Reform and Rural
Development (DALRRD)",Support and maintenance of ACCPAC financial system,Dotcolab (Pty) Ltd,"R 1 ,136,791.08","Annual renewal of the ACCPAC Software Assurance Program for a period of one year (1 January 2025 – 31
December 2025) within the Deeds Registration Trading Entity and Agricultural Land Holding Account",2024/12/19,2025/01/01,2025/12/31
1125,Q4 2024/25,2025/01/23,Road Accident Fund (RAF),Office Lease - Mthatha,Bayete Capital,"R 3 ,685,157.08",Resources are required to be co-located with the DOJ,2025/01/23,Not stated,Not stated
1126,Q4 2024/25,2025/01/28,Air Traffic and Navigation Services (ATNS),For supply and delivery of progress flight strip paper at ATNS control towers.,Geoffrey Duncan Sisson t/a GDS Agencies,"R 8 11,000.00",Single source,2024/11/27,2025/01/16,2025/03/16
1127,Q4 2024/25,2025/01/28,Air Traffic and Navigation Services (ATNS),For the Government printing works for the publication of ATNS tariffs.,Techso Smart Solutions (Pty) Ltd,"R 3 ,622.50",Single source,2024/12/17,2025/01/22,2025/03/22
1128,Q4 2024/25,2025/01/16,Department of Mineral Resources and Energy (DMRE),"Urgent operations to extract illegal miners from shaft 11 in Buffelsfontein Gold
Mine",Mine Rescue Services,"R 5 ,989,427.89",Emergency Situation,2025/01/10,2025/01/11,2025/01/26
1129,Q4 2024/25,2025/01/31,"Petroleum, Oil and Gas Corporation of South Africa
(PetroSA)","Label Fire Extin Blue Purple K 9kg DCP, Powder Siliconised Potassium
Bircabonate",Safequip,"R 1 07,600.00",Sole Source,2025/01/28,2025/01/28,2025/01/31
1130,Q4 2024/25,2025/01/31,"Petroleum, Oil and Gas Corporation of South Africa
(PetroSA)",Oil Indust Sysnthetic Roto Fluid Ultra,Atlas Copco Industrial SA,"R 4 4,358.94",Sole Source,2025/01/28,2025/01/28,2025/02/14
1131,Q4 2024/25,2025/01/31,"Petroleum, Oil and Gas Corporation of South Africa
(PetroSA)",Retrieving data. Wait a few seconds and try to cut or copy again.,Joint Inspection Group Limited,"R 9 8,891.97",Sole Source,2025/01/29,2025/01/29,2025/01/29
1132,Q4 2024/25,2025/02/14,Road Traffic Infringement Agency (RTIA),Ethics training,Leadership Academy for Guardins of Governance,"R 3 5,730.50",Sole Source,2025/01/27,2025/02/10,
1133,Q4 2024/25,2025/02/14,Road Traffic Infringement Agency (RTIA),Cyber law training,Wits,"R 1 93,500.04",Sole Source,2025/01/27,2025/02/03,2025/02/07
1134,Q4 2024/25,2025/02/14,Road Traffic Infringement Agency (RTIA),Photocopy paper,Government Printing,"R 6 9,000.00",Transversal contract,2025/01/30,2025/02/14,"2025/02/14
Not stated"
1135,Q4 2024/25,2025/02/04,National Nuclear Regulator (NNR),Caseware License Renewal,Adapt-IT,"R 1 05,095.12",Sole Supplier,Not stated,Not stated,
1136,Q4 2024/25,2025/02/04,National Nuclear Regulator (NNR),Worklaw Subscription,Worklaw,"R 1 90,449.20",Sole Supplier,Not stated,Not stated,Not stated
1137,Q4 2024/25,2025/02/04,National Nuclear Regulator (NNR),Calibration and repair of Oxygen Sensor,The Little Mud,"R 9 2,749.66",Sole Supplier,Not stated,Not stated,Not stated
1138,Q4 2024/25,2025/02/04,National Nuclear Regulator (NNR),Renewal of Risk Spectrum software,Risk Spectrum,"R 2 36,655.98",Sole Supplier,Not stated,Not stated,Not stated
1139,Q4 2024/25,2025/02/04,National Nuclear Regulator (NNR),Provision of SANS stancards,SABS,"R 8 ,694.72",Sole Supplier,Not stated,Not stated,Not stated
1140,Q4 2024/25,2025/02/03,Department of Water and Sanitation (DWS),"ICDL renewal, learner registrations, candidate registration numbers and testing
consumables (WTE Account)",ICDL SA,"R 1 37,031.70",Sole Source,2025/01/31,Not stated,Not stated
1141,Q4 2024/25,2025/02/03,Department of Water and Sanitation (DWS),"Prokon analysis training for 20 officials within engineering services (WTE
Account)",Micrographics SA,"R 1 64,220.00",Sole Source,2025/01/31,Not stated,Not stated
1142,Q4 2024/25,2025/02/03,Department of Water and Sanitation (DWS),Software and support for WinQS,Advanced Cost Engineering Services,"R 1 97,023.75",Sole Source,2025/01/31,Not stated,Not stated
1143,Q4 2024/25,2025/02/03,Department of Mineral Resources and Energy (DMRE),"Appointment of Mintek as the professional service provider to seal additional
unsafe holdings in Gauteng.",Mintek,"R 1 81,896,000.00",Emergency Situation and continuation of work done,2024/10/17,2024/10/18,2025/03/31
1144,Q4 2024/25,2025/02/11,South African Medical Research Council (SAMRC),"Procurement of Agilent Products, Instruments, and Consumables",Diagnostech,"R 1 0,000,000.00",Sole Supplier,2024/10/31,2024/11/01,2027/10/31
1145,Q4 2024/25,2025/02/06,"Department of International Relations and Cooperation
(DIRCO)","Venue, Décor, Catering, Sound, Stage, Registration And Accreditation",CTICC,"R 7 ,143,315.00",Closed tender,2025/02/04,Not stated,Not stated
1146,Q4 2024/25,2025/02/11,Lepelle Northern Water,Procurement of Advisory Specialists for the Development Bank,DBSA Infrastructure Fund,"R 1 9,619,769.12","Continuation of appointment for procurement of Advisory specialists for the Development Bank of Southern
Africa - Ifrastructure Fund",2025/02/10,2025/01/29,2026/04/30
1147,Q4 2024/25,2025/02/06,Petroleum Agency South Africa (PASA),Appointment of a service provider for Legal Services,Burnell Attorneys Inc,"R 4 60,000.00","Urgency: The Petroleum Agency SA (hereinafter referred to ""Agency"") has commenced with the second
phase of shale gas project which involves the acquisition of the two-dimensional seismic survey data. The
University of Witwatersrand was appointed to implement theproject on behalf of the Agency intends to lodge
an environmental authorization (EA) application for this second phase but cannot lodge it with DMRE or the
Agency due to the vested interest the institutions have on the project. A legal opinion is required as a matter
of urgency to establish an appropriate competent authourity and office to adjudicate the EA application. This",2025/02/03,Not stated,Not stated
1148,Q4 2024/25,2025/02/14,"Petroleum, Oil and Gas Corporation of South Africa
(PetroSA)","Medical Surveilance Equipment Software upgrade, annual calibration",Amtronix,"R 3 77,733.82",Sole Source,2025/02/05,2025/02/05,2025/02/05
1149,Q4 2024/25,2025/02/14,"South African National Energy Development Institute
(SANEDI)","F&O Business Applications Support/ Intergration Support and Service
Management",Decision Inc,"R 3 93,600.00",Decision Inc build Dynamics 365,2025/02/03,Not stated,Not stated
1150,Q4 2024/25,2025/02/14,"South African National Energy Development Institute
(SANEDI)",Catering Services,Gesamentlike Klub Lugmagbasis,"R 4 ,550.00",The service provider is the only one that is vetted and allowed into military base,2025/02/03,Not stated,Not stated
1151,Q4 2024/25,2025/02/14,"South African National Energy Development Institute
(SANEDI)",Energy Management System Implementation Training for ESCOs,National Cleaner Production Centre (NCPC),"R 4 8,300.00",NCPC is the only institution that is capable of providing the training,2025/02/03,Not stated,Not stated
1152,Q4 2024/25,2025/02/20,"Petroleum, Oil and Gas Corporation of South Africa
(PetroSA)",IT - Network,Gijima Holdings,"R 1 40,386.14",Sole Source,2025/02/14,2025/02/14,2025/02/14
1153,Q4 2024/25,2025/02/20,"Petroleum, Oil and Gas Corporation of South Africa
(PetroSA)",UTT Cont PR12/4/004 Sable,Petroleum Agency SA,"R 1 51,000.00",Sole Source,2025/02/17,2025/02/17,2025/02/17
1154,Q4 2024/25,2025/02/24,Air Traffic and Navigation Services (ATNS),For software license support and maintenance Agreement,"CaseWare Africa, a division of Adapt IT Pty Ltd","R 2 92,271.55",Single source,2025/01/28,2025/02/12,2027/02/12
1155,Q4 2024/25,2025/02/24,Air Traffic and Navigation Services (ATNS),For the purchase of World Aeronautical Charts.,"Department of Agriculture, Rural Development and
Land Reform","R 6 ,953.50",Single source,2024/12/10,2025/02/10,2025/05/10
1156,Q4 2024/25,2025/02/24,Air Traffic and Navigation Services (ATNS),"Appointment of Prolog Development Centre (PDC) For Supply And Installation
of Two Licenses and Maintenance Contract Over a Period of Three Years",Prolog Development Center (PDC),"R 2 ,102,302.93",Single source,2024/11/29,2025/02/13,2028/02/13
1157,Q4 2024/25,2025/02/24,Air Traffic and Navigation Services (ATNS),"For provision of Relationship by Objective (RBO)/ Building Workplace Relations
(BWR)","Commission for Conciliation, Mediation and Arbitration
(CCMA)","R 2 6,387.88",Single source,2025/01/31,2025/02/13,2025/04/13
1158,Q4 2024/25,2025/02/24,Air Traffic and Navigation Services (ATNS),For the provision of Effective Wage Negotiation Skills training,"Commission for Conciliation, Mediation and Arbitration
(CCMA)","R 2 9,109.48",Single source,2025/01/31,2025/02/13,2025/04/13
1159,Q4 2024/25,2025/02/24,Air Traffic and Navigation Services (ATNS),"For the procurement/renewal of the software
licenses, enabled through an official support and maintenance
contract(maintenance
contract), with Airways International Limited (Airways), enabling the provision of
software
maintenance services for the ATNS three-dimensional (3D) Aerodrome/Tower","Airways International Limited (Airways),","R 9 ,301,414.33",Single source,2024/12/12,2025/02/18,2028/02/18
1160,Q4 2024/25,2025/02/24,Air Traffic and Navigation Services (ATNS),"General Conditions specifically modified for the Replacement of the Anais and
File2Fly Module",Thales LAS France SAS,"R 9 ,085,000.00",Single source,2024/11/30,2025/02/11,2025/02/11
1161,Q4 2024/25,2025/02/17,South African Maritime Safety Authority (SAMSA),Shipper course for different inspectors,Sea Safety,"R 1 4,375.00",Single source,2025/02/06,2025/02/02,Not stated
1162,Q4 2024/25,2025/02/17,South African Maritime Safety Authority (SAMSA),Annua testing of the main engine on Victoria Mxenge,Rolls Royce Solutions,"R 2 1,658.80",Single source,2025/02/06,2025/02/02,Not stated
1163,Q4 2024/25,2025/02/11,Lepelle Northern Water,Procurement of Advisory Specialists for the Development Bank,DBSA Infrastructure Fund,"R 1 9,619,769.12","Continuation of appointment for procurement of Advisory specialists for the Development Bank of Southern
Africa - Infrastructure Fund",2025/01/29,2023/04/21,2026/04/20
1164,Q4 2024/25,2025/02/19,South African Maritime Safety Authority (SAMSA),SOCAAS,MTN,"R 5 ,194,044.00",Single source,2025/02/13,2025/02/13,Not stated
1165,Q4 2024/25,2025/02/10,"Department of Agriculture, Land Reform and Rural
Development (DALRRD)","Repair, support and maintain of Oracle Infrastructure that have reached end of
support (are no longer supported by Oracle).",ETS Innovations (Pty) Ltd,"R 1 ,768,182.50","The equipment in question is manufactured by Oracle. The (FDP) field delivey partners are certified by the
OEM.",2025/01/24,2025/02/02,2027/01/31
1166,Q4 2024/25,2025/02/21,"The South African National Roads Agency SOC Ltd
(SANRAL)","For Consulting Engineering Services For The Emergency Upgrading Of
Unpaved Provincial Routes D2065 Km0.00 To Km4.43 And D1134 Km0.00 To
Km2.94 At Inadi And Ntembeni In Umsunduzi Local Municipality",Zimile Consulting Engineers (Pty) Ltd,"R 3 5,311,265.78","Emergency Upgrading Of Unpaved Provincial Routes D2065 Km0.00 To Km4.43 And D1134 Km0.00 To
Km2.94 At Inadi And Ntembeni In Umsunduzi Local Municipality",2025/02/21,2025/02/14,2026/11/13
1167,Q4 2024/25,2025/02/27,Air Traffic and Navigation Services (ATNS),Transformation leadership training,Training for transformation (TFT),"R 1 67,808.00",Single source,2025/02/14,2025/03/01,2025/05/01
1168,Q4 2024/25,2025/03/06,"South African Health Products Regulatory Authority
(SAPHRA)",Caseware licences renewal,Adapt IT,"R 1 35,109.42",Renewal of licence,2025/03/04,Not stated,Not stated
1169,Q4 2024/25,2025/02/27,Road Accident Fund (RAF),Appointment of a Commercial Broker for Sourcing of Property Leases,Yalo Group PTY LTD,"R 3,000,000.00","An RFQ process was carried, yielding no positive result, eventually a single source deviation was requested
by scanning the market through an RFI.",2025/02/27,Not stated,Not stated
1170,Q4 2024/25,2025/02/27,Road Accident Fund (RAF),Procurement of lease for State Attorneys - Mthatha,Bayete Capital,"R 3,685,157.08","According to the MOU the resources are require to be co-located with the DOJ where possible, as a result
office space was procured through single source deviation from existing landlord.",2025/02/27,Not stated,Not stated
1171,Q4 2024/25,2025/02/27,Road Accident Fund (RAF),Procurement of lease for State Attorneys - Cape Town,SA Property (Appollon Property),"R 5 ,843,524.44","According to the MOU the resources are require to be co-located with the DOJ where possible, as a result
office space was procured through single source deviation from existing landlord.",2025/02/27,Not stated,Not stated
1172,Q4 2024/25,2025/02/27,Road Accident Fund (RAF),"Procurement for the Road Accident Fund Athletics Club to be included as a
member including provision of Athletics South Africa Licenses for a period of
twelve (12) months.","Central Gauteng Athletics (CGA) and Western
Province Athletics (WPA)","R 22,700.00","Sole Source procurement method is informed by the letter received from Athletics South Africa confirming
Central Gauteng Athletics and Western Province Athletics have sole rights for the ASA athletics licenses.",2025/02/27,Not stated,Not stated
1173,Q4 2024/25,2025/02/27,Road Accident Fund (RAF),Occupational Certificate: Internal Auditor program.,"Leadership Academy, a subsidiary of the Institute of
Internal Auditors South Africa (IIASA)","R 284,121.30","Sole Source procurement method is informed by the letter received from Institute of Internal Auditors South
Africa (IIASA) confirming Leadership Academy as a sole provider for this training.",2025/02/27,Not stated,Not stated
1174,Q4 2024/25,2025/02/27,Road Accident Fund (RAF),"Appointment of Motlhe Jooma Sabdia Attorneys (MJSA) through a single source
procurement method to continue with three (3) existing CCMA matters on a
month-to-month basis for a period of twelve (12) months.",Mothle Jooma Sadiba Attorneys,"R 2 ,000,000.00","MJSA were appointed as the presiding firm to handle the three (3) cases which are currently due to continue
at CCMA. Due to the nature and urgency of these services required where early delivery is critical, invitation of
competitive bids will be impractical.",2025/02/27,Not stated,Not stated
1175,Q4 2024/25,2025/03/07,Road Accident Fund (RAF),Rand Easter Show 2025 Exhibition,Dogan Exhibitions and Events,"R 7 2,450.00","Sole Source procurement method is informed by the letter received from Dogan Exhibitions and Events
confirming they are the owners and have sole rights of the Rand Show.",2025/03/07,Not stated,Not stated
1176,Q4 2024/25,2025/03/07,Road Accident Fund (RAF),"42nd African Corporate
Governance Conference on 11 – 14 March 2025.","Tuscan Mood 1014 cc t/a Advantage
Training","R 2 95,492.50",Single Source procurement method is informed by the number of institutions that similar conference,2025/03/07,Not stated,Not stated
1177,Q4 2024/25,2025/03/07,Road Accident Fund (RAF),"Subcription and downloading of credits for Franking Machine for Durban
and Cape Town for a period of twelve (12) months",DG Incentives,"R 5 7,610.24","Sole Source procurement method is informed by the letters received from SAPO and Hasler Business
Systems (OEM), authorising DG Incentives as their agent",2025/03/07,Not stated,Not stated
1178,Q4 2024/25,2025/03/07,Road Accident Fund (RAF),"Appointment of a Commercial Broker for Sourcing of Property Leases
Procurement of lease for State Attorneys - Mthatha",Yalo Group PTY LTD,"R 3 ,000,000.00","An RFQ process was carried, yielding no positive result, eventually a single source deviation was
requested by scanning the market through an RFI.",2025/03/07,Not stated,Not stated
1179,Q4 2024/25,2025/03/07,Road Accident Fund (RAF),,Bayete Capital,"R 3 ,685,157.08","According to the MOU the resources are require to be co-located with the DOJ where possible, as a
result office space was procured through single source deviation from existing landlord.",2025/03/07,Not stated,Not stated
1180,Q4 2024/25,2025/03/07,Road Accident Fund (RAF),Procurement of lease for State Attorneys - Cape Town,SA Property (Appollon Property),"R 5 ,843,524.44","According to the MOU the resources are require to be co-located with the DOJ where possible, as a
result office space was procured through single source deviation from existing landlord.",2025/03/07,Not stated,Not stated
1181,Q4 2024/25,2025/03/04,"Department of Agriculture, Land Reform and Rural
Development (DALRRD)",AgriBEE Fund Manager,Land and Agricultural Bank of Southern Africa,R -,Continuity of service,2025/02/20,2025/02/20,2028/02/19
1182,Q4 2024/25,2024/12/17,Development Bank of Southern Africa (DBSA),Sole Source: Research Digsilent Power Factory License,Digsilent Buyisa (Pty) Ltd,"R 1 ,825,457.60",License subscription,2024/12/12,2024/12/12,2025/12/11
1183,Q4 2024/25,2024/12/17,South African Revenue Service (SARS),"The appointment of the current Sizwe subcontractors (Integral Networking,
BTSA, and Gaproc Media). The subcontractors will be appointed on a month to
month for a period of twelve (12 months), at an amount of R 61 059 160.66 VAT
Inclusive","Integral Networking
Bridging Technologies SA
GX Connect (Pty) Ltd t/a Gaproc Media","R 6 1,059,160.66",Single Source (Limited Bid),2024/12/13,2024/12/18,2024/12/19
1184,Q4 2024/25,2024/12/17,National Treasury,"Request to deviate normal SCM processes to appoint Bowmans Legal Practice
to provide legal services in the renegotiation of the contract with Oracle
corporation for a period of 12 months",Bowmans Legal Practice,"R 3 ,900,000.00","Bowmans Legal Practice has previously facilitated the original Oracle contract negotiations and possesses
deep institutional knowledge and a thorough understanding of the contract's terms and conditions. This prior
involvement positon Bowmans uniquely to navigate the complexities of the renegotiation efficiently, minimising
the time and resources required of a new firm to reach the same level of efficiency",2024/12/13,Not stated,Not stated
1185,Q4 2024/25,2024/12/18,South African Revenue Service (SARS),Truck storage space,Ryncor CC,"R 5 ,304,606.00",Provision of truck and vehicle storage facility,2024/12/13,2025/07/01,2030/06/30
1186,Q4 2024/25,2024/12/18,South African Revenue Service (SARS),"Corporate Group Membership subscription to Knowledge Management South
Africa (KMSA",Knowledge Management of South Africa (KMSA),"R 2 0,455.00",Single source (Limited bid),2024/12/13,2025/02/02,2025/07/31
1187,Q4 2024/25,2024/12/18,South African Revenue Service (SARS),"Safety Management Training Course (SAMTRAC) to four (4) SARS delegates
from the Health and Safety Unit",SafetyCloud (previously known as NOSA),"R 7 7,745.75",Single source (Limited bid),2024/12/13,2025/02/02,2025/02/24
1188,Q4 2024/25,2024/12/18,Brand South Africa,Global Reputation Study,Bloom Consulting,"R 3 ,719,110.00","Bloom Consulting is the only tool that meets all the requirements for Brand South Africa to conduct its Global
Reputation Study which will allow the organization to continue to track and monitor any progressions or
regressions in South Africa's Nation Brand reputation on an annual basis.",2024/12/17,2024/12/17,2025/03/31
1189,Q4 2024/25,2024/12/19,National Treasury,"RFQ584-2024 Request to Appoint a service provider to be sourced outside the
normal procurement process",H&G Partnership,"R 9 4,823.25","H&G Exhibitions is the sole provider at the Durban Exhibition Centre. The quote from the organisers of the
event, H&G Exhibitions Partnership was received and the service provider is compliant with SCM
requirements and with the specifications to secure the space to exhibit at the House and Garden Show 2025",2024/12/13,Not stated,Not stated
1190,Q4 2024/25,2024/12/19,National Treasury,"RFQ584-2024 Request to Appoint a service provider to be sourced outside the
normal procurement process",Conker Investments,"R 9 1,724.00","Conker Investments is the sole provider at the Durban Exhibitions Center. The quote from the organisers of
the event, Conker Investments was received and the sole provider is compliant with the SCM requirements
and with the specifications to secure the space to exhibit at the Comrades Marathon Expo 2025",2024/12/12,Not stated,Not stated
1191,Q4 2024/25,2024/12/20,"Government Communication and Information System
(GCIS)","Department of justice_ intergrated crime Prevention live interviews CARA
Funds: PLL North West","Vaaltar Fm,Madibogo Fm ,Modiri Fm , Mahikeng Fm ,
Mmabatho Fm","R 4 0,500.00",The medium selected will best meet the intended largest audience,2024/12/13,2025/01/01,2025/03/31
1192,Q4 2024/25,2024/12/20,"Government Communication and Information System
(GCIS)",Mpox awareness Drive,"Engcobo Community Radio,Ikhala FM, Link FM , Oasis
FM , Radio Kingfisher , Capital Live , eastwave , EK
Fm , Impact Fm , Pheli Fm , Rainbow Fm ,Westbury
,izwi lomzansi ,Ugu , Umgungundlovu , North Coast,
Nongoma Fm ,BlouBerg Fm , JouRadio Fm ,Makhado
Fm , Mpahlele Fm , Tubatse Fm , BBR , Mash Fm ,","R 7 08,000.00",The medium selected will best meet the intended largest audience,2024/12/06,2024/12/08,2024/12/08
1193,Q4 2024/25,2024/12/20,"Government Communication and Information System
(GCIS)",Department of Justice Recruitment Week 48,"Media 24 , Fundudzi Media","R 4 5,333.00",The medium selected will best meet the intended largest audience,2024/12/13,2024/12/15,2024/12/15
1194,Q4 2024/25,2024/12/20,"Government Communication and Information System
(GCIS)","Motivation to deviate from GCIS catering policy to providing catering for
(GCF)Government Communication Forum.",Pfamoni Flame Grilled Café,"R 2 7,740.00",Deviating from 4.1.12 and 4.1.5 of the GCIS Catering and Entertainment Policy,2024/12/02,2024/12/03,2024/12/03
1195,Q4 2024/25,2024/12/20,Development Bank of Southern Africa (DBSA),Single Source: Lifts Storage and Delivery to Site - Odendaalrus SAPS,V3F Elevators,"R 1 56,990.48",Storage and delivery to site of the lifts,2024/12/19,2024/12/20,2025/05/19
1196,Q4 2024/25,2024/12/20,Development Bank of Southern Africa (DBSA),Emergency: Plumbing repairs,Burges Plumbing,"R 2 3,377.84",Repairs on the affected area to prevent any operational risk.,2024/12/20,2024/12/19,2024/12/19
1197,Q4 2024/25,2024/12/20,Development Bank of Southern Africa (DBSA),Single Source: EPC Contractor for Biodigester Pilot Plant,Mbali Selectra Khabokedi JV,"R 1 10,968,266.28","EPC Contractor to Carry Out Engineering, Procurement, Construction and Commissioning of a 50 Ton Per
Day Biodigester Pilot Plant at Robinson Deep Landfill Site, Johannesburg and Operating and Maintaining it
for a Period of 1 Year",2024/12/20,2024/12/20,2025/12/19
1198,Q4 2024/25,2024/12/20,Department of Employment and Labour (DEL),Fabric Jade green P48,Da Gama Textiles,"R 3 86,570.00",Limited bidding,2023/06/07,2023/12/12,2025/03/31
1199,Q4 2024/25,2024/12/23,Department of Home Affairs (DHA),"Request to participate in the Western Cape Department of Health and
wellness contract. Energy and water efficiency services for various health
institutions within the Western Cape Government Department required
required by the directorate: Facility and Infrastructure Management.",Reonet (Pty) Ltd t/a Reonet Utilities,R -,In the with National Treasury Regulation 16A6.6,2024/12/12,2024/12/19,2026/12/31
1200,Q4 2024/25,2024/12/23,Department of Home Affairs (DHA),"Appointment of additional resources as a support of the work of Electoral
Reform Consultation Panrl (ERCP) (The panel)",Various Suppliers,"R 1 ,351,776.00",To support the work work of the ERCP,2024/12/12,2024/12/27,2025/05/31
1201,Q4 2024/25,2024/12/24,Sentech,"Motivation for appointment of SITA through negotiated procedure for
Gartner services",SITA,"R 1 ,896,258.00",Gartner services,2024/12/18,2025/06/01,2025/05/12
1202,Q4 2024/25,2024/12/24,Sentech,"Approve the Microsoft Premier Support contract for a period of one year
through the SITA Framework.",Microsoft SA,"R 1 ,778,428.25",Microsoft Premier Support contract,2024/05/11,2025/06/01,2025/05/12
1203,Q4 2024/25,2024/12/30,South African Revenue Service (SARS),"The appointment of Analista for maintenance and support of Simio
Professional Simulation Edition and OptQuest Software, for a period of
three (3) years, from 01 January 2025 to 31 December 2027, at an amount
of R715 221.40 excluding VAT as the supplier is not VAT registered.",Analista,"R 7 15,221.40",Single Source (Limited Bid),2024/12/23,2025/01/01,2027/12/31
1204,Q4 2024/25,2024/12/31,Department of Home Affairs (DHA),"To conduct a forensic investigation tp assess the scope of the breach,
identify vulnerabilities in the IT enviroment, and to make proposals/
recommendations to adress other possible security breaches",Facts Consulting,"R 7 ,957,433.00",Emergency and urgency,2024/12/30,2025/01/01,2025/04/30
1205,Q4 2024/25,2025/01/02,"Commission for Conciliation, Mediation and Arbitration
(CCMA)",Membership Fees,"South African Institute of Professional Accountants
(SAIPA)","R 8 ,371.57","Payment to SAICA for membership fees- the procurement embarked on was Procurement by other
means: Single source, where a thorough analysis of the market and a transparent, equitable pre-
selection process is employed to decide on one supplier amoung a few prospective bidders to submit a
proposal.",2024/12/17,Not stated,Not stated
1206,Q4 2024/25,2025/01/06,Department of Employment and Labour (DEL),"To procure services of Emergency Medical Services for DEL
commemoration of WAD,16 Days of Activism and IDPWD",Gauteng Provincial Health,"R 5 ,165.00",Gauteng Provincial Health is responsible to ensure Emergency Medical Services in the province,2024/12/02,2024/12/03,2024/12/03
1207,Q4 2024/25,2025/01/06,Department of Employment and Labour (DEL),"Approval be granted to utilize Correctional Service Pretoria to procure
venue and facilities and catering for the 16 Days of Activism Against
Women and Children, World AIDS Day and Disability Day event that will be
attended by 300 officials",Correctional Service Pretoria,"R 7 4,500.00",Correctional Service Pretoria is the closest venue and suitable to host the 300 officials,2024/11/26,2024/12/03,2024/12/03
1208,Q4 2024/25,2025/01/06,Department of Employment and Labour (DEL),"TTraining of the end-users administrators of LexisNexis software for pre-
screening",LexisNexis,"R 2 ,070.00","A sole provider as per annexure B of the contract that only the trained administrators by LexisNexus are
allowed to work on the system",2024/12/09,Not stated,Not stated
1209,Q4 2024/25,2025/01/07,"Government Communication and Information System
(GCIS)",SASSETA Expression of interest Notice campaign,Media24,"R 1 4,076.00",The medium selected will best meet the intended largest audience,2024/11/22,2024/11/24,2024/11/24
1210,Q4 2024/25,2025/01/07,"Government Communication and Information System
(GCIS)",Information Regulator South Africa ( Recruitment week 45b),"Arena Holdings,Funduzi Media,Media 24","R 1 23,382.54",The medium selected will best meet the intended largest audience,2024/11/22,2024/11/24,2024/11/24
1211,Q4 2024/25,2025/01/07,"Government Communication and Information System
(GCIS)",Department of Defence Recruitment campaign,"Arena Holdings,Media 24","R 2 72,090.00",The medium selected will best meet the intended largest audience,2024/11/22,2024/11/24,2024/11/24
1212,Q4 2024/25,2025/01/07,"Government Communication and Information System
(GCIS)",DFFE Notice(Lion Stockpile Bones),"Arena Holdings,Media 24,Media Mark,SABC
Radio,United Stations","R 5 43,249.97",The medium selected will best meet the intended largest audience,2024/11/22,2024/11/22,2024/11/30
1213,Q4 2024/25,2025/01/07,"Government Communication and Information System
(GCIS)","Department of justice_ intergrated crime Prevention live interviews CARA
Funds: PLL","Moutse, Vision, Thabantsho, Mphahlele, Mohodi,
Tubatse, Makhado, Mokopane, Botlokwa, Radio
Turf, Vhembe, Waterberg Stereo, Moletsi and
Univen CRSs","R 1 92,060.00",The medium selected will best meet the intended largest audience,2024/11/26,2024/11/27,2025/01/31
1214,Q4 2024/25,2025/01/07,"Government Communication and Information System
(GCIS)",NW:PLL Community Print Media(ERRP),"Moonlight Communication,Lefetlho Media
Specialists,Taung Media & Events,Tabea Media &
Events,Yvonmod logistics","R 6 9,850.00",The medium selected will best meet the intended largest audience,2024/11/25,2024/11/26,2025/01/31
1215,Q4 2024/25,2025/01/07,"Government Communication and Information System
(GCIS)",Public Notice(Consultant Notices),"Arena Holdings,Brand Edge Media Advertising
Services(BEMAS),Media24 and The citizen","R 5 06,426.59",The medium selected will best meet the intended largest audience,2024/11/26,2024/11/18,2024/11/18
1216,Q4 2024/25,2025/01/07,"Government Communication and Information System
(GCIS)","Request to renew the maintanance and suppor agreement with wolters and
Kluwer for the 10 Teammate licence owned by GCIS",Wolters and Kluwer,"R 7 3,049.08","Deviating from paragraph 1,11(b) of procument delegation",2024/11/22,2024/11/25,2024/11/26
1217,Q4 2024/25,2025/01/07,"Government Communication and Information System
(GCIS)","Approval to deviate from normal procurement process to provide catering
at the GBVF Men's Dialoques in limpopo","Baholonoto Trading PTY ltd,Masekgatsa Trading
Enterprise,Masase Corporation PTY ltd ,Wanane 's
Trading Enterprise, Tabane events and
accomodation","R 8 7,140.00","Deviating from 4.2.2 and 4.2.5 of the Government Communication and Information Systems catering
and intertainment policy",2024/11/25,2024/11/25,2024/11/26
1218,Q4 2024/25,2025/01/07,"Government Communication and Information System
(GCIS)","request to deviate from normal procurement process to provide catering at
the gbv Dialogues in KZN","Mkhakha Accountants,Zenz Trading&
Projects,Zemcebo Trading,Amagutshwa Civils &
Projects","R 5 6,300.00",Deviating from 4.2.2 and 4.2.5 of the GCIS Catering and Entertainment policy,2024/11/27,2024/11/28,2024/11/28
1219,Q4 2024/25,2025/01/07,"Government Communication and Information System
(GCIS)","Motivation for Deviation from gcis Catering Policy to provide catering ppl
annaul performance plan workshop",Banyana ba Nkepile Pty Ltd,"R 1 1,925.00",Deviating from 4.2.2 and 4.2.5 of the GCIS Catering and Entertainment policy,2024/11/29,2024/12/04,2024/12/06
1220,Q4 2024/25,2025/01/07,"Government Communication and Information System
(GCIS)","Motivation for Deviation from gcis Catering Policy to provide catering for
the KZN LGCF",The Taste Café & Catering,"R 1 4,400.00","Deviating from 4,2,2 of the GCIS catering and intertainment policy and paragraph 88,73 of theSCM
policy",2024/11/27,2024/11/28,2024/11/28
1221,Q4 2024/25,2025/01/07,"Government Communication and Information System
(GCIS)","Request approval to deviate from the normal Procurement process to
provide catering at the ERRP Dialoques in KZN","Ongenankinga Trading andAbadala Trading
&projects","R 3 3,250.00","Deviating from 4,2,2 of the GCIS catering and intertainment policy and paragraph 88,73 of theSCM
policy",2024/11/27,2024/11/28,2024/11/28
1222,Q4 2024/25,2025/01/08,"Land and Agricultural Development Bank of South Africa
(Land Bank)",Provision of GIS services for a period of 12 months,EnviroGIS,"R 1 19,600.00",Single source,2024/12/12,Not stated,Not stated
1223,Q4 2024/25,2025/01/08,Development Bank of Southern Africa (DBSA),"Emergency: Repair services for server room Emerson down blower HVAC
Unit",Jaroka Engineering (PTY) LTD,"R 4 8,007.33","Replacement to damaged units, system service and re-gassed",2025/01/07,2024/12/20,2024/12/20
1224,Q4 2024/25,2025/01/10,State Information Technology Agency (SITA),"Opearating lease agreement for SITA Middleburg Switching Centre rental
for a period of five years",Garden and Home Décor CC,"R 2 ,022,588.95",Renewal of lease agreement for business continuity.,2024/12/10,2025/02/01,2030/01/31
1225,Q4 2024/25,2025/01/14,"Commission for Conciliation, Mediation and Arbitration
(CCMA)",Replacement of the Director’s Pool Vehicle Key,BMW South Africa,"R 6 ,401.25",Single source,2025/07/01,Not stated,Not stated
1226,Q4 2024/25,2025/01/14,Media Development and Diversity Agency (MDDA),Professional membership fees,Institute of People Management (IPM),"R 2 ,239.20",Sole provider,21/10/2024,Not stated,Not stated
1227,Q4 2024/25,2025/01/14,Media Development and Diversity Agency (MDDA),Professional membership fees,Institute of Risk Management South Africa (IRMSA),"R 1 1,609.25",Sole provider,25/10/2024,Not stated,Not stated
1228,Q4 2024/25,2025/01/16,"Government Communication and Information System
(GCIS)",SAPS Capabilities Awareness Campaign,"Tractor Outdoor,JBC Media ,Alive Advertising ,
Primedia Outdoor , Benya Media","R 1 ,378,275.00",The medium selected will best meet the intended largest audience,,,
1229,Q4 2024/25,2025/01/16,"Government Communication and Information System
(GCIS)","Request to deviate from normal procurement process for the printing of the
programme for official funeral oservice of Professor Sibusiso Bengu",Inisha Moodley(Morgan Photo),"R 4 6,000.00",The medium selected will best meet the intended largest audience,2025/01/11,2025/01/10,2025/01/10
1230,Q4 2024/25,2025/01/16,"Government Communication and Information System
(GCIS)","Request to deviate from normal procurement procedure to appoint Dube
Electrical projects to supply and install power backup 5kw inveter with
battery to GCIS east London office",Dube eletrical projects,"R 4 4,680.00",The selected service provider has met the criteria required in terms of reference RFQ 019-2024/2025,2024/12/11,2025/01/11,2025/03/11
1231,Q4 2024/25,2025/01/20,Development Bank of Southern Africa (DBSA),"Emergency: Security Services to guard and patrol the adjecent land to
DBSA Campus",CKN Security Services,"R 3 54,509.86",Eminent security risk,2025/01/15,2025/01/15,2025/04/15
1232,Q4 2024/25,2025/01/22,Development Bank of Southern Africa (DBSA),Emergency: Repair services for Main Building Reception Counter,Makungo Construction and projects Specialist,"R 7 ,890.00",Emergency repairs to burning electrical cables due to overload.,2025/01/21,2025/01/21,2025/01/21
1233,Q4 2024/25,2025/01/22,Industrial Development Corporation (IDC),"Appointment of Kwantu Information Technology (Pty) Ltd as a sole provider
of payment and monitoring tool for social employment fund and basic
education employment initiative",Kwantu Information Technology (Pty) Ltd,"R 2 5,587,500.00","Kwantu Information Technology (Pty) Ltd was originally awarded a contract for the provision of payment
monitoring tool (Software licences, hosting, maintenance, support and training) for a period of three (3)
years following an open tender process in 2021. In the three (3) years of providing the service to IDC,
the Kwantu tool has had to undergo enhancements and iterations based on user feedback. As a result,
the Kwantu tool is now a very fit-for-purpose versatile tool that fits the IDC's needs uniquely. For
continuity, no other reasonable alternative or substitute exist pertaining to the intellectual property rights",2025/01/20,2025/04/01,2028/03/31
1234,Q4 2024/25,2025/01/27,Development Bank of Southern Africa (DBSA),Sole Source: Subsrcription Renewal,Lexis Nexis,"R 9 1,781.55",5-month approval for the renewal of the Procure-Check license agreement,2024/10/17,2024/11/01,2025/03/31
1235,Q4 2024/25,2025/01/23,Department of Employment and Labour (DEL),"Request approval for the renewal of the annual membership with the
professional body (CGISA)",Chartered Governance Institute of Southern Africa,"R 5 ,470.00",Renewalof membership with the proffessional body,2025/01/13,2025/01/13,2025/01/31
1236,Q4 2024/25,2025/01/28,Department of Employment and Labour (DEL),"Plumbing,and drying up of the office",Ntandoyenkosi Omuhle,"R 5 7,721.60",Emergency Situation,2025/01/27,Not stated,Not stated
1237,Q4 2024/25,2025/01/28,National Treasury,Subscription to Municipal IQ - December 2024,Municipal IQ,"R 3 00,135.55","Municipal IQ is a unique web-based data and intelligence service specialising in the monitoring and
assessment of all 257 Municipalities. Municipal IQ Measures the performance of SA municipalities on a
range of socio-economic and financial issues that reflect the reality of local government circumstances
and risks on the ground. Further, Municipal IQ actively compares, contracts, and ranks municipalities
against each other",2025/01/14,Not stated,Not stated
1238,Q4 2024/25,2025/01/28,National Treasury,"Request to procure And Change as a sole provider for the Prosci Change
Management Certification program with exam for two employees in the
office of the Accountant-General",And Change,"R 8 7,630.00","Prosci Change Management Program is a comprehensive, workshop-style program to learn how to
deploy a successful change initiative, working on your actual project, manage change on an individual
and organisational level with ADKAR model and your own change management program, And Change
is the sole provider and primary affiliate in Southern Africa",2025/01/27,Not stated,Not stated
1239,Q4 2024/25,2025/01/28,National Treasury,"RFQ625-2024: Request to appoint a service provider to be sourced outside
the normal procurement process",Inkanyezi Event Organisers,"R 2 6,875.50","Inkanyezi Event Organisers is a sole provider as the organiser of the Working World Career Exhibition
2025. The Working World Exhibition 2025 will be held at the Feather Market Center in Gqeberha on 18-
20 February 2025",2025/01/27,Not stated,Not stated
1240,Q4 2024/25,2025/01/28,Department of Employment and Labour (DEL),"Request approval for second opinion incapacity assessment to be paid by
the department",Alexander Forbes,"R 1 8,208.00",Second opinion for incapacity asessment,2025/01/06,2025/01/06,Not stated
1241,Q4 2024/25,2025/01/30,Department of Employment and Labour (DEL),White towelling fabric,Colibri Towelling,"R 8 4,000.00",Limited bidding,2025/01/25,2023/06/12,2025/03/31
1242,Q4 2024/25,2025/01/29,Independent Regulatory Board for Auditors (IRBA),Caseware Working Papers: additional annual Software licenses,Adapt IT Holdings Pty Ltd,"R 3 0,037.06",Sole source,29/01/2025,2025/01/02,2026/01/31
1243,Q4 2024/25,2025/01/29,"Government Communication and Information System
(GCIS)",DFFE Notice (Public notice cosultants),"Bokgamosa,Kwanza Communications,Pondolands
Times,Eastern Cape Province Community Print
Media,Empuma News","R 1 11,142.60",The medium selected will best meet the intended largest audience,2025/01/20,2024/12/26,2024/12/26
1244,Q4 2024/25,2025/01/29,"Government Communication and Information System
(GCIS)",DFFE (NFA regulations),"Arena,The Citizen,SABC","R 2 77,534.75",The medium selected will best meet the intended largest audience,2025/01/21,2024/12/27,2024/12/27
1245,Q4 2024/25,2025/01/29,"Government Communication and Information System
(GCIS)",GCIS Eastern Cape PLL Priority Campain,"Kumkani FM,Kingfisher FM, Mpuma Kapa TV","R 1 37,700.00",The medium selected will best meet the intended largest audience,2025/01/24,2025/01/25,2025/02/25
1246,Q4 2024/25,2025/01/29,"Government Communication and Information System
(GCIS)",DOJ Recruitment,Arena Holdings,"R 1 26,408.00",The medium selected will best meet the intended largest audience,2025/01/24,2025/01/26,2025/01/26
1247,Q4 2024/25,2025/01/29,"Government Communication and Information System
(GCIS)",Public notice ( extention Amendment to Regulation EPR),"Arena Holdings,Media24,Funduzi Media","R 5 4,786.00",The medium selected will best meet the intended largest audience,2025/01/24,2025/01/24,2025/01/26
1248,Q4 2024/25,2025/01/30,Department of Employment and Labour (DEL),Request to procure lock cylinders for Cape Town offices,Multi Locking Vehicle Tracking Security System,"R 1 40,608.00","Sole provider due to Security Matrix System used and risks associated with key control safety
measures at DEL.",2025/01/20,Not stated,Not stated
1249,Q4 2024/25,2025/01/30,Department of Employment and Labour (DEL),Request to procure gloral internal audit standards training.,Leadership Academy,"R 6 6,425.00",Leadership Academy is a Subsidiary of the professional body (IIASA),2025/01/24,2025/01/27,2025/01/28
1250,Q4 2024/25,2025/01/30,Department of Employment and Labour (DEL),Locksmith,Hurricane Locksmith,"R 6 ,800.00",the supplier is the sole in the city for the locksmith services,2024/10/01,2024/04/15,2024/04/15
1251,Q4 2024/25,2025/01/30,Department of Employment and Labour (DEL),Installation of water tank,Five star General Plumbing,"R 3 1,107.00","As Emergency procurement to ensure uninterupted operation of the Labour Centre as there was no
water.",2024/04/19,2024/04/23,2024/04/23
1252,Q4 2024/25,2025/01/30,Department of Employment and Labour (DEL),Advertisement,Bojonala FM,"R 9 ,200.00",The only community radio station for targeted audience,2024/08/10,2024/04/16,2024/04/16
1253,Q4 2024/25,2025/01/30,Department of Employment and Labour (DEL),Advertisement,MAfisa FM,"R 1 6,500.00",The only community radio station for targeted audience,2024/08/10,2024/10/23,2024/10/23
1254,Q4 2024/25,2025/01/30,Department of Employment and Labour (DEL),Manatainance of the Iqual system,Predicate Logistic,"R 6 2,354.33",Sole provider for Iqual system,2024/10/31,2024/11/18,2025/11/18
1255,Q4 2024/25,2025/02/03,"Land and Agricultural Development Bank of South Africa
(Land Bank)","Upgrading of the Oracle Forms & Reports from its current version, 12.2.1.3,
to a later release, 12.2.1.4.",Fikon Treasury and I.T. (Pty) Ltd,"R 8 0,250.00",Sole Source,2025/01/24,Not Stated,Not Stated
1256,Q4 2024/25,2025/02/03,"Land and Agricultural Development Bank of South Africa
(Land Bank)",Provision of Legal Services,"ATMD Attorneys
ENS
Haasbroek & Boezaart
Hajra Patel Inc
Lawtons Africa
Madhlopa & Thenga Inc",R -,Single Source,2025/01/30,Not Stated,Not Stated
1257,Q4 2024/25,2025/02/03,"Land and Agricultural Development Bank of South Africa
(Land Bank)",Provision of GIS technology,EnviroGIS,"R 1 ,196,000.00",Single Source,2025/01/30,Not Stated,Not Stated
1258,Q4 2024/25,2025/02/05,Independent Regulatory Board for Auditors (IRBA),"PMG Subscription to Premium Content Committees: Employment &
Labour, Finance & Trade, Industry & Competition",Parliamentary Monitoring Group PMG,"R 8 ,395.00",Sole Source,2025/04/02,2025/05/02,2026/04/02
1259,Q4 2024/25,2025/02/04,Department of Employment and Labour (DEL),Fabric Bathtowels,Colibri Towelling,"R 4 ,200,000.00",Limited bidding,2025/02/04,2023/06/12,2025/03/31
1260,Q4 2024/25,2025/02/04,Department of Employment and Labour (DEL),Fabric Blanket Wool Type 13,Ahlesa Home Pty Ltd,"R 4 ,082,500.00",Limited bidding,2025/01/30,2023/06/08,2025/03/31
1261,Q4 2024/25,2025/02/04,Department of Employment and Labour (DEL),Fabric Cellular blanket white,Hextex Industries (pty)Ltd,"R 2 ,200,000.00",Limited bidding,2025/01/30,2023/06/08,2025/03/31
1262,Q4 2024/25,2025/02/04,Department of Employment and Labour (DEL),Fabric Sheeting fabric,Da Gama Textiles,"R 1 8,281,090.00",Limited bidding,2025/02/04,2023/06/12,2025/03/31
1263,Q4 2024/25,2025/02/07,Development Bank of Southern Africa (DBSA),Sole Source: 2025 Business Day Water Sector Publication,Arena Holding,"R 3 7,375.00","Advertising in a specialised water sector publication. This edition will focus on water management,
municipal water loss prevention, water reuse and technological innovation in the water sector",2025/02/03,2025/03/01,2025/03/01
1264,Q4 2024/25,2025/02/07,Development Bank of Southern Africa (DBSA),"Single Source: Lenders’ Technical Advisor On Trans-Caledon Tunnel
Authority (“Tcta”) Vaal River System (“Vrs”) Lesotho Highlands Water
Project Phase 2 (“Lhwp-2”)",WSP Group,"R 1 7,365,494.50","Continuity of work as WSP Group was originally appointed as the LTA on the Project by the NDB in
2018.",2025/02/06,2025/02/12,2030/05/12
1265,Q4 2024/25,2025/02/10,"Government Communication and Information System
(GCIS)",GCIS Recruitment week 5 2025,"Media24,Arena Holdings and Fundudzi Media","R 8 6,848.00",The medium selected will best meet the intended largest audience,2025/01/31,2025/02/02,2025/02/02
1266,Q4 2024/25,2025/02/10,"Government Communication and Information System
(GCIS)",DFFE (The protection of wild abelone),Arena Holdings and Media 24,"R 3 6,466.50",The medium selected will best meet the intended largest audience,2025/01/31,2024/02/03,2024/02/03
1267,Q4 2024/25,2025/02/10,"Government Communication and Information System
(GCIS)",KZN Foodbourn Illness,"Intokozo FM, Izwi lomzansi ,Good news ,Inandi ,
Vibe ,Highway,Siyathuthuka,Radio khwezi ,North
coast Radio ,Icora FM,Hit FM,Nguna FM,Abaqulusi
FM , Nongoma FM , Nqubeko , Umgungundlovu","R 1 30,833.25",The medium selected will best meet the intended largest audience,2025/02/04,2025/02/05,2025/03/05
1268,Q4 2024/25,2025/02/10,"Government Communication and Information System
(GCIS)",GCIS GBVF Boy Child,"IFM,Ingwane,Isajonisi Youth Radio,Khululeka
FM,Link FM,Mbhashe FM,Ngubela community
radio,Oasis FM,Radio Kingfisher,Abagulusi
community radio,Highway radio,Hit
FM,ICORA,Intokozo FM,Izwi Lomanzi,KZN
FM,Megazone FM, NN Community Radio,Nongoma","R 3 52,000.00",The medium selected will best meet the intended largest audience,2025/02/04,2025/02/05,2025/02/05
1269,Q4 2024/25,2025/02/10,"Government Communication and Information System
(GCIS)",Food Bourne illness JCPS Cluster,"Kwanza communication,pondolands,Zinkonji
communications,Empuma news","R 6 65,841.28",The medium selected will best meet the intended largest audience,2025/02/05,2025/02/10,2025/02/20
1270,Q4 2024/25,2025/02/10,"Government Communication and Information System
(GCIS)","DFFE (Issuing of rights,permits and licence & small scale fishing sector)",Arena Holdings (sowetan and Business day),"R 8 3,720.00",The medium selected will best meet the intended largest audience,2025/02/07,2025/02/09,2025/02/09
1271,Q4 2024/25,2025/02/10,"Government Communication and Information System
(GCIS)",DOJ recruitment week 5,Arena Holdings(Sunday Times),"R 5 0,563.20",The medium selected will best meet the intended largest audience,2025/02/07,2025/02/09,2025/02/09
1272,Q4 2024/25,2025/02/10,"Government Communication and Information System
(GCIS)","Motivation for deviation to provide catering for the State of the Nation Live
viewing event PLL Northern Cape",Doreen Catherine Forbes,"R 2 0,000.00",The recommended sevice provider will best provide the required service,2025/02/05,2025/02/06,2025/02/06
1273,Q4 2024/25,2025/02/10,Department of Employment and Labour (DEL),"Utilisation of the boardwalk hotel, casino and convention ventre in
Qheberha for the 1st G20 employment working group (EWG) meeting from
18-21","Boardwalk hotel, Casino& convention centre","R 8 ,815,806.33",Best value for money,2025/02/07,2025/02/18,2025/02/21
1274,Q4 2024/25,2025/02/10,Department of Employment and Labour (DEL),"The deviation from the normal procurement processes and appoint
Supported Employment Enterprises (SEE) to supply, deliver and fully
assembled office furniture",Supported Employment Enterprises,R -,Entity for the department,2025/02/04,Not stated,Not stated
1275,Q4 2024/25,2025/02/10,Department of Employment and Labour (DEL),Request for approval to deviate on nlabour economics,Nelson Mandela University,"R 2 ,364,000.00",Other univesities were not willing,2025/02/07,Not stated,Not stated
1276,Q4 2024/25,2025/02/10,Department of Employment and Labour (DEL),Procurement of the printing OMR answer sheets,CSX Customer Services (Pty) Ltd,"R 2 68,842.40",Sole provider,2025/02/03,Not stated,Not stated
1277,Q4 2024/25,2025/02/10,Department of Employment and Labour (DEL),"Request for approval to utilise Supported Employment Enterprises for the
procurement of promotianal items",Supported Employment Enterprises,"R 2 34,031.12",To showcase its talents,2025/02/06,2025/02/18,2025/02/21
1278,Q4 2024/25,2025/02/10,Financial Intelligence Centre (FIC),"Request to appoint Altron Digital Business on a single source basis to
continue providing support services on the custom-build CMAS, CDP and
BI software solutions for a period of twelve (12) months from 1 April 2025 to
31 March 2026",Altron Digital Business,"R 2 ,081,495.40",####################################################################################,2025/02/05,2025/04/01,2026/03/31
1279,Q4 2024/25,2025/02/11,State Information Technology Agency (SITA),"Supplier for carrier neutral environment and direct connect partner for a
period of two years with an option to renew for a period of one year",Teraco Data Environments,"R 4 ,250,464.78",The replacemnet tender process was not successful.,2024/11/11,2025/02/01,2027/02/28
1280,Q4 2024/25,2025/02/11,"Department of Communications and Digital
Technologies (DCDT)",Catering,Maribelo,"R 3 6,512.50","Urgent case
Village Green is the Sole Provider of the National Arts Festival",2025/01/27,2025/01/27,2025/01/31
1281,Q4 2024/25,2025/02/12,National Treasury,"Request to appoint a service provider to be sourced outside the normal
procurement process as a sole provider of the national Arts Festival 2025",Village Green,"R 8 ,165.00",,2025/02/07,Not stated,Not stated
1282,Q4 2024/25,2025/02/12,"Independent Communications Authority of South Africa
(ICASA)",Teammate,Wolters Kluwer Tax and Accounting Southern Africa,"R 1 10,670.76",Sole supplier,2024/05/28,Not Stated,Not Stated
1283,Q4 2024/25,2025/02/12,"Independent Communications Authority of South Africa
(ICASA)",MS-PL300T00: Microsoft Power BI Data Analyst,Torque Technical Computer Training,"R 1 0,235.00",Less than three quotations received from the market,2024/10/18,Not Stated,Not Stated
1284,Q4 2024/25,2025/02/12,"Independent Communications Authority of South Africa
(ICASA)","Microsoft Power Apps (MS-PL400T00: Microsoft Power Platform
Developer)",Torque Technical Computer Training,"R 1 4,490.00",Less than three quotations received from the market,2024/09/18,Not Stated,Not Stated
1285,Q4 2024/25,2025/02/12,"Independent Communications Authority of South Africa
(ICASA)",File Shredding Software License- 3 Years,4IR HOLDINGS,"R 1 58,949.55",Less than three quotations received from the market,2024/09/27,2024/12/01,2027/11/30
1286,Q4 2024/25,2025/02/12,"Independent Communications Authority of South Africa
(ICASA)",Negotiations Skills Training,Enterprises University of Pretoria,"R 2 2,260.00",Less than three quotations received from the market,2024/10/10,Not Stated,Not Stated
1287,Q4 2024/25,2025/02/12,"Independent Communications Authority of South Africa
(ICASA)",Microphones for Parliementary interviews,RMM Transcriptions,"R 3 ,640.00",Urgent procrement,2024/12/12,Not Stated,Not Stated
1288,Q4 2024/25,2025/02/12,South African Revenue Service (SARS),Cape Town Warehouse,Growthpoint Properties,"R 4 8,919,388.85",Provision of warehouse space for the Cape Town region for a period of 5 years,2025/01/30,2025/05/01,
1289,Q4 2024/25,2025/02/13,Broadband Infraco,Emergency Security Services in KwaZulu Natal,National K9 Security services,"R 2 ,828,271.76",Emergency Security Services in KwaZulu Natal,2025/11/24,Not Stated,Not Stated
1290,Q4 2024/25,2025/02/13,Broadband Infraco,Emergency Security Services in Limpopo,Mamafha Security and Projects,"R 1 ,506,548.01",Emergency Security Services in Limpopo,2025/11/24,Not Stated,Not Stated
1291,Q4 2024/25,2025/02/13,Broadband Infraco,Emergency Security Services in Gauteng and North West,Azifani Security and Cleaning,"R 1 ,499,494.71",Emergency Security Services in Gauteng and North West,2025/11/24,Not Stated,Not Stated
1292,Q4 2024/25,2025/02/13,Broadband Infraco,Provision of IFRS Training Services,Altimax Pty Ltd,"R 5 0,600.00",Provision of IFRS Training Services,2025/11/24,Not Stated,Not Stated
1293,Q4 2024/25,2025/02/13,Broadband Infraco,Provision of CCNA Training and Exam,Mecer Int-Ed,"R 5 7,740.00",Single Source:Provision of CCNA Training and Exam,2025/11/24,Not Stated,Not Stated
1294,Q4 2024/25,2025/02/13,Broadband Infraco,Provision of CCNP Training and Exam,Torqu IT Pty Ltd,"R 2 32,530.00",Single Source: Provision of CCNP Training and Exam,2025/11/24,Not Stated,Not Stated
1295,Q4 2024/25,2025/02/13,Broadband Infraco,Appointment of event Management service provider,DINARE PROJECT DEVELOPMENT (PTY) LTD,"R 1 57,250.00","Deviation, less than 3 quotes received.",2025/11/24,Not Stated,Not Stated
1296,Q4 2024/25,2025/02/13,Broadband Infraco,"Appointment of Service Provider to provide Could-Based and VoIP Solution
On the the USAASA phase 3 project in DR RUTH SEGOMOTSI MOMPATI
DISTRICT",BOLEAN SOLUTIONS (PTY) LTD,"R 1 2,376,875.00",Closed Bid: Appointment of Service Provider to provide Could-Based and VoIP Solution in KZN,2025/11/24,Not Stated,Not Stated
1297,Q4 2024/25,2025/02/13,Broadband Infraco,"Appointment of Service Provider to provide Could-Based and VoIP Solution
On the the USAASA phase 3 project in DR RUTH SEGOMOTSI MOMPATI
DISTRICT",Bawula's Group,"R 1 ,220,472.00",Closed Bid: Appointment of Service Provider to provide Could-Based and VoIP Solution in KZN,2025/11/24,Not Stated,Not Stated
1298,Q4 2024/25,2025/02/13,Broadband Infraco,Provision of Internal Audit Training,Institute of Internal Auditors South Africa,"R 1 0,912.35",Single Source appointment of Service provider,2025/11/24,Not Stated,Not Stated
1299,Q4 2024/25,2025/02/13,Broadband Infraco,"Appointment of Service Provider for competitor analysis of the National
Long Distance (“NLD”) pricing, including metros for a period not exceeding
two (02) months.",BMI TECHKNOWLEDGE GROUP,"R 7 9,810.00",Single Source appointment of Service provider,2025/12/24,Not Stated,Not Stated
1300,Q4 2024/25,2025/02/13,Broadband Infraco,Appointment of Service Provider toreview HR policies,Cliff Dekker Hofmeyr (CDH),"R 7 50,000.00",Single Source appointment of Service provider,2025/12/24,Not Stated,Not Stated
1301,Q4 2024/25,2025/02/13,Broadband Infraco,"Appointment of Service Provider to deploy 1300 Community Hotspots in
KZN for 24 months",Mthinte,"R 1 ,840,000.00",Limited Bidding,2025/12/24,Not Stated,Not Stated
1302,Q4 2024/25,2025/02/13,Broadband Infraco,"Appointment of Service Provider to deploy 1300 Community Hotspots in
KZN for 24 months",Kakayo Business Solutions,"R 1 ,840,000.00",Limited Bidding,2025/12/24,Not Stated,Not Stated
1303,Q4 2024/25,2025/02/13,Broadband Infraco,"Appointment of Service Provider to deploy 1300 Community Hotspots in
KZN for 24 months",Green G Technologies,"R 1 ,840,000.00",Limited Bidding,2025/12/24,Not Stated,Not Stated
1304,Q4 2024/25,2025/02/13,Broadband Infraco,"Appointment of Service Provider to deploy 1300 Community Hotspots in
KZN for 24 months",Braincell Projects,"R 1 ,955,000.00",Limited Bidding,2025/12/24,Not Stated,Not Stated
1305,Q4 2024/25,2025/02/13,Broadband Infraco,Emergency Security Services in Eastern Cape,Likunga Security Services,"R 4 60,813.65",Emergency Security Services in Eastern Cape,2025/11/24,Not Stated,Not Stated
1306,Q4 2024/25,2025/02/13,Department of Employment and Labour (DEL),Renewal and Maintenance of Iqual licence,Predicate Logistics,"R 1 00,429.33",Renewal and Maintenance,2024/08/07,Not Stated,
1307,Q4 2024/25,2025/02/17,Department of Home Affairs (DHA) For t,he provision of security guarding services in the North West and Limpopo pro,vince Mafoko Security Patrols (Pty) Ltd,"R 3 ,638,915.25","To ensure protection of the Department assets, information and personal whilst funds and being sought
for the appointment of a new service provider",2025/02/14,2025/02/01,
1308,Q4 2024/25,2025/02/17,National Treasury,"Request to procure Leadership Academy for Guardians of Governance as a
sole provider for performing effective quality assessment training for
employees in the Office of the Director-General within the Internal Audit
Chief Directorate",Leadership Academy,"R 6 0,955.75",Leadership Academy is the Sole Provider for the CPD Training,2025/02/14,Not Stated,Not Stated
1309,Q4 2024/25,2025/02/20,"Government Communication and Information System
(GCIS)",Information Regulator South Africa,"Media24,Arena Holdings and Fundudzi Media","R 1 50,194.05",The medium selected will best meet the intended largest audience,2025/02/07,2025/02/09,2025/02/09
1310,Q4 2024/25,2025/02/20,"Government Communication and Information System
(GCIS)",CSP DPCI Awareness Campaign,MSG Group Sales,"R 1 17,300.00",The medium selected will best meet the intended largest audience,2025/02/07,2024/02/11,2024/02/11
1311,Q4 2024/25,2025/02/20,"Government Communication and Information System
(GCIS)",CSP Recruitment,Arena Holdings and Media24,"R 2 04,709.00",The medium selected will best meet the intended largest audience,2025/02/07,2025/02/08,2025/02/08
1312,Q4 2024/25,2025/02/20,"Government Communication and Information System
(GCIS)",Foodbourne Illness Campaign,"Alfred Nzo,Ekhephini Fm,Ingwane FM,Isajonisi Youth
Radio,Kouga FM,Link Inkojane FM ,IFM,
Kumkani,Mbashe,Radio Kingfisher,Abagulusi
community radio,Good news community radio,Highway
radio,hit fm,inanda fm,Izwi Lomanzi,KZN FM,Megazone
fm,NN Community radio,NongomaFM,North","R 9 24,000.00",The medium selected will best meet the intended largest audience,2025/02/11,2025/02/12,2025/02/12
1313,Q4 2024/25,2025/02/20,"Government Communication and Information System
(GCIS)",Multimedia Campaign (UIF Benefits)TV,"SABC,ETV(eTV),eSAT TV(eNCA),DSTV Media
Sales(Mzanzi Wethu,Newsroom Afrika)","R 2 ,849,699.80",The medium selected will best meet the intended largest audience,2025/02/13,2025/02/17,2025/04/15
1314,Q4 2024/25,2025/02/20,"Government Communication and Information System
(GCIS)",GBVF Northern Cape Community Radio Memo,Revival and Radio NFM,"R 3 6,000.00",The medium selected will best meet the intended largest audience,2025/02/13,2025/02/14,2025/02/14
1315,Q4 2024/25,2025/02/20,"Government Communication and Information System
(GCIS)",DWS 30 Years of Celebration Campaign,"SABC,ETV(eTV),eSAT TV(eNCA),DSTV Media
Sales(Mzanzi Wethu,Newsroom Afrika)","R 1 ,999,999.99",The medium selected will best meet the intended largest audience,2025/02/14,2025/02/17,2025/03/10
1316,Q4 2024/25,2025/02/20,"Government Communication and Information System
(GCIS)",G20 (Summit Community Radio Addendum),"Ingwane,Kumkani,Rhodes,Inanda,Rise,Ugu,Sedibeng,
Westbury,Cape
Pulpit,Worcester,Botlokwa,Moletsi,Univen,Life,Kgatleng
,Mahikeng,Mmabatho,KSFM,Metsimaholo and Thenga.","R 5 20,000.00",The medium selected will best meet the intended largest audience,2025/02/14,2025/02/15,2025/02/15
1317,Q4 2024/25,2025/02/20,"Government Communication and Information System
(GCIS)","Request for Deviation from the GCIS SCM Policy of obtaining three
Quotation and proceed with one quotation for alarm monitoring system",4Realtech,"R 9 ,490.00",The recommended sevice provider will best provide the required service,2025/02/21,2025/02/22,2025/02/22
1318,Q4 2024/25,2025/02/20,Department of Employment and Labour (DEL),Training of staff,Predicate logistics,"R 7 ,128.00",Sole supplier of iQual system,29/01/2025,Not Stated,Not Stated
1319,Q4 2024/25,2025/02/20,Department of Employment and Labour (DEL),Procurement of venues and facilities,Ngwenya hotel,"R 9 2,400.00",Use of external venue for PES Strategic Workshop,2025/11/02,Not Stated,Not Stated
1320,Q4 2024/25,2025/02/20,National Treasury,"Request to procure AndChange as a sole provided for the Prosci Change
Management Certification Program with Exam for Ms Magoro within
Corporate Services Division",AndChange,"R 4 3,815.00",AndChange as a sole provided for the Prosci Change Management Certification Program with Exam,2025/02/18,Not Stated,Not Stated
1321,Q4 2024/25,2025/02/20,National Treasury,"Request for approval to pay a service provider for expenses incurred on the
emergency procurement for repairs to 40 Church Square, main gate",Emthunzini Airconditioning and Refregiration,"R 1 2,972.00","On 12 January 2025, Facilities Management received a call from security peronnel stationed at 40
Church Square control room reporting that the main entrance gate at 40 Church square was non-
functional. A call was logged with DPWI but they did not dispatch a service provider and at 21:30 the
minister's security arrived on site to retrieve the ministers vehicle and were unable to due to the
maingate breakdown. Due to the urgency of the situation, Emthunzini Airconditioning and Refrigeration
were contacted to attend to the situation and the matter was resolved",2025/02/19,Not Stated,Not Stated
1322,Q4 2024/25,2025/02/21,"Department of Communications and Digital
Technologies (DCDT)",Membership fees,South African institute of electrical engineers,"R 2 ,929.00",Sole source,2025/02/18,2025/02/19,2025/12/31
1323,Q4 2024/25,2025/02/21,"Department of Communications and Digital
Technologies (DCDT)",Membership fees,South African Institute of electrical engineers,"R 3 ,222.00",Sole source,2025/02/18,2025/02/19,2025/12/31
1324,Q4 2024/25,2025/02/21,"Department of Communications and Digital
Technologies (DCDT)",Membership fees,South African Institutes of electrical engineers,"R 3 ,222.00",Sole source,2025/02/18,2025/02/21,2026/02/20
1325,Q4 2024/25,2025/02/21,Postbank,Legal Services for 12 months,Bowmans,"R 8 ,000,000.00",Single source,2024/09/12,Not Stated,Not Stated
1326,Q4 2024/25,2025/02/21,Postbank,370 Laptops once-off,Mastomax,"R 7 ,911,614.00",Urgent procurement,2024/12/04,Not Stated,Not Stated
1327,Q4 2024/25,2025/02/21,Postbank,850 Pax A35 Pin Pads once-off,Altron,"R 5 ,792,503.50",Single source,2024/12/04,Not Stated,Not Stated
1328,Q4 2024/25,2025/02/21,Postbank,850 Handheld barcode scanners one-off,Maphara Trading,"R 2 ,414,000.00","Quotations not within the prescribe threshold for shortage of barcode scanners for Card Replacement
Project",2024/12/18,Not Stated,Not Stated
1329,Q4 2024/25,2025/02/21,Postbank,750 biometric devices once-off,Maphara Trading,"R 5 ,985,500.00","Quotations not within the prescribe threshold for shortage of barcode scanners for Card Replacement
Project",2024/12/18,Not Stated,Not Stated
1330,Q4 2024/25,2025/02/21,Postbank,Bloemfontein office lease 8 months,The Michael Family Trust,"R 3 ,124,536.96",Single source,2024/12/20,Not Stated,Not Stated
1331,Q4 2024/25,2025/02/21,Postbank,300 laptops once-off,Mastomax,"R 5 ,733,900.00",Urgent procurement,2025/02/19,Not Stated,Not Stated
1332,Q4 2024/25,2025/02/25,"Government Communication and Information System
(GCIS)","Public Notice(Foreign Fishing Vessels,Offshore Bunkering & Ranching
concession",Fundudzi Media,"R 6 3,652.50",The medium selected will best meet the intended largest audience,2025/02/20,2025/02/23,2025/02/23
1333,Q4 2024/25,2025/02/25,"Government Communication and Information System
(GCIS)",GCIS Post SONA TV Campaign,SABC,"R 8 68,999.00",The medium selected will best meet the intended largest audience,2025/02/20,2024/02/23,2024/03/07
1334,Q4 2024/25,2025/02/25,"Government Communication and Information System
(GCIS)",UIF Multimedia campaign(UIF Benefits campaign),"BEMAS,The Citizens and Fundudzi Media","R 6 43,549.07",The medium selected will best meet the intended largest audience,2025/02/20,2025/02/12,2024/03/15
1335,Q4 2024/25,2025/02/25,"Government Communication and Information System
(GCIS)","Request to deviate from GCIS SCM policy to Provide catering for the Free
State Fezile District Development Model Communication Strategy and
Stakeholder engagement Plan Development workshop",MKG Partners PTY LTD,"R 7 ,130.00","The recommended suppliers quoted more than the recommended capped amount ,which is R100 per
head in terms of GCIS Catering policy",2025/02/19,2025/02/24,2025/02/24
1336,Q4 2024/25,2025/02/25,"Government Communication and Information System
(GCIS)",Risk Champions Training,Institue of Risk Management South Africa,"R 1 55,091.30",The recommended service provider is a Sole service provider,2025/02/20,2025/02/24,2025/02/24
1337,Q4 2024/25,2025/02/25,South African Revenue Service (SARS),HVAC Lehae La SARS Chillers,Service First GP (Pty) Ltd,"R 4 ,567,224.31","Maintenance of HVAC Chillers at Lehae La SARS for a period of five (5) years, starting from 1 March
2025 to 28 February 2030.",2025/02/24,2025/03/01,2030/02/28
1338,Q4 2024/25,2025/02/25,Development Bank of Southern Africa (DBSA),Sole Source: Schinler Elevator/Lifts,Schindler,"R 8 29,329.07",Maintenance services for period of three years with OEM,2025/02/11,2025/02/15,2028/02/14
1339,Q4 2024/25,2025/02/25,South African Revenue Service (SARS),"Deviation to appoint the current Sizwe subcontractors: Orange
Cyberdefense South Africa for penetration test (Security Assessment) on a
month-to-moth for period of twelve (12 months). The subcontractors will be
appointed on a month to month for a period of twelve (12 months), at an
amount of R 20 000 000.00 VAT Inclusive subject to budget availability",Orane Cyberdefense South Afruca R,"R 2 0,000,000.00",Single Source (Limited Bid),2025/02/12,2025/02/12,2026/02/11
1340,Q4 2024/25,2025/02/26,National Treasury,"Deviation Request to appoint GCIS to run a Community Radio Campaign
for the 2025 Budget Speech and G20 Finance Track",GCIS,"R 3 00,000.00","GCIS provides value for money and secures better rates with community radio stations. The community
radio platform is identified as one of the quickest ways to disseminate information, as people have
access to it even on their mobile phones",2025/02/19,Not Stated,Not Stated
1341,Q4 2024/25,2025/02/26,Independent Regulatory Board for Auditors (IRBA),The next manager training programm,"Gordon institute of business science GIBS, a
division of the university of pretoria.","R 2 0,500.00",Single source,2025/02/20,Not Stated,Not Stated
1342,Q4 2024/25,2025/02/28,Department of Employment and Labour (DEL),"Request approval for deviation of emergency procurement at atlantiss-
Plumbing",Electrical and building distributorutors (Pty) Ltd,"R 6 ,382.50",Emergency procurement for plumbing services at Atlantis office,2025/01/21,2025/01/21,2025/01/21
1343,Q4 2024/25,2025/02/28,Statistics South Africa (Stats SA),SmartGov Eleave lincences,Boxfusion,"R 2 ,511,340.77",Still awaiting National Treasury to finalise IFMS process,2024/12/12,2024/12/18,2025/12/17
1344,Q4 2024/25,2025/03/03,Independent Police Investigative Directorate (IPID),"Request for installation of lockebie security roller shutter cover for two IPID
Toyota Hilux for investigation purposes.",Max IT Technologies,"R 9 5,000.00","No sufficient response to RFQ for the third time, IPID was in needed of the service installation of lid
roller shutter for the two Toyota Hilux, therefore proceeded after receiving only two responses to the
RFQ.",2025/02/19,2025/02/19,Not Stated
1345,Q4 2024/25,2025/03/03,National Treasury,"Request for deviation from the standard procurement procedures on the
basis of single source of service providers for appointment and
remuneration service providers to allow for the undertaking of effective
campaigning for the 2025 African Development Bank Presidency","Media Collateral Company, Prof Thandeka C
Nkwane, Thandeka Ngangelizwe, Sehela Nkanz","R 2 ,309,938.00","Campaigning for the 2025 African Development Bank. The campaign requires highly specialised
service providers with expertise in international diplomacy, media relations, and economic policy.
These providers must be able to respond immediately to evolving circumstances, deploy administrative
support efficiently, and manage a multifaceted campaign involving multiple stakeholders.",2025/02/28,Not Stated,Not Stated
1346,Q4 2024/25,2025/03/03,National Treasury,"To request approval for catering for the Provincial Accountants General
(PAG) forum at the Development Bank of South Africa (DBSA)",The Luncheon,"R 3 4,983.00","Due to the cost containment constraints, OAG has approached government departments and entities as
well as state-owned entities to provide facilities for the sessions, without any cost. The Development
Bank of South Africa (DBSA) has confirmed the availability of its conference facilities to host the OAG
for two days. The DBSA does not allow external service providers to provide catering services in their
conference centers as they already have internal and onsite service providers in place.",2025/02/28,Not Stated,Not Stated
1347,Q4 2024/25,2025/03/03,National Treasury,"Request for approval to deviate and advertise to solicit proposals for a
panel of international experts through a closed bidding process: advertise
for a panel of domestic corporate legal experts for the national treasury for a
period of three years; extend the domestic legal panel for a period of up to
six months; and include these projects in the 2025/26 procurement plan","Allen & Overy LLP, White and Case LLP, Arnold &
Porter LLP, Clifford Chance, Clearly Gorrlieb &
Hamilton LLP, Linklaters LLP, Shearman & Sterling
LLP and Norton Rose",R -,"The corporate legal experts to be appointed on the international panel must have thorough knowledge
of workings of the United States Securities and Exchange Commission and must be registered and
have a right to practice in the New York bar and the specialised area of international debt capital
markets",2025/02/28,Not Stated,Not Stated
1348,Q4 2024/25,2025/03/03,Border Management Authority (BMA),Appointment of law firm to represent BMA in a counrt matter,A Vilakazi and Associates,"R 2 20,000.00",Urgent Case,2025/02/10,2025/02/10,Not Stated
1349,Q4 2024/25,2025/03/03,Development Bank of Southern Africa (DBSA),Emergency: Diesel for stand by generator,Jumbathela Oil and Gas Energy,"R 2 5,050.35",Emergency due to business continuity,2025/02/27,2025/02/27,2025/02/27
1350,Q4 2024/25,2025/03/03,Development Bank of Southern Africa (DBSA),"Emergency: Repair of damaged fuel pipes, cut off system and cleaning
diesel due to pipe burst",QOS Consulting CC,"R 1 4,585.45",Emergency repairs due to generator spillage,2025/02/27,2025/02/27,2025/02/27
1351,Q4 2024/25,2025/03/04,South African Revenue Service (SARS),"Provision of the venue hire, food, beverages, and related services by Cape
Town International Convention Centre Company (RF) SOC LTD from 05
April to 10 April 2025.","Cape Town International Convention Centre
Company (RF) SOC LTD","R 4 ,996,099.46",Single source (Limited bid),2025/02/27,2025/04/05,2025/04/10
1352,Q4 2024/25,2025/03/05,"Independent Communications Authority of South Africa
(ICASA)",Facilitation of the strategic planning session,Vision Active,"R 1 89,750.00",Less than 3 quotations obtained from the market,2025/02/18,Not Stated,Not Stated
1353,Q4 2024/25,2025/03/05,"Government Communication and Information System
(GCIS)",DPCI Awareness campaign,SABC and Radio Zibonele,"R 1 20,000.00",The medium selected will best meet the intended largest audience,2025/02/25,2025/03/15,2025/03/15
1354,Q4 2024/25,2025/03/05,"Government Communication and Information System
(GCIS)",UIF Multimedia campaign(UIF Benefits campaign) Commercial radio,"Mediamark,Mophuthing media,MSG Group
sales,Primedia Broadcasting,Radio Gagazsi,SABC
Radio,United Stations,Yired FM","R 2 ,927,794.33",The medium selected will best meet the intended largest audience,2025/02/25,2024/02/25,2024/04/15
1355,Q4 2024/25,2025/03/05,"Government Communication and Information System
(GCIS)",Launch of Pampierstad small claims Court,SABC Radio and Revival FM,"R 2 88,000.00",The medium selected will best meet the intended largest audience,2025/02/25,2025/02/27,2024/03/03
1356,Q4 2024/25,2025/03/05,"Government Communication and Information System
(GCIS)",Government priority campaign2024/25(Boy Child),SABC,"R 1 ,121,677.23",The medium selected will best meet the intended largest audience,2025/02/27,2025/02/27,2025/02/28
1357,Q4 2024/25,2025/03/05,"Government Communication and Information System
(GCIS)",UIF Multimedia campaign(UIF Benefits campaign)ADDENDUM,"Arena Holdings(Sunday times,sowetan)","R 3 22,411.47",The medium selected will best meet the intended largest audience,2025/02/27,2025/03/02,2025/04/15
1358,Q4 2024/25,2025/03/05,"Government Communication and Information System
(GCIS)",National Priority campaign MTEF 2025-ERRP(Rural and Township),"Alfred Nzo,Ekhepini FM,Engcobo community
Radio,IFM,Ikhala FM,Inkonjane community
Radio,isajonisi youth Radio,Khululeka FM,Kouga
FM,Mbhashe FM,Ngqushwa community
Radio,Nkgubela community radio,Radio
Kingfisher,Abusekho Ubunzima,Abaqulusi","R 6 32,000.00",The medium selected will best meet the intended largest audience,2025/02/27,2025/02/27,2025/02/27
1359,Q4 2024/25,2025/03/05,"Government Communication and Information System
(GCIS)",Addendum GBVF Boy Child,"Alfred Nzo ,Ekhephini , Engcobo , Kouga ,Abusekho
,Inanda,Capital Live,Eastwave ,Umphakathi,7441
FM,MFM ,Namakwaland,Radio
KC,VoC,Whalecoast
Worcester,Bushbuckridge,Blouberg,Botlokwa,Joura
dio,makhado,Mokopane,Moletsi,Mphahlele,Radio","R 3 36,000.00",The medium selected will best meet the intended largest audience,2025/02/28,2025/02/28,2025/02/28
1360,Q4 2024/25,2025/03/05,"Government Communication and Information System
(GCIS)",DOJ Recruitment,Arena Holdings(Sunday times),"R 1 54,849.80",The medium selected will best meet the intended largest audience,2025/02/28,2025/03/02,2025/03/02
1361,Q4 2024/25,2025/03/05,"Government Communication and Information System
(GCIS)",The launch of Dimbaza Magistrate Court Campaign,SABC and Kumkani,"R 4 03,000.00",The medium selected will best meet the intended largest audience,2025/03/03,2025/03/04,2025/03/04
1362,Q4 2024/25,2025/03/05,"Government Communication and Information System
(GCIS)","Request approval of catering for portfolio committee oversight visit to GCIS
head office on Wednesday,26 february2025",Thato ya Popi PTY,"R 1 1,250.00","Deviation of the GCIS catering and entertainment policy ,Lowest acceptable quote was charging more
than R100 per person",2025/02/25,2025/02/25,2025/02/25
1363,Q4 2024/25,2025/03/07,Independent Police Investigative Directorate (IPID),Affiliation fees 2025,Athletics Gauteng North,"R 1 ,300.00",Annual membership fee,2025/02/25,2025/03/01,2026/03/31
1364,Q4 2024/25,2025/03/07,Film and Publication Board (FPB),GTAC- Provision of technical and advisory services for Revenue Enhancemen,t Durban Film Mart,"R 4 98,581.00",Normal deviation,2025/02/28,2025/03/03,2025/03/31
1365,Q4 2024/25,2025/03/07,"Commission for Conciliation, Mediation and Arbitration
(CCMA)",Membership Fees,Public Relations Institute of Southern Africa (PRISA),"R 2 ,420.00",It is impractical to obtain three quotations for membership fees.,2025/02/26,Not Stated,Not Stated
1366,Q4 2024/25,2025/03/07,"Commission for Conciliation, Mediation and Arbitration
(CCMA)",Membership Fees,"South African Institute of Professional Accountants
(SAIPA).","R 8 ,371.57",It is impractical to obtain three quotations for membership fees.,2025/02/26,Not Stated,Not Stated
1367,Q4 2024/25,2025/03/07,Sasria SOC Ltd,Supply and Maintenance of Managed Access Links and Internet Breakout Lin,k Vox Telecommunications (Pty) Ltd,"R 2 22,180.96","Sasria utilizes the links for internet services to access services which include, amongst others,
corporate cloud applications, email services, hosted VoIP PBX services, video conferencing, internet
browsing etc. The decision to proceed with single-source procurement is based on the following key
factors:Business Continuity, Core Business Requirement: Managed Internet Services are essential for
the day-today operations of the business.Risk Mitigation and Service Delivery: To mitigate the risk of
operational disruptions and ensure seamless service delivery, it is critical to maintain the current",2025/02/03,2025/02/03,2025/07/31
1368,Q4 2024/25,2025/03/07,Sasria SOC Ltd,Signing hub Licenses,"Altron Security, Adivision of Altron TMT","R 1 05,975.90","The Digital Signature Solution provides Sasria employees with getting documents signed and
completed electronically ect. In 2022 LawTrusted Third party services was appointed through a sole
source process and it the contract expired in February 2024. The contract was extended for additional
12 months expiring in February 2025. The procurement process for establishing a new contract is yet to
be finalised, with the evaluation phase completed and the service provider selection underway.",2025/02/25,2025/03/01,2025/05/31
1369,Q4 2024/25,2025/03/07,Sasria SOC Ltd,Payspace Software for Payroll Services,Deel Software Solutions (Pty) Ltd,"R 3 26,461.90","Payspace Software enables People Management to process salaries for all Sasria employees on a
monthly basis. Payroll Management services is a core requirement of the business to continue to fulfil
its contractual and other legal obligations to employees. The plan is to replace HR system within a year
and this will be dependable of the complexity of the specification documented, recources availablity and
Sasria’s processes and the replacement of the solution requires at least 6 months to ensure
procurement process is complete and to accommodate system implementation",2025/03/03,2025/03/03,2026/02/28
1370,Q4 2024/25,2025/03/10,Statistics South Africa (Stats SA),Microfocus (Opentext licences),Axiz,"R 8 ,884,718.65",Sole supplier,2025/02/28,2025/04/01,2026/03/31
with specia1li3z7e1d knowled,"ge in tax, fQin4a n2c0e2, 4b/2a5nking, fund","flows, a2n0d2 p5u/0b3li/c1 1legislati",on. Such an expert mNuastti opnoasls Tersesa esxutreynsive experience wit,"Approval of deviation from SCM processes and appointing Ismail Momoniat
as a single source service provider to assist in leading the South African
hin thed peulebglica tsioenc ttoor ,e pnasurtriceu tlhaerl yc oaucnrotrsys c tahne ejuxsitt itchee aFnAdT eFc Gonreoymsicca clilnugs,t ers, as
preparations for the next FATF mutual evaluation process and assisting in
related anti-corruption measures",well as within relevIsamnta pil oMlicoym doenpiaatrtments. Additiona,"lly,R s t r o n g n e g o t i a t i o n s k i2l l,s5 0a4n,d0 0re0c.0o0gn",ition as an authority in the field are critical. Mr. Momoniat brings over 23 years of public sector experience,"to this role, p2r0e2d5o/0m3i/n0a7ntly at the N",ational TNreoat sSutrayt.e Hd e has se,rved as theN Doti rSetcatoterd G eneral of
1372,Q4 2024/25,2025/03/12,South African Revenue Service (SARS),"Psychometric assessment credits and services for in-house psychometric
assessment of all bargaining unit employees and out-sourcing of
assessment centre services of all senior managers and specialists, or
higher-level positions, for recruitment, development and other talent
management purposes.",BIOSS Southern Africa,"R 2 ,737,000.00",Single source (Limited bid),2025/03/06,2025/03/10,2026/03/09
1373,Q4 2024/25,2025/03/12,South African Revenue Service (SARS),"Psychometric assessment credits and services for in-house psychometric
assessment of all bargaining unit employees and out-sourcing of
assessment centre services of all senior managers and specialists, or
higher-level positions, for recruitment, development and other talent
management purposes.",SHL Saville Holdingsworth (Pty) Ltd,"R 1 ,715,006.93",Single source (Limited bid),2025/03/06,2025/03/10,2026/03/09
1374,Q4 2024/25,2025/03/12,South African Revenue Service (SARS),"For five (5) employees from CLS to attend the online self-paced Software
Law training. The training will take place over a three (3) year period, with
each
session lasting one (1) day and approximately four (4) hours of learning
time.",University of Cape Town (UCT),"R 3 8,712.00",Single source (Limited bid),2025/03/07,2025/04/01,2028/03/31
1375,Q4 2024/25,2025/03/12,Department of Employment and Labour (DEL),"Approval be granted to utilize Leadership Academy for training on Advance
Excel for Internal Auditors (face-to-face) for one (1) official",Leadership Academy,"R 7 ,319.75",Professional body,2025/03/10,Not Stated,Not Stated
1376,Q4 2024/25,2025/03/12,Department of Employment and Labour (DEL),"Approval be granted to utilize Leadership Academy to procure instructor-
led Certified Internal Auditor (CIA) Part 1 training course for three (3)
officials",Leadership Academy,"R 3 5,217.60",Professional body,2025/03/10,Not Stated,Not Stated
1377,Q4 2024/25,2025/03/12,Independent Police Investigative Directorate (IPID),Security Services,Bidvest Protea Coin(PTY)LTD,"R 4 ,488,781.71","On 10 September 2024 the Executive Director approved Terms of Reference o render physical
securtiy(gaurding) services;armed response;close protection pf the Executive Director and the ad-hoc
protection pf personnel for the Independent Police Investigative Directorate in all nine (9) provinces for
the period of 36 months (3) years.The Bis with reference IPID04/2024/25 was adverised on on the e-
tender portal and the departmental website on 11 september 2024 with the closing date of 04 october
2024 at 11h00.A compulsory briefing sssion was held at 11h00 on the 25 september 2024 where all",2025/02/28,2025/01/03,2025/06/30
1378,Q4 2024/25,2025/03/13,Industrial Development Corporation (IDC),"Sole Source Procurement: Expected Credit Loss (ECL) model recalibration,
Expected Credit Loss (ECL) development code handover, Effective Interest
Rate (EIR) model development, model monitoring and support",PricewaterhouseCoopers Incorporated,"R 2 ,237,110.76","PwC is the developer of the custom IFRS9 impairment model and Framework for the IDC. Furthermore,
the model parameters remain hard coded in excel based tool, developed in a Statistical Analysis
System (SAS) environment by PWC, which is required by the IDC to respond to imminent model
change requirements and limit reliance on PWC. The SAS code IP is currently owned by PWC. Hence
the request to appoint PwC on a Sole Source basis in order to hand over the code. If PWC were not
appointed on a sole source basis, the IDC would have to go out on a new tender process potentially",2025/03/05,2025/03/10,2026/03/09
1379,Q4 2024/25,2025/03/13,Department of Home Affairs (DHA),"Stabilise the current live capture, service manager web and sub-systems.",BDD,"R 9 ,000,000.00",Due to the basis of urgency to stabilise the current enviroment,2025/03/10,2025/03/10,2025/06/06
1380,Q4 2024/25,2025/03/14,State Information Technology Agency (SITA),"Request to establish a contract with hcl for the support and maintenance of
hcl software for a period of three (3) years",HCL Technologies (Pty) Ltd,"R 3 6,963,892.28",Business continuity for support and maintanance of existing software.,2024/11/04,2024/12/12,2027/12/11
1381,Q4 2024/25,2025/03/14,State Information Technology Agency (SITA),"Request to execute an emergency procurement for the immediate
resolution for the repair of dell server out of warranty hosting the webfin
application",DELL Technologies,"R 5 ,292.51",Services are required to bring back the WEBFIN application that is used as a reporting tool.,2024/09/06,Not Stated,Not Stated
1382,Q4 2024/25,2025/03/14,State Information Technology Agency (SITA),"Procurement of the lease contract for mthatha sita switching centre for a
period of (5) five years","Government Employees Pension Fund C/O
Mowana Properties (Pty) Ltd","R 5 3,202.99",For hosting of the switching centre.,2024/11/19,2025/02/01,1930/01/31
1383,Q4 2024/25,2025/03/14,State Information Technology Agency (SITA),"Request to appoint travel with flair (pty) ltd, as the travel management
company for in-house traveling services at sita on a month-to-month basis
not exceeding three (3) months",Travel with Flair,"R 1 1,215,936.89",To allow finalisation of the replacement tender process.,2025/02/18,2025/02/19,2025/05/18
1384,Q4 2024/25,2025/03/14,State Information Technology Agency (SITA),"Request to enter into a 12-month contract with eoh as an ict service
provider for the department of water and sanitation for 12 months",EOH Mthombo (Pty) Ltd,"R 1 9,132,622.30","To allow adequate time for effective knowledge transfer, supporting a seamless transition and
uninterrupted service delivery.",2025/02/24,2025/03/01,2026/02/28
1385,Q4 2024/25,2025/03/14,Development Bank of Southern Africa (DBSA),Single Source: Disaster Recovery Services,Metrofile Vysion,"R 1 ,041,202.32","Disaster Recovery services to allow for the procurement process and Infrastructure upgrade project to
complete for 6 months",2025/03/13,2025/03/15,2025/09/15
1386,Q4 2024/25,2025/03/14,Development Bank of Southern Africa (DBSA),Sole Source: Media Buying,Arena Holdings - Sunday Times,"R 1 40,645.00",Advertising Services for Recruitment,2025/02/27,2025/03/16,2025/03/16
1387,Q4 2024/25,2025/03/14,Development Bank of Southern Africa (DBSA),Sole Source: Media Buying,Arena Holdings - Business Day,"R 7 3,945.00",Advertising Services for Recruitment,2025/02/27,2025/03/17,2025/03/17
1388,Q4 2024/25,2025/03/14,Development Bank of Southern Africa (DBSA),Sole Source: Media Buying,Mail & Guardian,"R 4 9,369.50",Advertising Services for Recruitment,2025/02/27,2025/03/14,2025/03/14
1389,Q4 2024/25,2025/03/14,Development Bank of Southern Africa (DBSA),Sole Source: Media Buying,Adspace24 A division of Media24 (Pty) Ltd,"R 2 3,000.00",Advertising Services for Recruitment,2025/02/27,2025/03/17,2025/03/17
1390,Q4 2024/25,2024/12/19,South African National Space Agency (SANSA),Keysight EXA 31.6GHz Spectrum analyser N9010A repair,Concilium technologies,"R 110,106.75","Concilium technologies is only supplier and authorized repair and service agent of Keysight, Agilent and HP
products in South Africa",2024/12/09,Not Stated,Not Stated
1391,Q4 2024/25,2024/12/17,Agrément South Africa,CaseWare,ADAP IT Pty (Ltd),"R 112,451.77",Distribution limited to Authorised resellers (Sole Authorised Service Provider),2024/11/12,2024/01/01,2025/12/31
1392,Q4 2024/25,2025/01/02,Council for Scientific and Industrial Research (CSIR),Microsoft Unified Support,Microsoft (SA),"R 3,122,481.15",Sole Source,2024/12/09,2024/12/17,2025/12/16
1393,Q4 2024/25,2024/12/23,South African National Parks (SANParks),"Repairs, Service and Maintenance of Speed Measurement Instruments for
Protection services in KNP",Truvelo Africa electyronic Division (PTY) Ltd,"R 673,841.86",Truvelo Africa owns the Speed MEasurement Instruments software,2024/11/21,2024/11/21,2027/11/02
1394,Q4 2024/25,2024/12/23,South African National Parks (SANParks),To conduct investigation of an alleged misconduct against an employee,Kirchmanns Inc. Attorneys and Labour Law Specialists,"R 900,000.00",The matter to be investigated is private and confidential hence the single source route,2024/11/27,Not Stated,Not Stated
1395,Q4 2024/25,2024/12/17,Department of Tourism (DT),"Appointment of a service provider to supply two GIS software upgrades and
maintenance.",ESRI South Africa,"R 882,657.81","Appointment of a service provider through a sole source procurement to supply two GIS software upgrades
and maintenance.",2024/12/17,2024/12/17,2027/12/17
1396,Q4 2024/25,2024/12/24,"Department of Environment, Forestry and Fisheries (DEFF)",Procurement of Printing Papers,Government Printing Works,"R 7,600,000.00",Procurement of Printing Papers,2024/06/26,2024/06/26,2027/06/25
1397,Q4 2024/25,2024/12/24,"Department of Environment, Forestry and Fisheries (DEFF)","Appointment of Amazon Web Services (AWS) To Provide for The Necessary
Storage and Analytical Cloud Services Required to Update And Maintain The
National Land-Cover Dataset for a Period of 60 MONTHS",Amazon Web Services,"R 229,813.00",Provide for The Necessary Storage And Analytical Cloud,2024/09/04,2024/09/04,2030/10/16
1398,Q4 2024/25,2024/12/24,"Department of Environment, Forestry and Fisheries (DEFF)",Facilitation of Leading Change Programme,National School of Government (NSG),"R 93,495.00",Facilitation of Leading Change Programme,2024/07/29,2024/07/29,2024/12/28
1399,Q4 2024/25,2024/12/24,"Department of Environment, Forestry and Fisheries (DEFF)","Request for Appointment of Hidden Links PTY LTD as a Sole Source Service
Provider For Software License Subscribtion And Support for a Period of 36
Months (3 YEARS) for Harris I2 Intelligence Analysis Software",Hidden Links (PTY) LTD,"R 395,608.74",Software License Subscribtion And Support,2024/08/14,2024/08/14,2027/08/13
1400,Q4 2024/25,2024/12/24,"Department of Environment, Forestry and Fisheries (DEFF)","Appointment of Faranani Doctec As a Single Source Service Provider for a
Period of Six (6) Months",Faranani Doctec,"R 2,519,328.00","Continuation of Work While The Process of Advertising And Appointing The New Service Provider is Being
Finalised.",2024/11/13,2024/11/13,2025/05/12
1401,Q4 2024/25,2024/12/24,"Department of Environment, Forestry and Fisheries (DEFF)",Upgrade EDMS From Version 16.2 To The Latest Version,Faranani Doctec,"R 2,777,848.00",Upgrade EDMS From Version 16.2 To The Latest Version,2024/11/13,2024/11/13,2025/05/12
1402,Q4 2024/25,2025/01/16,"Manufacturing, Engineering and Related Services Sector
Education and Training Authority (merSETA)SETA","Deviation memo for catering services from College of Cape Town-Garden
Campus",College of Cape Town,"R 115,142.03","To request for deviation to appoint College of cape town for catering services as they had
already offered the venue at no cost and restrict outside caterers from entering their premises.",2024/11/07,Not Stated,Not Stated
1403,Q4 2024/25,2025/01/16,"Manufacturing, Engineering and Related Services Sector
Education and Training Authority (merSETA)SETA","Deviation memo for the appointment of Ilitha Projects and Cleaning Services on
10 December 2024",Ilitha Projects and cleaning Services,"R 4,500.00","Appointment of Ilitha Projects and cleaning services to provide catering services for Grants and
Levies meeting on 10 December 2024 due to urgent meeting request which could not afford
SCM to follow SCM processes",2024/12/10,Not Stated,Not Stated
1404,Q4 2024/25,2024/12/17,"Insurance Sector Education and Training Authority
(Inseta)SETA","Request for approval to use other means of
procurement (limited bidding- single source) for the
appointment of Pachedu Skills Solutions as a script
marker for all INSETA EISA exams for a period of
two (2) years","Pachedu Skills
Solutions","R 1,000,000.00","The QCTO/INSETA Service Level Agreement (SLA) delegates the SETA to perform
various activities including the management of Assessments. The ETQA
department is the custodian of the SLA, and the assessments domain includes
planning EISA exams, development of EISA instruments, appointment of EISA
venues, marking of EISA exam scripts as well as approval of EISA exam results. Having issued this RFQ
3 times, the market dictates that there are few to nonservice",2024/12/09,2024/12/12,2026/12/12
1405,Q4 2024/25,2025/01/06,National Research Foundation (NRF),Manufacturing of Established Mechanical Parts for Meerkat Digitisers,Kline Engineering Pty Ltd,"R 5,612,922.00","The project needs an additional SLA and scope of work to build all the parts required for the INAF project
from the same service provider who initially designed the Digitisers which allowed for more flexibility to finalise
the design. nd production of Band 5B Digitisers systems
to be installed on the MeerKAT telescope. SARAO appointed Kline Engineering in 2023 and signed a Service
Level Agreement (SLA) to produce mechanical enclosures for the MeerKAT extension project. The service
level agreement was awarded through a competative procurement process.",2024/12/17,2025/01/01,2025/12/31
1406,Q4 2024/25,2025/01/08,Council for the Built Environment (CBE),"Provision of Sign Language Interpretation Services at the Built Environment
Colloquium on the International Day of Persons With Disabilities scheduled for
03 December 2024",Deaf Federation Of South Africa,"R 6,842.50","Two attempts were made at issuing this RFQ to the market in an effort to secure a sign language service for
this key business event. Both RFQ processes were not successful and to avoid a reputational risk to the CBE
of not having this service in place, a deviation from the normal procurement process was followed.",2024/12/02,2024/12/03,2024/12/03
1407,Q4 2024/25,2025/01/10,National Research Foundation (NRF),"Procurement of liquid media, contact, settle plates and ICR swabs (all sterile)
from Merck Life Science (Pty) Ltd for the Environmental Monitoring and Sterility
testing at the Nuclear Medicine Department over a period of three (3) years, as
and when required",Merck Life Science Pty Ltd,"R 8,000,000.00","Single Source: Merc Life Science is the sole supplier of Millipore brands. The products bought from the
supplier comply with the South African Health Products Regulatory Association (SAHPRA) and have bee
valdidated for compliance and control purposes with their catalogue number incorporated into the product
documentation that is registered with SAHPRA.",2025/01/09,2025/02/01,2028/01/01
1408,Q4 2024/25,2025/01/21,Council for Scientific and Industrial Research (CSIR),"Stratafy Seeker: FY 2024/25 Technologies on the
Face AOK24WP8.4.1 (Phase 2).",Stratafy (Pty) Ltd,"R 2,323,000.00",Single Source Procurement,2024/10/29,2025/01/15,2025/01/15
1409,Q4 2024/25,2025/01/21,Council for Scientific and Industrial Research (CSIR),"Wind tunnel systems design, procurement, integration and commissioning",Technostar Engineering (Pty) Ltd,"R 2,125,096.50",Single Source Procurement,2024/11/25,2025/01/09,2025/01/09
1410,Q4 2024/25,2025/01/21,Council for Scientific and Industrial Research (CSIR),"One Simulation World elements for Metaverse Joint Warfare Training Simulator
Development",TMI Consultancy (Pty) Ltd,"R 2,131,779.15",Sole Source Procurement,2025/01/10,2025/01/15,2025/01/15
1411,Q4 2024/25,2025/01/21,Council for Scientific and Industrial Research (CSIR),The supply of a Slocum glider to the CSIR,Teledyne Instuments Inc,"R 8,521,722.69",Sole Source Procurement,2024/12/26,2025/01/17,2025/01/17
1412,Q4 2024/25,2025/01/21,Council for Scientific and Industrial Research (CSIR),"The supply of a new a new Liquid Robotics SV3
Wave Glider 2",Liquid Robotics Inc,"R 13,101,162.23",Sole Source Procurement,2025/01/08,2025/01/17,2025/01/17
1413,Q4 2024/25,2025/01/21,Council for Scientific and Industrial Research (CSIR),Provision of Travel Management Services for a period of 24 months,Quadrel Travel Management (Pty) Ltd t/a CWTSA,"R 8,266,659.96",Urgent Acquisition,2024/08/07,2024/11/30,2026/11/29
1414,Q4 2024/25,2025/01/07,South African National Biodiversity Institute (SANBI),Legal representations at different courts,Guy& Associates,"R 500,000.00","Single Source Procurement
The Chairperson has been invited to attend the launch of the Umkhuze Skills Development Centre. The
Mashiyinduku Skills Centre is in a deep rural part of Kwa Zulu Natalith very poor quality gravel roads. A 4x4 or
4x2 SUV vehicle is the best way to travel into this area to access the event",2024/08/07,Not Stated,Not Stated
1415,Q4 2024/25,2025/01/31,"Health and Welfare Sector Education and Training Authority
(HWSETA)SETA","Car hire upgrade from Group B to group D, SUV 4x4 vehicle",Atlantis,"R 4,996.00",,2024/09/04,2024/12/04,2024/04/13
1416,Q4 2024/25,2025/01/31,"Health and Welfare Sector Education and Training Authority
(HWSETA)SETA",Attendance of South African Veterinary Association congress,South African Veterinary Association,"R 18,924.25","The SAVA is holding a 39th world Veterinary Assosciation congress that will take placde in Cape town from 16
to 19 April 2024. This is an annual unique Cogress which takes place in a different country each year. It is
impractical and impossibble to obtain three quotations",2024/10/04,2024/04/16,2024/04/19
1417,Q4 2024/25,2025/01/31,"Health and Welfare Sector Education and Training Authority
(HWSETA)SETA","Appointment of Kinetix as the supplier for urgent procurement of FortiGate-200
Firewall",Kinetix,"R 55,821.00","FortGate-200F firewall lacks thenecessary license to ensure its full functionality and effectiveness in
protecting HWSETA's network. Without the appropriate license, the HWSETA is vulnerable to potential
security breach and data loss. Kinetix has been appointed as the supplier for the SD Wan project, which is
currentlly underway. It is imperative to have a service provider capable of facilitating a smooth integration with
this initiative and Kinetix is an excelllent choice because od their participation in HWSETA current SD-WAN
project, especiallly about firewall environment",2024/04/16,2024/04/17,2024/04/17
1418,Q4 2024/25,2025/01/31,"Health and Welfare Sector Education and Training Authority
(HWSETA)SETA","Shorten the RFQ period from fourteen (14) working days to five (5) days for the
procurement of a service provider to scan documents related to discretionary
grants paid in previous period",Senteb,"R 930,005.00","The Auditor General will be starting with the audit of commitments for the 2023/2024 audit. The AG's
procedures will include, amongs others, auditing the adjustments made to the 2022/2023 closing balance
being the 2023/24 opening balance.It will be advantageous for the HWSETA if the commitments balance is
audited extensively before 31 May 2024 as this will ensure that the finding identified by the AG are addressed
before the submission of the annual financial statements on 31 May 2024.",2024/05/14,2024/05/21,2024/05/21
1419,Q4 2024/25,2025/01/31,"Health and Welfare Sector Education and Training Authority
(HWSETA)SETA","To obtain approval form the CEO for deviation from the SCM policy. This
expense relating to visa's ,uniforms and gifts for attendees from the
Hwseta,National expert and the competitor who will be attending the health and
social care",Letaba TVET College,"R 131,021.04","Officials from the Hwseta will be attending the WSZA Competiton that will be held in France in September
2024 as approved by the Board on the 28 March 2024. Other participants like the National expert and the
finalist who represent the Hwseta in this skill are skill are also required to travel abroad with the correct
apparel.",2024/07/25,2024/10/09,2024/09/16
1420,Q4 2024/25,2025/01/31,"Health and Welfare Sector Education and Training Authority
(HWSETA)SETA",Deviation from sourcing three quotations,,"R 3,357.50","This governance related conference has been identified as one of the training initiatives for board members.
The training will assist to inform the Board on aligning business purposes",2024/12/07,2024/07/16,2024/07/16
1421,Q4 2024/25,2025/01/31,"Health and Welfare Sector Education and Training Authority
(HWSETA)SETA",Deviation from sourcing three quotations,Fluidrock governance,"R 3,357.50","This governance related conference has been identified as one of the training initiatives for board members.
The training will assist to inform the Board on aligning business purposes",2024/12/07,2024/07/16,2024/07/16
1422,Q4 2024/25,2025/01/31,"Health and Welfare Sector Education and Training Authority
(HWSETA)SETA",Deviation from sourcing three quotations,Fluidrock governance,"R 3,357.50","This governance related conference has been identified as one of the training initiatives for board members.
The training will assist to inform the Board on aligning business purposes",2024/12/07,2024/07/16,2024/07/16
1423,Q4 2024/25,2025/01/31,"Health and Welfare Sector Education and Training Authority
(HWSETA)SETA",Deviation from sourcing three quotations,Fluidrock governance,"R 3,357.50","This governance related conference has been identified as one of the training initiatives for board members.
The training will assist to inform the Board on aligning business purposes",2024/12/07,2024/07/16,2024/07/16
1424,Q4 2024/25,2025/01/31,"Health and Welfare Sector Education and Training Authority
(HWSETA)SETA","Deviation from supply chain policy to enable the chairperson to attend
SASVEPM congress",Vetlink,"R 7,300.00","The 2024 SASVEPM congress will feature the unique problems and curcumstances faced in the animal
health and welfare on the african continent. The congress will serve as a strong Multinational networking
platform to build and foster collaborrative research adn enhance communication across
disciplines,proffessional and sectors.",2024/01/08,2024/08/21,2024/08/23
1425,Q4 2024/25,2025/01/31,"Health and Welfare Sector Education and Training Authority
(HWSETA)SETA","Deviation from the supply chain policy relating to obtain three quotations for
procurment for a participation at career guidance events,exhibitions and
conference",South african pharmacy council,"R 20,000.00","Career guidance events,exhibitions and stakeholders conferences are an intergral to the Hwseta's
communication efforts. Thse are mainly 'sole supplier' situations that prevent the securing of three quotes,for
example , the Hospital Association of south africa annual conference and the National pharmacy association
conference.",2024/02/14,2024/01/09,2024/04/09
1426,Q4 2024/25,2025/01/31,"Health and Welfare Sector Education and Training Authority
(HWSETA)SETA","To request the CEO to approve the deviation of procuring an email and online
software from service providers that are not registered on the National treasury
central supplier database.",Surveymonkey,"R 5,760.00","Hwseta has sought to conduct surverys using different platforms for different contects and purposes ranging
from post,telephone and online email-based platforms. The procurement of email and online-based survey
software will ensure an efficient and cost effective way of conducting surveys as an alternative format from
traditional methods such as post and telephone.",2024/10/16,2024/09/27,2024/09/27
1427,Q4 2024/25,2025/01/31,"Health and Welfare Sector Education and Training Authority
(HWSETA)SETA","To request a the CEO to approve a deviation from the HWSETA supply chain
management and prefererential procurement procurement policy, for
procurement of Risk compliance and governance",Wits University,"R 20,500.00","Out of the three 3 googled service providers, Bizstrat Inteligent Business was not considered further ,because
they are not registered on CSD.The two service providers's course content and price were considered.in
consideration of the course content,it became clear that Wits Univevesity's course content best matches the
requirement of LO's intended purpose",2024/10/17,2024/10/21,2024/10/25
1428,Q4 2024/25,2025/01/31,"Health and Welfare Sector Education and Training Authority
(HWSETA)SETA",Deviation from Procurement policy for car hire,Atlantis,R -,"The Eastern cape staff will be travelling to Osborn to conduct evaluation.There are 4 staff memebers that will
travel a five day trip with their luggage.Mount free is in the rural areas and therefore requires a bigger vehicle
therfore an upgrage required from group B to N.",2024/10/21,2024/10/27,2024/01/11
1429,Q4 2024/25,2025/01/31,"Health and Welfare Sector Education and Training Authority
(HWSETA)SETA",Deviation from Procurement policy for car hire,Atlantis,"R 8,065.00","The Executive Manager will be driving on the road to Nelspruit and therefore needed a big flexible car to travel
in, which will be efficient in reaching various sites in Nelspruit, which is a rural area in the Mpumalanga
Province.",2024/05/11,2024/11/11,2024/11/13
1430,Q4 2024/25,2025/01/31,"Health and Welfare Sector Education and Training Authority
(HWSETA)SETA","For the CEO to approve the deviation from the normal bidding process for air-
condititioning repair services required at the Gauteng provincial office.",Feildspace property group,"R 7,934.00","The procurement process is followed the frametime taken to source an alternate service provider may place
the IT equipment at risk of over heatiand damage.Due to the nature of the emergency a deviation from the the
normal bidding process is being requested. Part of rental contract",2024/11/18,2024/10/31,2024/10/31
1431,Q4 2024/25,2025/01/31,"Health and Welfare Sector Education and Training Authority
(HWSETA)SETA","To obtain approval form the CEO for deviation from the SCM policy regarding
the sourcing of three quotations for the appointment of a sole provider to place
hwseta Board nomination advertisment in the Sunday times.",Ayanda Mbanga,"R 60,444.00","The HWSETA was notified on 18 November 2024 abount the nomination advertsment for the appointment of
the Hwseta Board for 2025-2030 shold be replaced with urgency as the nominations close on 25 November
2024. The Hwseta has chosen to advertise on the Hwseta website however, convetion is also to adversie on
the natinal newspaper. The sunday times is the most suitable publication for this purpose. Due to the time
constrains the advertsement nneds to be placed in the 23 November edition of the Sunday times.",2024/11/19,2024/11/24,2024/11/24
1432,Q4 2024/25,2025/01/31,"Health and Welfare Sector Education and Training Authority
(HWSETA)SETA","To deviate from the procurement policy and shorten the RFQ period for the
required services relating to the NSA conference taking place 27-28 November",Vhaleya Enterprise,"R 52,904.00","In procurement the RFQ period for the procurement of goods and services with an estimated cost of R30
000.00 is 14 days. The NSA submitted a proposal to Hwseta requesting support for EMS and sign language
services. The Hesta is committed to support the NSA conference for the acquisition of EMS and sign
language. Given the time constraints it will be not possible to go for the full RFQ period.",2024/11/19,2024/11/27,2024/11/28
1433,Q4 2024/25,2025/01/31,"Health and Welfare Sector Education and Training Authority
(HWSETA)SETA","To obtaion approval from the CEO for deviation from the SCM policy of obtaining
three quotes for procurement for appointed of an events management servicer
provider for laboratory animal technologist graduation.",Potent trading and Projects,"R 75,000.00","To address the skills shortage in the animal technology industry the HWSETA funded the training for 10
Laboratory animals technologists. The 10 learners have since graduated from the programme facilited by the
South african association .",2024/11/27,2024/04/12,2024/05/12
1434,Q4 2024/25,2025/01/31,"Health and Welfare Sector Education and Training Authority
(HWSETA)SETA","eviation from the SCM policy regarding the sourcing three quotes for the
appointment of sole service provider to place Hwseta board nomination
advertsement in the Sunday times.",Siyafika Communications,"R 42,662.70","Hwseta was notified on the 2nd Novmeber 2024 that the extension advertsement for the nomination for the
appointment of the Hwseta Board for 2025- 2030 should be placed readvertised as matter of urgency as
nominations now close on 15 December 2024.",2024/03/12,2024/07/12,2024/07/12
1435,Q4 2024/25,2025/01/30,Department of Higher Education and Training (DHET),"Appointment of SITA to provide the Department with SSL(secure socket layer)
certificate.",State Information Technology Agency(SITA),"R 66,063.00","The Department is not able to source quotations from other suppliers because SITA is the custodian of
government websites.",2025/01/27,2025/01/27,2026/01/28
1436,Q4 2024/25,2025/02/03,Iziko Museums of South Africa,Micro Prepation services,Tiffany van Zyl,"R 605,280.00","The RFQ was advertised on the eTender portal, and only one service provider responded",2025/01/21,2025/02/01,2025/01/31
1437,Q4 2024/25,2025/02/03,Iziko Museums of South Africa,Human Remains Event,Travel Click,"R 46,055.60","Additional attendees arrived at the event, leading to a rapid increase in the number of people present in a
short period of time",2025/01/28,2025/01/28,Not Stated
1438,Q4 2024/25,2025/02/03,Iziko Museums of South Africa,App intergrated Audio tours,Africa Software Architects,"R 995,394.00","The RFQ was advertised on the eTender portal, and only one service provider responded",2025/01/30,2025/01/30,Not Stated
1439,Q4 2024/25,2025/01/31,"Energy and Water Sector Education and Training Authority
(EWSETA)SETA",Membership Fees,The Institute of Directors in South Africa,"R 40,600.00","Membership with the professional body is a requirement for ongoing training, evaluation, and compliance with
industry standards to retain accreditation.",2025/01/10,Not Stated,Not Stated
1440,Q4 2024/25,2025/01/31,"Energy and Water Sector Education and Training Authority
(EWSETA)SETA",Renewal Fees,Department of Labour,"R 55,112.01","The annual return of earnings for Occupational Injuries and Diseases is a statutory requirement under the
Compensation for Occupational Injuries and Diseases Act (COIDA), Act 130 of 1993, ensuring organizational
compliance.",2025/01/17,Not Stated,Not Stated
1441,Q4 2024/25,2025/01/31,"Energy and Water Sector Education and Training Authority
(EWSETA)SETA",Advert,Arena Holdings,"R 72,381.00","Arena Holdings was selected for its extensive media reach, enabling EWSETA to effectively engage
stakeholders and enhance visibility for its skills development and empowerment initiatives, ensuring maximum
impact.",2025/01/30,Not Stated,Not Stated
1442,Q4 2024/25,2025/02/04,National Arts Council of South Africa (NAC),SAGE VIP and SAGE Evolution Yearly License Renewals,SAGE,"R 188,467.50","The NAC has since 2015 slowly migrated to a systematic way of capturing employees, council members and
panel members details on a system. The system has assisted NAC to move onto a paperless way of
conducting it’s daily operations. Payroll for staff and council/panel payments are also accurately captured and
processed on the SAGE VIP system. NAC conducts performance management on the system. Employees
leave is also managed on the system and accurate and reliable reports can be pulled as and when required.
SAGE 200 Evolution is mainly used for payments and accessing the accounting system.",2025/01/29,2025/02/01,2026/01/31
1443,Q4 2024/25,2025/02/04,Quality Council for Trades and Occupations (QCTO),Government Gazette,Government Printing Works,"R 6,052.63",Sole Supplier,2025/01/31,Not Stated,Not Stated
1444,Q4 2024/25,2025/02/05,"Insurance Sector Education and Training Authority
(Inseta)SETA","Chief Executive Officer, of the Insurance Sector Education and Training
Authority (INSETA) for approval for a table for 10 at the annual women in
insurance conference",Spectacular Training and Conferences,"R 68,425.00","Chief Executive Officer, of the Insurance Sector Education and Training Authority (INSETA) for approval for a
table for 10 at the annual women in insurance conference",2025/02/03,2025/02/04,Not Stated
1445,Q4 2024/25,2025/01/27,"Wholesale and Retail Sector Education and Training
Authority (W&RSETA)SETA",Legal Matter -On Going (current),Webber Wentzel,"R 1,500,000.00",Legal Services,2024/11/28,2024/11/29,2024/12/31
1446,Q4 2024/25,2025/02/05,"Department of Women, Youth and Persons with Disabilities
(DWYPD)",Repairs of the blue lights for the executive vehicle (Minster) (#127),Thru Rainbow (Pty) Ltd,"R 4,209.00","Continuation of Service: Repairs of the blue lights for the executive vehicle (Minster) by the Serive provider
that installed the lights",2024/10/09,Not Stated,Not Stated
1447,Q4 2024/25,2025/02/07,"Department of Women, Youth and Persons with Disabilities
(DWYPD)","Venues and Facilities for the training and capacity building of the Lusikisiki
GBVF Rapid responds team (RTT) (#128)",TTS: Cosy Posy Boutique Hotel,"R 42,000.00","Obtain less than 3 quotes:Venues and Facilities for the training and capacity building of the Lusikisiki GBVF
Rapid responds team (RTT) 29-30 October 2024",2024/10/24,Not Stated,Not Stated
1448,Q4 2024/25,2025/02/07,"Department of Women, Youth and Persons with Disabilities
(DWYPD)","Procurement of Theatre production for the DDM Presidential Imbizo build-up
activity (#129)",Durban Play House,"R 30,000.00","Single source: Procurement of Theatre production for the DDM Presidential Imbizo build-up activity to take
place on 05 November 2024 in Durban Playhouse (#129)",2024/10/28,Not Stated,Not Stated
1449,Q4 2024/25,2025/02/07,"Department of Women, Youth and Persons with Disabilities
(DWYPD)","Appointment of University of Cape Town to undertake the development of socio
economic empowerment index (#130)",UCT,"R 998,606.01","Single source"" Appointment of University of Cape Town to undertake the development of socio economic
empowerment index for the department of women, youth and persons with disabilties",2024/11/06,Not Stated,Not Stated
1450,Q4 2024/25,2025/02/07,"Department of Women, Youth and Persons with Disabilities
(DWYPD)","Procurement of renewal of 10x Zoom Workplace pro licences and 2x500 webinar
(#131)",Cloudsol,"R 58,045.33",Obtain less than 3 quotes: Procurement of renewal of 10x Zoom Workplace pro licences and 2x500 webinar,2024/11/19,Not Stated,Not Stated
1451,Q4 2024/25,2025/02/07,"Department of Women, Youth and Persons with Disabilities
(DWYPD)",Activation and installation of software for the key cabinets (#132),Malope Monitoring Solutions,"R 29,546.95",Continuation of services: Activation and installation of software for the key cabinets,2024/11/15,Not Stated,Not Stated
1452,Q4 2024/25,2025/02/07,"Department of Women, Youth and Persons with Disabilities
(DWYPD)","Maintenace and repairs SLA agreement for key cabinets for a period of 3 years
(#133)",Malope Monitoring Solutions,"R 130,870.00",Continuation of services: Maintenace and repairs SLA agreement for key cabinets for a period of 3 years,2024/11/22,2024/11/25,2027/11/24
1453,Q4 2024/25,2025/02/07,"Department of Women, Youth and Persons with Disabilities
(DWYPD)","Appointment of service provider for venue and facilities for the Men unite against
GBVF march (#137)",Ndima Trading Projects and Velvet Rope Lifestyle,"R 410,500.00","Obtain less than 3 quotes: Appointment of service provider for venue and facilities for the Men unite against
GBVF march on 06 December 2024",2024/12/05,Not Stated,Not Stated
1454,Q4 2024/25,2025/02/07,"Department of Women, Youth and Persons with Disabilities
(DWYPD)","Procure identity access manager (IAM) and adaudti for exchange online and
azure active directory (AD) security and compliance management portal license
subscription and software assurance for a period of 24 months (#138)",Jireh Customer Services,"R 895,000.00","Continuation of services: Procure identity access manager (IAM) and adaudti for exchange online and azure
active directory (AD) security and compliance management portal license subscription and software
assurance for a period of 24 months",2024/12/19,Not Stated,Not Stated
1455,Q4 2024/25,2025/02/07,Robben Island Museum,Hiring of 2x quantums,Avis,"R 1,300,000.00",Emergency fleet,2024/10/25,Not Stated,Not Stated
1456,Q4 2024/25,2025/02/07,Robben Island Museum,Branding of vehicles,Vhuani Holding,"R 898,352.40",Emergency fleet branding,2024/10/09,Not Stated,Not Stated
1457,Q4 2024/25,2025/02/07,Robben Island Museum,Supply and Delivery of 45 000 Litres of Diesel for RIM Vessels,FFS - Refiners,"R 825,196.50",Sole Supplier,2024/10/08,Not Stated,Not Stated
1458,Q4 2024/25,2025/02/07,Robben Island Museum,Supply Passenger Ferry for RIM,Falcon Marine,"R 40,000.00",Emeregency Callout,2024/10/15,Not Stated,Not Stated
1459,Q4 2024/25,2025/02/07,Robben Island Museum,Legal Service in opposing labour Review application,Marais Muller Hendricks,"R 845,562.00",Single source,2024/11/08,Not Stated,Not Stated
1460,Q4 2024/25,2025/02/07,Robben Island Museum,Head hunting Staffing Resources for 2 Engineering Positions,Baard and Partners,"R 440,000.00",Urgent Procurement,2024/11/22,Not Stated,Not Stated
1461,Q4 2024/25,2025/02/07,Robben Island Museum,Parts for Hino truck,Hino Parow,"R 100,794.41",Sole Supplier,2024/12/18,Not Stated,Not Stated
1462,Q4 2024/25,2025/02/07,Robben Island Museum,Supply and Delivery of 45 000 Litres of Diesel for RIM Vessels,FFS – Refiners,"R 834,196.50",Sole Supplier,2024/12/06,Not Stated,Not Stated
1463,Q4 2024/25,2025/02/07,Robben Island Museum,"Appointment of as service provider to conduct organisational diagnosis and
climate assessment",Talentline Consulting,"R 234,565.00",Urgent Procurement,2024/12/10,Not Stated,Not Stated
1464,Q4 2024/25,2025/02/07,Robben Island Museum,Emergency callout to repair gearbox cooler & supply gearbox oil for Krotoa,Nkosi Phendule project,"R 22,862.00",Emergency Callout,2024/12/10,Not Stated,Not Stated
1465,Q4 2024/25,2025/02/07,Robben Island Museum,Service Provider is required to conduct repairs on Krotoa generator,Barloworld Power Equipment,"R 40,328.91",Sole Supplier,2024/12/10,Not Stated,Not Stated
1466,Q4 2024/25,2025/02/07,Robben Island Museum,Repair and certify various firefighting equipment on Sikhululekile,Viking,"R 45,098.22",Emergency Callout,2025/01/03,Not Stated,Not Stated
1467,Q4 2024/25,2025/02/07,Robben Island Museum,Supply Passenger Ferry for RIM,Nkosi Phendule Project,"R 81,022.19",Single source,2025/01/06,Not Stated,Not Stated
1468,Q4 2024/25,2025/02/07,Robben Island Museum,Supply 45 000 Litres of Diesel for RIM Vessels,FFS Refiners,"R 863,977.50",Single source,2025/01/13,Not Stated,Not Stated
1469,Q4 2024/25,2025/02/07,Robben Island Museum,Various Repairs and maintenance on Sikhululekile,Southey Contracting,"R 47,628.40",Emergency Callout,2025/01/13,Not Stated,Not Stated
1470,Q4 2024/25,2025/02/07,Robben Island Museum,Branding of vehicles,Vhuani Holding,"R 125,960.00",Emergency,2025/01/09,Not Stated,Not Stated
1471,Q4 2024/25,2025/02/06,National Arts Council of South Africa (NAC),Advertisement of the key Achievements and Milestones of the NAC,Media 24/News 24,"R 11,500.00","The News24 Platform is selected because of its viewership of 28-million-page viewers per month and 110 000
subscribers making it more suitable to convey our message to large audiences.",2024/12/30,2024/12/30,2024/12/31
1472,Q4 2024/25,2025/02/10,William Humphreys Art Gallery,MPLC Umbrella Licence,"Motion Picture Licensing Company SA (PTY) Ltd
(“MPLC “)","R 4,600.00",Sole Supplier,2025/01/30,2025/03/01,2026/02/28
1473,Q4 2024/25,2025/02/05,Agrément South Africa,WTFAO Annual Membership fees,World Federation of Technocal Assessment,"R 9,339.87",Sole Supplier,2025/01/24,2025/01/24,2025/01/24
1474,Q4 2024/25,2025/02/05,Agrément South Africa,Stakeholder Engagement Forum,CSIR Convention Centre,"R 3,746,146.75",Multiple Source Bidding,2025/01/24,2025/02/25,2025/02/25
1475,Q4 2024/25,2025/02/05,Technology Innovation Agency (TIA),Stand for mining indaba,Hyve events SA,"R 1,074,181.92",Sole supplier,2025/01/29,Not Stated,Not Stated
1476,Q4 2024/25,2025/02/06,Council for Scientific and Industrial Research (CSIR),Subscription Renewal for Orbit Intelligence 2025-2027,Questel- ORBIT Inc,"R 1,998,513.93",Sole Source Procurement,2025/01/23,2025/01/23,2027/12/31
1477,Q4 2024/25,2025/02/05,National Library of South Africa (NLSA),Request additional two security guards for an official launch on an exhibition,Security Solutions,"R 2,500.00",Limitted bidding,2024/12/10,2024/12/10,2024/12/10
1478,Q4 2024/25,2025/02/05,National Library of South Africa (NLSA),Request additional two cleaners for an official launch on an exhibition,Denzheleshu Trading and Project,"R 3,220.00",Limitted bidding,2024/12/10,2024/12/10,2024/12/10
1479,Q4 2024/25,2025/02/05,National Library of South Africa (NLSA),Board and Alluminium fabrication,Outssources Creative,"R 18,000.00",Limitted bidding,2024/12/05,2024/12/05,2024/12/05
1480,Q4 2024/25,2025/02/05,National Library of South Africa (NLSA),Legal Services for Labour Court,Adonisi Incorporated,"R 66,579.25",Limitted bidding,2024/12/09,2024/12/09,2024/12/09
1481,Q4 2024/25,2025/01/31,"Energy and Water Sector Education and Training Authority
(EWSETA)SETA",Membership Fees,The Institute of Directors in SA,"R 40,600.00","Membership with the professional body is a requirement for ongoing training, evaluation, and compliance with
industry standards to retain accreditation.",2025/01/10,Not Stated,Not Stated
1482,Q4 2024/25,2025/01/31,"Energy and Water Sector Education and Training Authority
(EWSETA)SETA",Renewal Fees,Department of Labour,"R 55,112.01","The annual return of earnings for Occupational Injuries and Diseases is a statutory requirement under the
Compensation for Occupational Injuries and Diseases Act (COIDA), Act 130 of 1993, ensuring organizational
compliance.",2025/01/17,Not Stated,Not Stated
1483,Q4 2024/25,2025/01/31,"Energy and Water Sector Education and Training Authority
(EWSETA)SETA",Advert,Arena Holdings,"R 72,381.00","Arena Holdings was selected for its extensive media reach, enabling EWSETA to effectively engage
stakeholders and enhance visibility for its skills development and empowerment initiatives, ensuring maximum
impact",2025/01/30,Not Stated,Not Stated
1484,Q4 2024/25,2025/02/14,South African Weather Service,"Request to enter a new Support and Maintenance contract with Eclipse (Pty) Ltd
from 1 March 2025 to 30 November 2025",Eclipse (Pty) Ltd,"R 2,483,999.91","Continuity of service-SAWS is currently in the procurement process for the new HPC system, the current HPC
contract expires on February 28, 2025, the single source procurement is to avert the imminent risks of the
unavailability of HPE's warranty and delays in procuring HPC, which is critical to the ICT infrastructure and its
ability to ensure business continuity.",2025/02/07,2025/03/01,2025/11/30
1485,Q4 2024/25,2025/02/13,South African National Biodiversity Institute (SANBI),Single source,Various Artists,"R 4,978,953.75",Landed fees,2025/02/11,Not Stated,Not Stated
1486,Q4 2024/25,2025/02/14,"Energy and Water Sector Education and Training Authority
(EWSETA)SETA",Sponsorship,ANew Hotel O R Tambo,"R 100,000.00","This sponsorship supports EWSETA’s strategic objectives by engaging stakeholders in the water sector,
focusing on water resource management, toilet facility management, water protection, health and hygiene,
water safety, and career promotion in the sector.",2025/02/04,Not Stated,Not Stated
1487,Q4 2024/25,2025/02/14,"Energy and Water Sector Education and Training Authority
(EWSETA)SETA",Conference & Summit,Spintelligent (Pty) Ltd T/A Vuka Group,"R 56,051.00","The conference serves as a key platform for EWSETA to showcase initiatives, build partnerships, and
strengthen sector influence.",2025/02/14,Not Stated,Not Stated
1488,Q4 2024/25,2025/02/13,Performing Arts Centre of the Free State (PACOFS),Transfer of Telephone Lines,Weltel Telecommunication CC,"R 3,346.50",Sole Supplier,2025/01/31,2025/01/31,2025/01/31
1489,Q4 2024/25,2025/01/31,South African State Theatre,"Performance fee within the production Changing the Game at the SAST TV
Launch",Thathas Legacy Initiatives NPC,"R 67,500.00","During the SAST TV Launch, Lifted was one of the featured productions due to its seamless connection to the
storyline of Changing the Game. The decision to retain the original cast, composed of blind men, simplified
rehearsals as the performers were already familiar with the production's requirements from prior
engagements. Due to their disability, the cast of blind men required administrative support and assistance
with receiving payments. Mr. Tumelo Makguthla, a caregiver to one of the cast memebers wo attended all
rehearsals, played a crucial role in supporting the entire group. He managed tasks such as purchasing lunch,",2024/12/02,Not Stated,Not Stated
1490,Q4 2024/25,2025/01/31,South African State Theatre,Interpretor with sign language,SASL Interpreters,"R 33,000.00","The South African Sign Languate (SASL) was key in ensuring accessibility and inclusion during the Ganging
the Game production at the SAST TV launch. SASL provides a vital communication tool for the Deaf
community, supporting their access to education, public services, media and cultural activities. It promotes
inclusion, ensures equal rights and helps deaf individuals participate fully in society. The SASL company
involved in this production is the top SAS: company in the country and was also part of the DSAC cultural
program titled Viva South Africa production curated for the 7th Administration Presidential Inauguration. Their",2024/12/02,Not Stated,Not Stated
1491,Q4 2024/25,2025/01/31,South African State Theatre,Nexo Amplifier Repairs,Sound Stylists Productions (Pty) Ltd,"R 34,488.50",Sole Supplier,2025/01/21,Not Stated,Not Stated
1492,Q4 2024/25,2025/01/31,South African State Theatre,IMQS verification app renewal 1 Jan 25 - 31 Dec 25 (asset verification software),IMQS Software (Pty) Ltd,"R 141,151.00",Sole Supplier,2025/01/17,Not Stated,Not Stated
1493,Q4 2024/25,2025/01/31,South African State Theatre,"Dancers rehearsal fee for 7 dancers, riginal composition soundtrack, set design
and construction and costume design and construction",Nicola Haskins t/a The Matchbox,"R 55,500.00","This decision stems from the festival's call-out, and we are pleased to provide context for the appointment of
Nicola Haskins, the sole applicant for the production ""Weathered"". Haskins has an impressive track records in
audience development, skilfully engaging diverse ethnic groups that have traditionally been
underrepresented in theatre attendance at the SAST. Her expertise in physical theatre not only enhances the
artistic offerings of the Kucheza Afrika Festival but also introduces a rich diversity that aligns with the festival's
mission to celebrate and promote African culture and heritage.",2024/12/02,Not Stated,Not Stated
1494,Q4 2024/25,2025/01/31,South African State Theatre,"3D signage - To fabricate letter A on SAST TV Logo and to fabricate letter A on
Mobile SAST TV Signage",Metrographix,"R 4,726.50","A service provider was contracted to install the SAST TV Logo's on the SAST wall and it was discovered that
the alphabet ""A"" does not match the SAST TV logo and the service provider was requested by SAST to edit
the alphabet ""A: to match the SASt TV logo. The service provider agreed to the changes, however there will
be a cost implication since we are deviating from the orivinal specifications.",2024/12/19,Not Stated,Not Stated
1495,Q4 2024/25,2025/01/31,South African State Theatre,Journey to the South Set Design - Incubator,Jonga Creations NPC,"R 50,000.00",Artistic productions and related artistic products / services,2024/08/28,Not Stated,Not Stated
1496,Q4 2024/25,2025/02/14,Department of Public Works and Infrastructure (DPWI),"Provision of Security Guarding Services for State Houses, Vacant Land, Vacant
Offices & Construction Sites for a Period of Three (03) Months",Iletye Lesiseko Security Services,"R 5,278,273.53",The opening bidding process has not started yet,2025/02/06,2025/02/07,2025/05/06
1497,Q4 2024/25,2025/02/18,South African Institute for Drug-Free Sport (SAIDS),"Thando Mandla - Education and Projects Supervisor is invited to present at
Athletics SA Elite Athletes and Coaches workshop at OR Tambo Southern Sun,
Johannesburg",Southern Sun OR Tambo,"R 2,940.00","ASA will be hosting the workshop at the Southern Sun OR Tambo. It is therefore practical that the
accomodation be booked at the same venue as the workshop.",2025/01/22,2025/01/24,2025/01/26
1498,Q4 2024/25,2025/02/18,South African Institute for Drug-Free Sport (SAIDS),"Thando Mandla - Education and Projects Supervisor is invited to attend Boxing
SA Convention at the Premier Hotel ICC, East London.","Premier Hotel ICC, East London","R 3,820.00",Boxing SA will be hosting the convention,2025/02/18,2025/02/19,2025/02/21
1499,Q4 2024/25,2025/02/12,National Research Foundation (NRF),"Procurement of 62 field programmable gate arrays and 60 field programmable
gate arrays for atlas tile calorimeter phase-ii upgrades off-detector electronics to
process on-detector electronics data",Avnet South Africa (Pty) Ltd,"R 6,300,961.00","Single Source: Avnet Silica used by iThemba Labs collaborators in Valencia and at CERN for the ATLAS
Silica project, is the same Avnet Silica based in South Africa. This significantly affects the project because it
must use the same type of FPGAs in the final design of the project.",2025/02/11,Not Stated,Not Stated
1500,Q4 2024/25,2025/02/03,South African Qualifications Authority (SAQA),Renewal of Convene Licenses,Ability Holdings 35 CC T/A Convene,"R 208,796.88",Sole Source,2025/01/29,2025/02/11,2025/08/10
1501,Q4 2024/25,2025/02/03,South African Qualifications Authority (SAQA),SAQA Labour Court Matter,EX- SAQA Employees as Consultants,R -,Court case witnesses,2025/01/31,2025/01/31,Not Stated
1502,Q4 2024/25,2025/02/06,"Safety and Security Sector Education and Training
Authority (SASSETA)SETA",Procurement of emergency mediacl services for employee wellness day,Gauteng Provincial Government GPG Health DIR EMS,"R 2,933.00",Provision of an ambulance on SASSETA' wellness day,2024/10/08,2024/10/08,2024/10/11
1503,Q4 2024/25,2025/02/20,South African Tourism,Meetings Africa 2025 Exhibition Infrastructure,South African Expo Solutions,"R 3,518,664.00",Multi source,2025/02/14,2025/02/12,2025/02/28
1504,Q4 2024/25,2025/02/20,Iziko Museums of South Africa,Licensing and Maintenance for the REMRAD System,Sysman Public Safety System,"R 53,261.10",Sole Source,2024/12/30,2024/12/30,Not Stated
1505,Q4 2024/25,2025/02/17,National Library of South Africa (NLSA),"Appointment of a service provider to publish the NLSA reprinted indegenous
language: Ukufa ku kaShark",University of Witwatersrand,"R 243,000.00",Sole Source,2025/01/30,Not Stated,Not Stated
1506,Q4 2024/25,2025/02/17,National Library of South Africa (NLSA),Request for Catering services for the National Library Day,Nhlamulo Holdings,"R 2,000.00",Limitted bidding,2025/01/30,Not Stated,Not Stated
1507,Q4 2024/25,2025/02/17,National Library of South Africa (NLSA),SANLIC Membership fee renewal,SANLIC,"R 6,244.04",Sole Source,2025/01/31,Not Stated,Not Stated
1508,Q4 2024/25,2025/02/17,National Library of South Africa (NLSA),IFLA Membership fee renewal,IFLA,"R 28,174.09",Sole Source,2025/01/31,Not Stated,Not Stated
1509,Q4 2024/25,2025/02/17,National Library of South Africa (NLSA),Cheisa membership fee renewal,Chelsa,"R 13,568.00",Sole Source,2025/01/31,Not Stated,Not Stated
1510,Q4 2024/25,2025/02/17,National Library of South Africa (NLSA),"Appointment of a service provider to publish the NLSA reprinted indegenous
language: Classic Venda book-Khadzi Rothole",Carlfonia Press RSA,"R 244,500.00",Sole Source,2025/02/07,Not Stated,Not Stated
1511,Q4 2024/25,2025/02/24,Department of Tourism (DT),"Appointment of a service provider for exhibition/space booths allocated to SMEs
supported by the market access support programme in 2025",Pomme Express,"R 1,084,667.73","Appointment of a service provider through participation with South Africn Tourism for exhibition/space booths
allocated to SMEs supported by the market access support programme in 2025.",2025/02/21,2025/02/27,2025/02/28
1512,Q4 2024/25,2025/02/24,South African State Theatre,Supply and installation of fabric-printed backdrop covering,3ML Events Management CC,"R 105,660.00","To adhere to financial limitations while still meeting the project requirements, a revised scope was developed
to identify a more cost-effective solution. Following this, we engaged suppliers who indicated that they require
a minimum of 7 days to print the necessary materials, excluding the installation time. This deviation is to
deviate from the 7 days advertising period to 3 days.",2024/11/24,Not Stated,Not Stated
1513,Q4 2024/25,2025/02/24,South African State Theatre,Service and repairs of Le-Maitre MVS Hazer,DWR Distribution CC,"R 12,843.30",Sole Supplier,2024/12/02,Not Stated,Not Stated
1514,Q4 2024/25,2025/02/24,South African State Theatre,Service and repairs of Robin BMFL Blad - Serial,DWR Distribution CC,"R 6,806.93",Sole Supplier,2024/12/02,Not Stated,Not Stated
1515,Q4 2024/25,2025/02/24,South African State Theatre,"Service and repairs of Robin 600 LED Wash, Serial",DWR Distribution CC,"R 6,671.56",Sole Supplier,2024/12/02,Not Stated,Not Stated
1516,Q4 2024/25,2025/02/24,South African State Theatre,Rocket Bass Speakers,Bafuwi Projects and Services,"R 114,938.13","Request to procure specific brand to have suppliers quote on the brands as they are industry standard, and
these are the brands that the artists we host request for their performances.",2024/12/12,Not Stated,Not Stated
1517,Q4 2024/25,2025/02/24,South African State Theatre,Additional gear for SAST TV launch after original PO was issued,DB SPL Productions,"R 87,090.00","An PO was issued to DB SPL Productions for the supply of microphones, cordless mics, bank mids and stage
monitors etc for the SAST TV launch. During the setup and stage rehearsals, it was identified that more
equipment is needed",2024/12/19,Not Stated,Not Stated
1518,Q4 2024/25,2025/02/24,South African State Theatre,SAST TV Launch Recording,Francesco Biagini,"R 82,390.00","With this being our flagship event of the year, it needs someone who is familiar with how our productions are
shot and who understands the brief having been recording with us for the past 10 years, the launch will be
shot in 4K which is the indistry's compatibility's standard and will also be uploaded to the SAST platform.",2024/12/04,Not Stated,Not Stated
1519,Q4 2024/25,2025/02/24,South African State Theatre,Band and vocalists performance at the SAST TV Launch,Sebeitainment Production,"R 282,500.00","As Band leader, Volley, along with the band and vocalists, had previously worked on these productions and
was already familiar with the music and musical arrangements, making rehearsals seamless.",2024/11/15,Not Stated,Not Stated
1520,Q4 2024/25,2025/02/24,South African State Theatre,Mzansi Fela Music Concert Zoe Modiiga,Banda Banda Agency,"R 184,000.00","Zoë Modiga promises an unforgettavble show. With a rich discography spanning three albums over the past
eight years, our audiences can look forward to an enthralling experience.",2024/11/28,Not Stated,Not Stated
1521,Q4 2024/25,2025/02/24,South African State Theatre,"Existing parking system, and supply, install and commission and maintain a
new parking system",Servest,"R 4,618,790.32","A deviation memo was prepared with supporting documentation to support a closed tender and shorted
advertisement period of 10 days instead of 21 days.",2024/12/17,Not Stated,Not Stated
1522,Q4 2024/25,2025/02/24,South African State Theatre,"Performance role within the production Changing the Game at the SAST TV
Launch",True African Gods,"R 15,000.00","During the Changing the Game production for the SAST TV launch, which had only one week of scheduled
rehearsals, KabeloToigoe, known artistically as Bonafide Billie, showcased his versatile talent and deep
connection to the original works. Having played the lead role in the original Freedom the Musical, which were
productions that were showcased in the Changing the Game production.",2024/12/19,Not Stated,Not Stated
1523,Q4 2024/25,2025/02/24,South African State Theatre,SAST TV Launch Photography and Videography,Lushaz Production CC,"R 10,000.00","Lushaz Productions stands as a premier video content creation company, renowed for delivering high-quality
visual storytelling tailored to meet diverse business and organizational needs.",2024/12/17,Not Stated,Not Stated
1524,Q4 2024/25,2025/02/24,South African State Theatre,"Courier service for Professor printer shipping back to Pretoria Performance role
within the production Changing the Game at the SAST TV Launch",Umsaka IT Solutions,R 850.00,"ICT requests that we use Umsaka IT Solutions to assist with the courier as they have assisted with the
printers troubleshooting and the printer is still on their premises.",2024/11/11,Not Stated,Not Stated
1525,Q4 2024/25,2025/02/24,South African State Theatre,Iye the survival by Hlogi Sehowa,Hlogii Sehowa Production and projects,"R 30,000.00",Sole Supplier,2025/02/21,Not Stated,Not Stated
1526,Q4 2024/25,2025/02/24,South African State Theatre,Production - Dear Kaffy Nigeria-Lagos,BAP Production and Entertainment Enterprise,"R 400,000.00",Sole Supplier,2025/02/14,Not Stated,Not Stated
1527,Q4 2024/25,2025/02/26,Department of Public Works and Infrastructure (DPWI),"Cape Town Nieuwmeester Parking: Dome; request for emergency procurement
for infrastructural resouces for 2025 Budget speech",Masihlombe and Khies Enterprises,"R 1,240,176.00","On 12 February 2025 DPWI received correspondence from RSA Parliament requesting the Department to
provide all infrastructural requirements for the 2025 budget speech scheduled to take place on Wednesday
19 February 2025.Due to the urgency of the service required ,it is impractical to follow normal quotation
process as the client requires these services urgently , accordingly, an emergency is best available option",2025/02/13,2025/02/13,2025/02/20
1528,Q4 2024/25,2025/02/26,Department of Public Works and Infrastructure (DPWI),"Cape Town request for emergency procurement for state of the Nation Address
for 2025 Grand Parade for operational and structural requirement",Katma Marketing and Communication,"R 1,537,520.00","The bid was advertised on 20 December 2024 and closed on 07 January 2025, three quotations were received
the offers were above the quotation threshold, these estimates were based on previous similar type of work
undertaken from the previous SONA. A decision was taken to re-advertise with the anticipation that more bids
within the quotation threshold will be received. The bid was re-advertised on 29 January 2025 and closed 31
January 2025, only one quotation was received from Masihlombe who quoted from the first bid advertised with
the same amount, this did not assist as we already had it from Masihlombe Enterprises.",2025/02/03,2025/02/03,2025/02/07
1529,Q4 2024/25,2025/02/18,Quality Council for Trades and Occupations (QCTO),Catering,Tshwane North TVET College,"R 30,000.00",Single Source,2025/02/12,Not Stated,Not Stated
1530,Q4 2024/25,2025/02/18,Quality Council for Trades and Occupations (QCTO),E-Recruitment system,SilverSoft South Africa,"R 309,258.00",Single Provider,2025/02/13,2025/03/26,2026/03/25
1531,Q4 2024/25,2025/02/17,Quality Council for Trades and Occupations (QCTO),Procurement of additional 15 voice telephones,Vodacom (Pty) Ltd,"R 112,876.30",To ensure all officials have access to telephone system,2024/07/03,2024/11/15,2026/11/15
1532,Q4 2024/25,2025/02/07,Quality Council for Trades and Occupations (QCTO),Government Certificate background paper,Government Printing Works,"R 133,584.86",Sole Supplier,2025/01/29,Not Stated,Not Stated
1533,Q4 2024/25,2025/02/28,National Research Foundation (NRF),"Procurement of disposable Clio kits, Extension lines, 15ml sterile vials and
aluminium caps for Clio dispensing system from for Ithemba Labs, Faure,
Western Cape, as and when required for period of three (3) years",Rubicon Healthcare (Pty) Ltd,"R 5,000,000.00","Single Source: Rubicon Healthcare are the authorised distributor of Comecer therefore they are suitable
agents to supply these consumables. A Request for Quote was sent to Comecer S.p.A (the manufacture) to
procure the 15ml sterile vials, aluminium caps, dispoasable clio kits and extension lines, however, they
indicated that Rubicon Healthcare is the only authorised distributor to sell the required consumables. The
items required are made specifically for the Clio dispensing system and were validated by the manufacture
(Comecer).",2025/02/27,2025/04/01,2028/03/01
1534,Q4 2024/25,2025/02/06,"Safety and Security Sector Education and Training
Authority (SASSETA)SETA",Procurement of emergency medical for an employee wellness,Gautent Provincial Government GPG Health DIR EME,"R 2,933.00",Provision of an ambulance on SASSET'S wellness day,2024/10/08,2024/10/08,2024/10/11
1535,Q4 2024/25,2025/02/05,Quality Council for Trades and Occupations (QCTO),Government Gazette,Government Printing Works,"R 6,052.63",Sole Supplier,2025/01/31,Not Stated,Not Stated
1536,Q4 2024/25,2025/03/03,Performing Arts Centre of the Free State (PACOFS),SAMRO Licence renewal,Southern African Music Rights Organisation,"R 14,392.71",Sole Supplier,2025/02/18,Not Stated,Not Stated
1537,Q4 2024/25,2025/03/03,Department of Public Works and Infrastructure (DPWI),"Maintenance and Servicing of boilers of a period of Five (5) Months on a Single
Source Basis from 01 March 2025 to 31 July 2025",Steam Development Technologies,"R 5,436,625.00",The Department is unable to go on competitive process due a litigation which is currently in progress,2025/02/18,2025/03/01,2025/07/31
1538,Q4 2024/25,2025/01/21,Quality Council for Trades and Occupations (QCTO),Azure Cloud Based Hosting Services,Argantic Gacs,"R 986,052.00",Emergency Deviation,2025/01/21,2025/01/21,2025/01/21
1539,Q4 2024/25,2025/03/07,"Agricultural Sector Education and Training Authority
(AgriSETA)SETA",Board Training and ARC Facilitate-self assessment,Institute of Directors in South Africa,"R 120,100.25",Single Source,2025/02/20,Not Stated,Not Stated
1540,Q4 2024/25,2025/03/07,"Agricultural Sector Education and Training Authority
(AgriSETA)SETA",Provision of Mandatory Grant Changes-creating N Numbers,,"R 49,680.00",Single Source,2025/02/21,Not Stated,Not Stated
1541,Q4 2024/25,2025/03/07,South African National Space Agency (SANSA),Provision of Lunar Operations using SARAO 26M Antenna,"National Research Foundation
(NRF)","R 4,900,000.00",NRF is the only ground station in South Africa that has a 26m antenna,2025/03/05,2025/03/05,2030/03/04
1542,Q4 2024/25,2025/03/06,National Research Foundation (NRF),"Supply of passive electronic components and population of 1 032 for the SA-
CERN ATLAS TileCal Phase-II Upgrade Bricks.",Jemstech (Pty) Ltd,"R 1,960,809.00","Single Source: The manufacturing process of these items is highly specialised and must
conform to strict quality control. Jemstech Pty (Ltd) has been a reliable and trusted partner of the local ATLAS
group since the commencement of the project assembling successfully several prototypes.",2025/02/27,Not Stated,Not Stated
1543,Q4 2024/25,2025/03/05,Council for Scientific and Industrial Research (CSIR),Advance Smart Tracking Technologies,Ekasilam Technologies (Pty) Ltd,"R 1,642,766.72",Single Source Procurement,2025/02/28,2025/02/28,2025/02/28
1544,Q4 2024/25,2025/03/05,Council for Scientific and Industrial Research (CSIR),"Request for the SuperPayroll and Payspace systems to run concurrently during
the implementation phase of the selected payroll solution (Payspace) and to
have access to the data from the SuperPayroll system for the legislative
required period of at least 5 years",Pay Squad cc,"R 2,085,582.75",Single Source Procurement,2025/03/04,2025/03/04,2030/02/28
1545,Q4 2024/25,2025/03/07,South African Tourism,"Meetings Africa Media Buy- TV OB Crossings, Radio Packages & Digital News
Channel 404",SABC,"R 1,466,250.00",Single Source Procurement,2025/02/20,2025/02/20,2025/03/25
1546,Q4 2024/25,2025/03/03,"Energy and Water Sector Education and Training Authority
(EWSETA)SETA",Sponsorship,Africa Energy Indaba,"R 442,214.42","This sponsorship provided EWSETA with a strategic platform to showcase its energy and water strategy to a
global audience. The event facilitated partnerships and collaboration with key industry stakeholders, including
experts, project developers, financiers, energy users, government officials, and energy manufacturers.
Through this engagement, EWSETA was able to influence industry discourse and contribute meaningfully to
the sector..",2025/02/17,Not Stated,Not Stated
1547,Q4 2024/25,2025/03/03,"Energy and Water Sector Education and Training Authority
(EWSETA)SETA",Publication,M People Resourcing T/A Green Economy media,"R 33,292.50","This publication enhanced EWSETA’s brand visibility among government entities, industry leaders, and
innovators while strengthening key partnerships. It provided opportunities to showcase EWSETA’s skills
development programs, training initiatives, and success stories, aligning with its mission to drive
transformation and growth in the energy and water sectors.",2025/02/18,Not Stated,Not Stated
1548,Q4 2024/25,2025/03/03,"Energy and Water Sector Education and Training Authority
(EWSETA)SETA",Sponsorship,Green Youth Network NPC,"R 700,000.00","EWSETA’s sponsorship aligned with its quarterly targets and broader STEM education mandate, supporting
skills development in the energyand water sectors. The program played a crucial role in strengthening STEM
education, which is essential for developing a skilled workforce in high-growth industries.",2025/02/20,Not Stated,Not Stated
1549,Q4 2024/25,2025/03/03,"Energy and Water Sector Education and Training Authority
(EWSETA)SETA",Publication,Global Africa Network,"R 52,736.12","EWSETA’s participation in Global Africa Network’s print and digital platforms provided an opportunity to
showcase its commitment to the Green Economy and its role in the energy and water sectors. Through the
quarterly Leadership in Government journal, EWSETA engaged with government agencies and parastatals to
highlight its contributions to skills development and sector transformation.",2025/02/24,Not Stated,Not Stated
1550,Q4 2024/25,2025/03/03,"Energy and Water Sector Education and Training Authority
(EWSETA)SETA",Renewal of Licenses,Softline Pastel T/A SAGE South Africa,"R 53,167.95","The renewal of Sage VIP licenses ensured a fully integrated payroll and financial management system for
EWSETA, improving compliance, accuracy, and efficiency in salary processing, tax calculations, and financial
reporting. This renewal supports seamless payroll operations, statutory compliance, and financial
management best practices.",2025/02/26,Not Stated,Not Stated
1551,Q4 2024/25,2025/03/03,"Energy and Water Sector Education and Training Authority
(EWSETA)SETA",Renewal of membership,SAICA (SA Institute of Chartered Accountants),"R 27,971.30","As a professional body, SAICA requires its members to undergo continuous training and evaluation to
maintain their membership. This ensures that members stay updated with industry standards, skills, and best
practices, thereby promoting excellence and competency within the profession.",2025/02/26,Not Stated,Not Stated
1552,Q4 2024/25,2025/03/03,"Energy and Water Sector Education and Training Authority
(EWSETA)SETA",Security Risk Assessment Services,Bokang Consulting Services,"R 211,202.38","Due to the sensitive and urgent nature of EWSETA's security risk assessment, the recommended service
provider was selected based on their prior access to confidential reports and their past work with BDO. This
ensured continuity and timely risk mitigation without delays.",2025/02/26,Not Stated,Not Stated
1553,Q4 2024/25,2025/03/03,"Energy and Water Sector Education and Training Authority
(EWSETA)SETA",Renewal of subscription,South African Photovoltaic Association,"R 29,892.00","EWSETA's collaboration agreement with SAPVIA benefits both parties in the skills development sector. By
subscribing to SAPVIA's corporate membership, EWSETA gains access to industry insights and networking
opportunities that support its skills development initiatives.",2025/02/26,Not Stated,Not Stated
1554,Q4 2024/25,2025/03/03,"Energy and Water Sector Education and Training Authority
(EWSETA)SETA",Advert,Arena Holdings,"R 58,995.00","Arena Holdings was selected for its extensive media reach, enabling EWSETA to effectively engage
stakeholders and enhance visibility for its skills development and empowerment initiatives, ensuring maximum
impact.",2025/02/27,Not Stated,Not Stated
1555,Q4 2024/25,2025/03/03,"Energy and Water Sector Education and Training Authority
(EWSETA)SETA",Advert,Arena Holdings,"R 80,704.81","Arena Holdings was selected for its extensive media reach, enabling EWSETA to effectively engage
stakeholders and enhance visibility for its skills development and empowerment initiatives, ensuring maximum
impact.",2025/02/27,Not Stated,Not Stated
1556,Q4 2024/25,2025/03/03,"Energy and Water Sector Education and Training Authority
(EWSETA)SETA",Sponsorship - exhibition stand,Africa Energy Indaba,"R 235,692.50","This sponsorship provided EWSETA with a platform to showcase its energy and water strategy to a global
audience, fostering partnerships and collaboration with key industry stakeholders. The event attracted a
diverse coalition of industry experts, project developers, financiers, energy users, government officials, and
energy manufacturers, enabling EWSETA to influence industry conversations and contribute to sector
development.",2025/02/28,Not Stated,Not Stated
1557,Q4 2024/25,2025/03/03,Iziko Museums of South Africa,International Mother Language Day,Quinton Goliath,"R 3,500.00","The RFQ was advertised, but only one service provider responded",2025/02/20,Not Stated,Not Stated
1558,Q4 2024/25,2025/03/03,Iziko Museums of South Africa,ISAM 200 Publications and Printing and designs,Sun Media,"R 404,705.71","The RFQ was advertised on the eTender portal, but only one service provider responded",2025/02/25,Not Stated,Not Stated
1559,Q4 2024/25,2025/03/03,Iziko Museums of South Africa,Customs and Transit Charges,Hiring Logistics,"R 344,926.01","Customs fees payable upon arrival of parcel in South Africa to courier company selected by a donor making a
donation tp Iziko",2025/02/28,Not Stated,Not Stated
1560,Q4 2024/25,2025/03/03,Iziko Museums of South Africa,Licence renewal subscription,Mindex,"R 706,627.85",Sole supplier,2025/03/03,2025/03/03,2025/02/28
1561,Q4 2024/25,2025/03/05,"Department of Sports, Arts and Culture (DSAC)","Request to approve deviation for payment of professional bodies membership
fees for officials within infrastructure support unit for the year 2025/2026","South African Council for the Project and Construction
Management Professions (SACPCMP), South African
Association of Public Administration and Management
(SAAPAM), The South African Faciities Management
Association (SAFMA), Engineering Council of South
Africa (ECSA) and The South African Council for the","R 65,768.20",single source,2025/02/25,Not Stated,Not Stated
1562,Q4 2024/25,2025/03/11,South African National Space Agency (SANSA),"SANSA exhibitor booth (exhibit space) at SpaceOps 2025 Conference
in Canada","Canadian Aeronautics and
Space Institute","R 230,000.00",Canadian Aeronautics and Space Institute is the organization responsible for the SpaceOps 2025 conference,2025/03/04,Not Stated,Not Stated
1563,Q4 2024/25,2025/03/13,Department of Higher Education and Training (DHET),Catering service at the University of Pretoria from 03 March 2025-04 March 2025,Adler,"R 298,080.00",Single source,2025/03/03,2025/03/03,2025/03/04
1564,Q4 2024/25,2025/03/13,Department of Higher Education and Training (DHET),Holding room,Adler,"R 10,000.00",Single source,2025/03/03,2025/03/03,2025/03/04
1565,Q4 2024/25,2025/03/13,Department of Higher Education and Training (DHET),Bus service,Pal Bus services,"R 19,000.00",Single source,2025/03/03,2025/03/03,2025/03/04
1566,Q4 2024/25,2025/03/13,Department of Higher Education and Training (DHET),Ambulance,EMER-G-MED,"R 5,635.00",Single source,2025/03/03,2025/03/03,2025/03/04
1567,Q4 2024/25,2025/03/11,Department of Higher Education and Training (DHET),"Appointment of SITA to review the Emulation Attachamate Software
maintanance and support for the Department of Higher Education and Training
(DHET)",State Information Technology Agency (SITA),"R 142,023.76",Single source,2025/03/05,2025/03/05,2026/03/04
1568,Q4 2024/25,2025/03/14,Department of Higher Education and Training (DHET),"Appointment of a service provider to print, pack, plastic seal,consolidated and
dispatch exammination papers of Technical and Vocational Education and
Training colleges to examination centre for the period of three years effective
from 1 January 2023 until 31 December 2025",The Government Printing Works,"R 69,941,620.98",Single sourcing,2025/03/11,2025/03/11,2025/12/31
1569,Q4 2024/25,2025/03/13,National Research Foundation (NRF),"Procurement of Microsoft m365 e3 licenses on an open volume license
agreement subscription for a period of three years.",Microsoft Ireland Operations,"R 6,692,507.00","Single Source: The requirement is for standardisation across the organisation as NRF Corporate adopted
Microsoft 365 E3 in 2019 while implementing the ERP solution which requires Microsoft licensing.
Procurement of Microsoft Licenses is as per the National Treasury SCM Circular No 11 of 2016/2017:
Microsoft Software, Products and Services Cost Containment Project Implementation.",2025/03/03,2025/04/01,2028/03/31
1570,Q4 2024/25,2025/03/13,National Research Foundation (NRF),"Maintenance, repairs and supply of spare parts for Nortek ADCP equipment for
a period of five years.",CLS Southern Africa,"R 2,642,252.00","Single Source: SAEON-Elwandle have numerous Nortek Acoustic Doppler Current Profiler (ADCP)
instruments. The intension of this contract is to appoint a supplier for the service/maintenance and provision
of spare parts and batteries for these instruments. CLS Southern Africa, are the sole agents in Southern
Africa of Nortek Instruments.",2025/03/03,2025/04/01,2030/03/31
1571,Q4 2024/25,2025/03/12,Department of Public Works and Infrastructure (DPWI),"Water and waste water treatment plant at thedepartment of Correctional
Services and department of Defence facilities: for emegerncy procurement for
the operations and site management for the month of December 2024.",Zanamanzi Services,"R 1,187,488.00","This is an essensial service, due to the nature and the requirements to comply with Blue Drop and Green
Drop it is adviced to continuje using the current service provider that was operatig the plant.Placin another
services provider for these tasks would pose an inherent risks for the Department. The time available is not
sujfficient for a new service provider to understsand the installed systems, operations and technical
equipment.",2024/11/28,2024/11/28,Not Stated
1572,Q4 2024/25,2025/03/12,Department of Public Works and Infrastructure (DPWI),"Water and waste water treatment plant at thedepartment of Correctional
Services and department of Defence facilities: for emegerncy procurement for
the plant operations and site management for the month of January 2025.",Zanamanzi Services,"R 1,187,488.00","This is an essensial service, due to the nature and the requirements to comply with Blue Drop and Green
Drop it is adviced to continuje using the current service provider that was operatig the plant.Placin another
services provider for these tasks would pose an inherent risks for the Department. The time available is not
sujfficient for a new service provider to understsand the installed systems, operations and technical
equipment.",2024/12/19,2024/12/19,Not Stated
1573,Q4 2024/25,2025/03/12,Department of Public Works and Infrastructure (DPWI),"Water and waste water treatment plant at thedepartment of Correctional
Services and department of Defence facilities: for emegerncy procurement for
the plant operations and site management for the month of January 2025.",Aquaflow water services,"R 1,792,574.37","This is an essensial service, due to the nature and the requirements to comply with Blue Drop and Green
Drop it is adviced to continuje using the current service provider that was operatig the plant.Placin another
services provider for these tasks would pose an inherent risks for the Department. The time available is not
sujfficient for a new service provider to understsand the installed systems, operations and technical
equipment.",2024/12/19,2024/12/19,Not Stated
1574,Q4 2024/25,2025/03/12,Department of Public Works and Infrastructure (DPWI),"Water and waste water treatment plant at thedepartment of Correctional
Services and department of Defence facilities: for emegerncy procurement for
the plant operations and site management for the month of January 2025.",Aquaflow water services,"R 1,792,574.37","This is an essensial service, due to the nature and the requirements to comply with Blue Drop and Green
Drop it is adviced to continuje using the current service provider that was operatig the plant.Placin another
services provider for these tasks would pose an inherent risks for the Department. The time available is not
sujfficient for a new service provider to understsand the installed systems, operations and technical
equipment.",2024/11/28,2024/11/28,Not Stated
1575,Q4 2024/25,2025/03/12,Department of Public Works and Infrastructure (DPWI),"Water and waste water treatment plant at thedepartment of Correctional
Services and department of Defence facilities: for emegerncy procurement for
the plant operations and site management for the month of December 2024.",Aquaflow water services,"R 1,792,574.37","This is an essensial service, due to the natgure and the requirements to comply with Blue Drop and Green
Drop it is adviced to continuje using the current service provider that was operatig the plant.Placin another
services provider for these tasks would pose an inherent risks for the Department. The time available is not
sufficient for a new service provider to understsand the installed systems, operations and technical
equipment.",2024/11/07,2024/11/07,Not Stated
1576,Q4 2024/25,2025/03/12,Department of Public Works and Infrastructure (DPWI),"Water and waste water treatment plant at thedepartment of Correctional
Services and department of Defence facilities: for emegerncy procurement for
the plant operations and site management for the month of November 2024.",Aquaflow water services,"R 1,792,574.37","This is an essensial service, due to the nature and the requirements to comply with Blue Drop and Green
Drop it is adviced to continue using the current service provider that was operatig the plant.Placin another
services provider for these tasks would pose an inherent risks for the Department. The time available is not
sufficient for a new service provider to understsand the installed systems, operations and technical
equipment.",2024/11/07,2024/11/07,Not Stated
1577,Q4 2024/25,2025/03/12,Department of Public Works and Infrastructure (DPWI),"Water and waste water treatment plant at thedepartment of Correctional
Services and department of Defence facilities: for emegerncy procurement for
the plant operations and site management for the month of November 2024.",Zanamanzi Services,"R 1,187,488.00","This is an essensial service, due to the nature and the requirements to comply with Blue Drop and Green
Drop it is adviced to continue using the current service provider that was operating the plant.Placing another
services provider for these tasks would pose an inherent risks for the Department. The time available is not
sujfficient for a new service provider to understsand the installed systems, operations and technical
equipment F17:I18t.",2024/11/07,2024/11/07,Not Stated
1578,Q4 2024/25,2025/03/11,Human Sciences Research Council (HSRC),Procurement of property rates and taxes at the City of Tswane,City of Tshwane Municipal,"R 8,697,480.00",Single Source Service,2025/03/05,2025/04/01,2026/03/31
1579,Q4 2024/25,2025/03/11,Human Sciences Research Council (HSRC),Procurement of electricity from the City of Tshwane,City of Tshwane Municipal,"R 14,861,523.60",Single Source Service,2025/03/05,2025/04/01,2026/03/31
1580,Q4 2024/25,2025/03/14,South African Police Service (SAPS),"To appoint Vodacom as a preferred supplier for the provisioning of call
transmission links services for the South African Police Service for 24 months",Vodacom SA,"R 829,765.02",Value Added Item,2025/03/04,2025/03/04,2027/03/04
1581,Q4 2024/25,2024/12/27,"Education, Training and Development Practices Sector
Education and Training Authority (ETDP SETA)SETA",Presentation of salary notches and pay progression,Emergency Human Capital (Pty) Ltd,"R 1 1,320.60","To conduct a presentation before governance structure of the ETDP SETA as to ensure a ssuccessful
adoption and understanding of the new salary structure and pay progression.",2024/12/17,2025/01/06,2025/01/06
1582,Q4 2024/25,2024/12/27,"Education, Training and Development Practices Sector
Education and Training Authority (ETDP SETA)SETA",Lease of office space for the ETDP SETA Free State office.,Regus Management Group (Pty) Ltd,"R 6 91,944.00","The ETDP SETA was unable to secure a compliant bidder in an open tender which was advertised
three times.",2024/09/20,2024/10/01,2025/09/30
1583,Q4 2024/25,2025/02/07,"Banking Sector Education and Training Authority
(BANKSETA)SETA",Office Alterations -additional cost,JR 209 investment/MT,"R 4 5,499,791.00","Single Source Procurement Process: The BANKSETA extended their lease contract with head office
landlord JR 209 investment/MT in order to occupy the additional ground floor. The landlord provided a
tenant installation amount of R 1,625,078.27 to cover BANKSETA's first plan for the office configuration.
BANKSETA then changed the plan to include less board rooms and more office spece. The cost of the
change is R 45 497,91 which is a shortfall on the amount availed for BANKSETA to cover. It would be
impracitical to source another service provider through a competitive bidding process for the tenant",2025/01/24,Not Stated,Not Stated
1584,Q4 2024/25,2025/02/26,"Finance and Accounting Services Sector Education and
Training Authority (Fasset)SETA","FASSET with Catering services for the FASSET Research Summit
Scheduled for the 24 February 2025",The Luncheon Eatery,"R 3 7,628.00",The DBSA venue provided free of charge.. Inhouse catering service at the venue,2025/02/12,Not Stated,Not Stated
1585,Q4 2024/25,2025/02/26,"Finance and Accounting Services Sector Education and
Training Authority (Fasset)SETA","Catering services for the FASSET physical staff meeting and team building
session on 21 February 2025",The Luncheon Eatery,"R 38,898.75",The DBSA venue provided free of charge.. Inhouse catering service at the venue,2025/02/12,Not Stated,Not Stated
1586,Q4 2024/25,2025/02/26,"Finance and Accounting Services Sector Education and
Training Authority (Fasset)SETA",Provision of Careware Software,Adapt IT Holdings,"R 1,122,451.77",Sole provider,2025/02/10,Not Stated,Not Stated
