number,period_quarter_use_dropdown_list,date_received_by_gmc_yyyy_mm_dd,entity_department_use_dropdown_list,project_description,supplier_service_provider,value_of_deviation_r,reason_for_deviation,award_by_ao_aa_date_yyyy_mm_dd,contract_start_date_yyyy_mm_dd,contract_expiry_yyyy_mm_dd,status_use_dropdown_list,comments
1,Q1 2025/26,2025/03/28,"South African National Energy
Development Institute (SANEDI)",Rental of Office Furniture,Mantomphi,"R 185,810.00","A process of three quotations was taken with the anticipation
that by the time the renovation process gets to the end, the
furniture will be returned to the service provider. With the
lack of storage for the new furniture which will probably
broken and get dirty because of the construction process on
site, the rented furniture was opted.",2025/02/06,Not stated,Not stated,Reported,
2,Q1 2025/26,2025/03/17,Road Traffic Infringement Agency (RTIA),Installation of alarms and additional cameras,Rainbow Technologies,"R 449,500.00","Break in incident requiring enhancement of the security
controls",2025/02/06,2025/02/07,2025/03/30,Reported,
3,Q1 2025/26,2025/03/17,Road Traffic Infringement Agency (RTIA),Extension of scope for the CCMA matter,MMMG,"R 2 6,957.75","The law firm is familier with the original scope and it is cost
convinient to use same service provider",2025/02/13,2025/02/14,2025/03/01,Reported,
4,Q1 2025/26,2025/03/17,Road Traffic Infringement Agency (RTIA),Support fees for Barnowl,IDI Technology,"R 7 4,520.00",Existing tool monitoring risk management services,2025/02/25,2025/03/01,2026/02/28,Reported,
5,Q1 2025/26,2025/03/24,Air Traffic and Navigation Services (ATNS),Membership 3 Users andFleets Database 1 User,CAPA – Centre for Aviation,"R 7 25,317.99",Single source,2025/02/25,2025/03/17,2028/03/17,Reported,
6,Q1 2025/26,2025/03/17,"National Youth Development Agency
(NYDA)",Hygiene Equipment Rental,LAMI Cleaning & Hygiene Care,"R 8 ,964.45",Landlords service providers,2025/02/25,2025/03/01,2025/03/31,Reported,
7,Q1 2025/26,2025/03/17,"National Youth Development Agency
(NYDA)","VIP Payroll, HR Premier and ESS",SAGE VIP,"R 2 88,158.80",Continuity of service,2025/03/20,2025/03/01,2026/03/31,Reported,
8,Q1 2025/26,2025/03/25,Trans-Caledon Tunnel Authority (TCTA),"Appointment of a SAGE approved partner to implement SAGE
SCM and HR module and SAGE 3rd party solutions and
support and maintenance",Isitshixo Business Solutions CC,"R 4 50,926.39","Limited bidding to SAGE Platitum and Gold acreedited
partners",Not stated,Not stated,Not stated,Reported,
9,Q1 2025/26,2025/03/25,Trans-Caledon Tunnel Authority (TCTA),Chairing of disciplinary process for TCTA employees,Malatji and Co Attorneys,"R 7 19,840.00",Single sourcing from the Panel of prequalified Law Firms,Not stated,Not stated,Not stated,Reported,
10,Q1 2025/26,2025/03/25,Trans-Caledon Tunnel Authority (TCTA),Initiation of disciplinary process for TCTA employees,MNS Attorneys,"R 9 31,700.00",Single sourcing from the Panel of prequalified Law Firms,Not stated,Not stated,Not stated,Reported,
11,Q1 2025/26,2025/03/25,Trans-Caledon Tunnel Authority (TCTA),"Appointment of External Law Firm to assist TCTA on labour
matter",ENS Attorneys,"R 1,000,000.00",Single sourcing from the Panel of prequalified Law Firms,Not stated,Not stated,Not stated,Reported,
12,Q1 2025/26,2025/03/25,Trans-Caledon Tunnel Authority (TCTA),Appointment of Credit Rating Agencies for TCTA projects,"Moody's Investors Service South Africa
(Pty) Ltd","R 5 0,957,403.00","Closed bid from the list of accredited Rating Agencies by the
FSCA and also Agencies selected by the lenders",Not stated,Not stated,Not stated,Reported,
13,Q1 2025/26,2025/03/25,Trans-Caledon Tunnel Authority (TCTA),"appointment of a service provider to repair vandalized
electricity line at the Caledon side",K Five Electrical Contractors,"R 3 34,510.00","Emergency procurement for the supply and repair of the
vandalised electrical cable to the LHWP tunnel.",Not stated,Not stated,Not stated,Reported,
14,Q1 2025/26,2025/03/25,Trans-Caledon Tunnel Authority (TCTA),"Appointment of a service provider to repair vandalized
electricity line at the Caledon side",Keyaiketsetsa,"R 3 01,589.00","Emergency procurement for the supply and repair of the
vandalised electrical cable to the LHWP tunnel.",Not stated,Not stated,Not stated,Reported,
15,Q1 2025/26,2025/03/25,Trans-Caledon Tunnel Authority (TCTA),"Appointment of External law firm to provide llabour related
advisory and legal opinion",ENS Africa,"R 1 11,775.00",Single sourcing,Not stated,Not stated,Not stated,Reported,
16,Q1 2025/26,2025/03/25,Trans-Caledon Tunnel Authority (TCTA),"Appointment of Microsoft SA to supply TCTA with Microsoft
licences and Microsoft Unified Entreprise Support for a period
of 5 years",Microsoft SA (Pty) Ltd,"R 1 2,764,360.00","Single Sourcing to the OEM through the SITA Government
Framework Agreement",Not stated,Not stated,Not stated,Reported,
17,Q1 2025/26,2025/03/25,Trans-Caledon Tunnel Authority (TCTA),"Appointment of a service provider to provide debt sponsor
services, arranging and agency services for a period of 36
months.","Nedbank and RHO Capital Group
Consortium","R 1 ,274,937.00","Limited bidding to the instituions accredited by Strate and
JSE",Not stated,Not stated,Not stated,Reported,
18,Q1 2025/26,2025/03/25,"Petroleum, Oil and Gas Corporation of
South Africa (PetroSA)",Chemical Poly Acrylamide Sep-G33 750kg,Improchem,"R 1 24,635.00",Sole Source,2025/03/12,2025/03/12,2025/04/11,Reported,
19,Q1 2025/26,2025/03/27,Department of Transport (DOT),"To appoint the Development Bank of Southern Africa (DBSA) to
act as an agent for the department in the establishment of a rail
Private Sector Participation (PSP) unit.","Development Bank of Southern Africa
(DBSA)","R 2 20,000,000.00","Following approval of the PSP Framework (the Framework)
by Cabinet on 08 December 2023, the Minister directed that
the Department should approach the DBSA to act as an
agent for the Department in establishing, capacitating and
managing the rail PSP Unit. The Rail Transport Branch
believes that the DBSA has the capacity to establish and
manage the PSP Unit, that the project cost charged is
market related and that any procurement for goods and
services will be in accordance with a system which is fair,
equitable, transparent, competitive and cost-effective",2025/03/26,Not stated,Not stated,Reported,
20,Q1 2025/26,2025/03/27,Road Accident Fund (RAF),"Citrix cloud solution including licenses, implementation and
support services",Troye Computer Systems,"R 1 6,021,915.00","The market was analysed and only 3 bidders were acredited
to provide solution. On the quotations which were requested
from 3 bidders, Troye quoted the lowest hence appointed.",2025/03/25,2025/03/07,Not stated,Reported,
21,Q1 2025/26,2025/03/27,Road Accident Fund (RAF),Informix Software Subscription and Support License,"Reagola Computer & Management
Services (Pty) Ltd","R 3 ,248,980.00","The market was analysed and the OEM provided a list of
bidders who were acredited. From the quotations received
from resellers, Reagola was the cheapest and compliant
bidder to be appointed.",2025/03/25,2025/03/07,Not stated,Reported,
22,Q1 2025/26,2025/03/27,Department of Basic Education (DBE),"Brailling, large print and audio-versioning of question papers
for May/ June and October/ November 2025 examinations.",Pioneers Printers,"R 3 ,309,284.10","The service provider's specialised expertise in this field. The
tender for this service was cancelled because none of the
submitted bids was responsive. Bidders did not comply with
some of the mandatory requirements listed in the Terms of
Reference.",2025/03/06,Not stated,2025/11/30,Reported,
23,Q1 2025/26,2025/03/27,Air Traffic and Navigation Services (ATNS),"For the design, maintenance and verification or
groundvalidation of an instrument procedure design
includingobstacle assessments for a period of twenty-four (24)
months",NavXpert Consulting (Pty)(Ltd),"R 2 ,187,473.65",Single sourcing,2025/03/11,2025/03/19,2027/03/19,Reported,
24,Q1 2025/26,2025/03/27,Air Traffic and Navigation Services (ATNS),"To appoint Oracle (OEM) for the support and maintenance for
theduration of three (3) months.",Oracle,"R 3 ,983,576.78",Single sourcing,2025/03/03,2025/03/17,2025/06/17,Reported,
25,Q1 2025/26,2025/03/27,Air Traffic and Navigation Services (ATNS),"To enable the efficient operations of the FACT and FAOR
Surface Movement Radars (SMRs)",Terma A/S Radar Systems,"R 1 ,575,293.60",Single sourcing,2025/02/24,2025/03/19,2025/06/19,Reported,
26,Q1 2025/26,2025/03/27,Air Traffic and Navigation Services (ATNS),"For the provision of online recruitment services for aperiod of
four months","Interactive Junction Holdings t/a
CareerJunction","R 1 60,326.10",Single sourcing,2025/02/26,2025/03/19,2025/08/19,Reported,
27,Q1 2025/26,2025/03/27,Air Traffic and Navigation Services (ATNS),"Appointment of Airways New Zealand limited, for provision of
the design, maintenance and verification of instrument
procedure designs and charting services including watch
supervisor training over a period of 12 months",Airways New Zealand Limited,"R 1 0,399,641.15",Single sourcing,2025/03/20,2025/03/20,2026/03/20,Reported,
28,Q1 2025/26,2025/04/01,Mintek,Repairs to the Chillers,Ginder Brown (Pty) Ltd,"R 1 ,340,648.00",Preferred Supplier,2025/03/25,2025/03/25,Not stated,Reported,
29,Q1 2025/26,2025/04/01,Mintek,Repair: Nexion 300Q,PEerklinelmer South Africa (Pty) Ltd,"R 1 3,860,000.00",Preferred Supplier,2025/03/25,2025/03/13,Not stated,Reported,
30,Q1 2025/26,2025/04/08,Air Traffic and Navigation Services (ATNS),"For the procurement of a new E2GMU for RVSM height
monitoring equipment.",CSSI LLC,"R 7 79,600.00",Single source,2024/05/03,2025/03/27,2026/03/27,Reported,
31,Q1 2025/26,2025/04/09,"South African Health Products Regulatory
Authority (SAPHRA)","Exhibition and participation at the South African Association of
Hospital and Institutional Pharmacists (SAAHIP) conference",SAAHIP,"R 2 4,000.00",Single source,2025/03/26,Not stated,Not stated,Reported,
32,Q1 2025/26,2025/04/01,"Department of International Relations and
Cooperation (DIRCO)",G20 Airport Advertising,Provantage (Pty)Ltd (Hh945),"R 3 3,671,820.73",Sole source,2025/03/28,2025/03/24,Not stated,Reported,
33,Q1 2025/26,2025/04/01,"Department of International Relations and
Cooperation (DIRCO)",Décor During Sa-Portugal Bilateral Consultations,Lunomusa Trading Enterprise,"R 4 ,620.00",Less than three quotes,2025/03/28,2025/03/27,Not stated,Reported,
34,Q1 2025/26,2025/04/14,"National Radioactive Waste Disposal
Institute(NRWDI)","Appointment of a service provider for a cloud subcription,
implementationc, migration, training, support and maintenance
of SAGE 300 people and SAGE Intact Enterprise Resource
Planning (ERP) system for a period of five years (60 months)",SAGE South Africa,"R 3 ,050,951.11","1. The Inaugural Board of NRWDI commissioned a study or
market research by appointing consultants to identify a
suitable ERP system for NRWDI. The consultants identified
SAGE as the suitable ERP. 2. In the 2023/2024
financial year, NRWDI published a tender openly to procure
a ERP system and no suitable service provider was found in
the market because of the huge difference between the price
proposal from the market and NRWDI's estimated cost and
budget. The lowest price from the market was about R7
million and NRWDI had a budget of less than R4 million.
3. In the 2024/2025 financial year, NRWDI invited a bid on a
closed tender process from SAGE partners and none of
them submitted their tender in the tender box before the
closing date and time.",2025/03/31,2025/05/01,2030/04/30,Reported,
35,Q1 2025/26,2025/04/15,"Petroleum, Oil and Gas Corporation of
South Africa (PetroSA)",SPM+CBM,Transnet SOC,"R 3 1,000,000.00",Sole source,2025/04/01,2025/04/01,2025/04/01,Reported,
36,Q1 2025/26,2025/04/15,"Petroleum, Oil and Gas Corporation of
South Africa (PetroSA)",Meter Calibration,Mighty Rave Projects,"R 4 3,964.03",Emergency Single Source,2025/04/10,2025/04/10,2025/04/17,Reported,
37,Q1 2025/26,2025/04/22,"Petroleum, Oil and Gas Corporation of
South Africa (PetroSA)",FA NonComp - Admin Fine DMRE,Mine Health & Safety Council,"R 5 0,000.00",Sole source - Regulatory Requirements,2025/04/11,2025/04/15,2025/04/15,Reported,
38,Q1 2025/26,2025/04/22,"Petroleum, Oil and Gas Corporation of
South Africa (PetroSA)",Oil Crankcase Dieselube 700 Super 15W40,Engen Petroleum,"R 5 3,718.00",Sole source,2025/04/16,2025/04/16,2025/05/14,Reported,
39,Q1 2025/26,2025/04/22,Air Traffic and Navigation Services (ATNS),"To provide new, maintenance, verification or ground validation
of flight procedure design and associated training over a period
of 12 months",Tsela Flight Procedure Design,"R 3 ,590,538.72",Single source,2024/04/02,2025/04/14,2026/04/14,Reported,
40,Q1 2025/26,2025/04/22,Magalies Water,VSD at Magalies Water Treatement Plant,Craigcor Distributors,"R 2 ,761,595.28",Sole source,2024/07/25,2024/08/02,2025/06/30,Reported,
41,Q1 2025/26,2025/04/22,Magalies Water,Not Stated,Not stated,"R 1 ,900,000.00",Sole source,2024/08/02,2024/08/02,2025/06/30,Reported,
42,Q1 2025/26,2025/04/22,Magalies Water,Access to Micro-Mega Billing data,Inzalo Enterprise Management System,"R 1 7,029.82",Not Stated,2025/01/21,Not stated,Not stated,Reported,
43,Q1 2025/26,2025/04/08,"Department of Agriculture, Land Reform
and Rural Development (DALRRD)","The tollout of the sterile insect technique against the
Mediteranean fruit fly in South Africa",Delicious Fruit Producers Trust,"R 1 5,286,000.00","The department was required to fulfil its mandate throuth the
agricutlrual pets act",2025/03/26,Not stated,Not stated,Reported,
44,Q1 2025/26,2025/04/03,"South African Maritime Safety Authority
(SAMSA)",Data Implementation,SITA,"R 1 0,000,000.00",Single source,2024/09/11,Not stated,Not stated,Reported,
45,Q1 2025/26,2025/04/03,"South African Maritime Safety Authority
(SAMSA)",Miicrosoft,Microsoft,"R 2 37,267.22",Sole source,2024/07/01,Not stated,Not stated,Reported,
46,Q1 2025/26,2025/04/03,"South African Maritime Safety Authority
(SAMSA)",Sage,Quality Assurance,"R 5 3,360.00",Single Source,2024/09/12,Not stated,Not stated,Reported,
47,Q1 2025/26,2025/04/03,"South African Maritime Safety Authority
(SAMSA)",Document Management,Afrisoga,"R 3 ,072,000.00",Single source,2024/05/17,Not stated,Not stated,Reported,
48,Q1 2025/26,2025/04/03,"South African Maritime Safety Authority
(SAMSA)",Microsoft,Microsoft,"R 1 5,000,000.00",Sole source,2024/07/01,Not stated,Not stated,Reported,
49,Q1 2025/26,2025/04/03,"South African Maritime Safety Authority
(SAMSA)",Crowdstrike License,Dynamandre,"R 1 ,624,032.55",One service provider responded,2024/07/01,Not stated,Not stated,Reported,
50,Q1 2025/26,2025/04/03,"South African Maritime Safety Authority
(SAMSA)",Office space,Transnet SOC,"R 8 ,293,189.88",Single source,2024/04/01,Not stated,Not stated,Reported,
51,Q1 2025/26,2025/04/03,"South African Maritime Safety Authority
(SAMSA)",Licesnses,Open Text,"R 4 ,815,483.29",Sole source,2024/07/26,Not stated,Not stated,Reported,
52,Q1 2025/26,2025/04/03,"South African Maritime Safety Authority
(SAMSA)","Quality licesne, support and maintence",Icon Information Systems,"R 1,667,500.00","Three quotes recieved, only serivce provider",2024/07/13,Not stated,Not stated,Reported,
53,Q1 2025/26,2025/04/08,"Department of Agriculture, Land Reform
and Rural Development (DALRRD)",Procurement of Microsoft Licenses,Microsoft,"R 97,158,567.42",Continuity of service,2025/03/25,Not stated,Not stated,Reported,
54,Q1 2025/26,2025/04/07,Mining Qualifications Authority (MQA),Information Management System,Solugrowth,"R 4,942,942.00",Sole source,2025/03/31,2025/04/01,2026/03/31,Reported,
55,Q1 2025/26,2025/04/04,"Inkomati-Usuthu Catchment Management
Agency (IUCMA)",Cloud recovery solution,Afrocentric Intellectual Property (Pty) Ltd,"R 1,515,712.54","Procurement not within the threshold determined by
National Treasury.",2025/03/31,2025/05/01,2028/05/30,Reported,
56,Q1 2025/26,2025/04/29,"South African Maritime Safety Authority
(SAMSA)",San and disk to disk application,Nambiti Technologies,"R 6,400,000.00",Participating on RT contract,2025/02/25,2025/04/01,2028/03/31,Reported,
57,Q1 2025/26,2025/04/29,"South African Maritime Safety Authority
(SAMSA)",qualliys,Icon Information Systems,"R 686,570.39",Accredited services providers,2025/03/31,2025/04/01,2028/03/31,Reported,
58,Q1 2025/26,2025/04/29,"South African Maritime Safety Authority
(SAMSA)",Courier,Madiabana,"R 1,000,000.00",Participating on RT contract,2024/04/05,2025/04/22,2029/03/31,Reported,
59,Q1 2025/26,2025/04/29,"South African Maritime Safety Authority
(SAMSA)",Supply of desiel,RT-70,"R 200,000,000.00",Participating on RT contract,2024/05/10,2024/05/14,2026/05/31,Reported,
60,Q1 2025/26,2025/04/29,"South African Maritime Safety Authority
(SAMSA)",Leasing of photocopy machine,Konica Minolta,"R 771,537.96",Participating on RT contract,2023/05/03,2023/09/01,2026/10/30,Reported,
61,Q1 2025/26,2025/04/29,"South African Maritime Safety Authority
(SAMSA)",Leasing of photocopy machine,Altron document solutions,"R 6,000,000.00",Participating on RT contract,2023/05/03,2023/09/01,2026/10/30,Reported,
62,Q1 2025/26,2025/04/29,"South African Maritime Safety Authority
(SAMSA)",laptops,Zingwe Global Solutions,"R 1,405,829.00",Participating on RT contract,2025/05/31,2024/11/01,2026/10/31,Reported,
63,Q1 2025/26,2025/04/02,"Department of Agriculture, Land Reform
and Rural Development (DALRRD)",Suppyl and Installation of VMware,CoCre8 Technology Soluions,"R 21,243,602.00",VMware by broadcom software is critivcally needed,2025/03/31,Not stated,Not stated,Reported,
64,Q1 2025/26,2025/04/30,"South African Maritime Safety Authority
(SAMSA)",ECDIS Course for two crew members,Sea Safety,"R 20,000.00",Single source,2025/04/15,2025/04/22,Not stated,Reported,
65,Q1 2025/26,2025/04/30,"South African Maritime Safety Authority
(SAMSA)",CISC training for crew members,"Cape Penensula University of
Technology","R 19,000.00",Single Source,2025/04/15,2025/04/22,Not stated,Reported,
66,Q1 2025/26,2025/04/15,Ports Regulator of South Africa,Financial Modelling for utility tarrif settiing course,Univeristy of Cape Town,"R 381,862.50",Single source,2025/03/20,2025/03/31,2025/04/11,Reported,
67,Q1 2025/26,2025/04/15,Ports Regulator of South Africa,The DEVAC infrastructure summit,Sealzed Group,"R 7 5,382.50",limited bidding,2025/03/31,2025/03/31,2025/05/15,Reported,
68,Q1 2025/26,2025/04/29,Air Traffic and Navigation Services (ATNS),"Provision of the design, maintenance, and verification of flight
procedures and en-route designs",ALG Global Infrastructure Advisors,"R 14,928,000.00",Single source,2025/03/26,2025/04/25,2027/04/25,Reported,
69,Q1 2025/26,2025/04/25,Department of Basic Education (DBE),"Brailling, large print and audio versioning of question papers
for May/ June and October/ November 2025 examinations.",Blind SA,R -,Specialised service and a new tender was not responsive,2025/03/06,Not stated,2025/11/30,Reported,"The cost is split with that of Pioneer
Printers, reported in March. Actual
amount for Blind SA not provided."
70,Q1 2025/26,2025/05/05,"South African National Energy
Development Institute (SANEDI)","F & O Business Applications Support/Integration support and
services management",Decision Inc,"R 452,640.00","Decision Inc has written the initial code for the project and
this critical for the access to the data",2025/04/29,Not stated,Not stated,Reported,
71,Q1 2025/26,2025/05/02,Road Accident Fund (RAF),MIRO Collaboration Software Licenses.,MIRO,"R 83,260.00","Single Source procurement method is informed by the
market analysis conducted",2025/05/02,Not stated,Not stated,Reported,
72,Q1 2025/26,2025/05/02,Road Accident Fund (RAF),"Motlhe Jooma Sabdia Attorneys (MJSA) to continue with three
(3) existing CCMA matters.",Mothle Jooma Sabdia Attorneys,"R 2,000,000.00","MJSA were appointed as the presiding firm to handle the
three (3) cases which are currently due to continue at
CCMA. Due to the nature and urgency of these services
required where early delivery is critical, invitation of
competitive bids will be impractical.",2025/05/02,Not stated,Not stated,Reported,
73,Q1 2025/26,2025/05/02,Road Accident Fund (RAF),Furniture removal and relocation services,Trend Logistics (Pty) Ltd,"R 6,617,860.55","Process followed National Treasury Transversal Contract
participation to relocate Menlyn Regional Office to Hatfield.",2025/05/02,Not stated,Not stated,Reported,
74,Q1 2025/26,2025/05/02,Road Accident Fund (RAF),Rental of parking bays for the Pretoria Office,Savyon Building Proprietary Limited,"R 16,717,935.60","A single source deviation was requested by scanning the
market through an RFI for readiness of parking space before
the relocation process is conducted.",2025/05/02,Not stated,Not stated,Reported,
75,Q1 2025/26,2025/05/02,Road Accident Fund (RAF),Rental of sixty (60) document scanners,Qneticx,"R 10,855,080.00","A single source appointment to allow business continuity
due to that the Road Accident Fund (RAF) new Operating
Model on the processing of claims is reliant on the scanning
services, to avoid business disruptions at the end of the
current contracts, whilst the tender process is still to be
finalized. The contract will be on a month to month basis.",2025/05/02,Not stated,Not stated,Reported,
76,Q1 2025/26,2025/05/02,Road Accident Fund (RAF),"Dell Technologies as an OEM for the employee computer
device allowance programme",Dell Technologies,"R 120,000,000.00","A single source deviation was requested by thoroughly
scanning the market by engaging OEMS who are interested
in partnering with RAF, thereafter testing the prices through
engaging the market for pricing to ensure a fair market price.",2025/05/02,Not stated,Not stated,Reported,
77,Q1 2025/26,2025/05/22,"South African Health Products Regulatory
Authority (SAPHRA)","Virtual workshop on latest amendments of Employment Equity
Act",K M Executive Solution,"R 27,300.00",Attendance of workshop,2025/05/19,2025/05/22,2025/05/22,Reported,
78,Q1 2025/26,2025/05/20,"South African National Energy
Development Institute (SANEDI)",Promotional materials,Vision Design and Print,"R 13,600.00","The supplier who was appointed to deliver the service
withdrew and a new service provider had to be appointed
urgently as there was no time to out to the market again",2025/04/29,Not stated,Not stated,Reported,
79,Q1 2025/26,2025/05/20,"South African National Energy
Development Institute (SANEDI)","Energy Efficiency Appliance Standards and Labelling
Programme to exhibit ar Decorex Cape Town 2025",Decorex Cape Town,"R 136,293.00","This is a specific and unique exhibition offered only by
Decorex Cape Town",2025/05/09,Not stated,Not stated,Reported,
80,Q1 2025/26,2025/05/20,"South African National Energy
Development Institute (SANEDI)",Symplexity Payroll Solutions,Symplexity,"R 40,000.00","Symplexity was responsible for SANEDI's payroll and there
is information that Symplexity has and SANEDI needs",2025/05/09,Not stated,Not stated,Reported,
81,Q1 2025/26,2025/05/20,"South African National Energy
Development Institute (SANEDI)","Attendance of the World Hydrogen Summit and Exhibition
2025",World Hydrogen Summit and Exhibition,R -,"The World Hydrogen Sum ofm iti st a kn ind E xhibition is the only one
d",2025/05/09,Not stated,Not stated,Reported,"3315,79 (EUROS)"
82,Q1 2025/26,2025/05/21,"South African Nuclear Energy Corporation
(NECSA)",Procurement of NUPRO Valves,Ferrule Technology Pty Ltd t/a Swagelok,"R 274,671.34",sole supplier,2025/05/06,2025/05/06,2025/05/06,Reported,
83,Q1 2025/26,2025/05/21,"South African Nuclear Energy Corporation
(NECSA)",Procurement of Amsolv F5 Cleaning agent,Amity International,"R 72,000.00",sole supplier,2025/05/12,2025/05/12,2025/05/12,Reported,
84,Q1 2025/26,2025/05/13,"Department of Mineral Resources and
Energy (DMRE)","Renewal of Microsoft Enterprise Licenses and Software
Assurance and provision of contigency amount",Microsoft Ireland Operation Limited,"R 16,893,009.04",Exclusive Rights,2025/04/30,2025/05/01,2028/04/30,Reported,
85,Q1 2025/26,2025/05/16,Road Accident Fund (RAF),Post Implementation Review for Project,Deloitte,"R 3,017,676.58",Single source,2025/05/16,2025/05/07,Not stated,Reported,
86,Q1 2025/26,2025/05/16,"Petroleum, Oil and Gas Corporation of
South Africa (PetroSA)",Pumb Self Priming 1600KPA 86PC101A/B,Gorman-Rupp African,"R 121,479.00",sole source,2025/05/08,2025/05/08,2025/06/13,Reported,
87,Q1 2025/26,2025/05/16,"Petroleum, Oil and Gas Corporation of
South Africa (PetroSA)",Calibration and repair of Alcoblowers,Alco-Safe,"R 33,328.50",Sole source,2025/05/15,2025/05/15,2025/05/30,Reported,
88,Q1 2025/26,2025/05/26,"Petroleum, Oil and Gas Corporation of
South Africa (PetroSA)",Analyser Auto Distiller Tanaka-AD-06-00,Zutek Services,"R 765,475.00",Sole source,2025/05/21,2025/05/21,2025/08/12,Reported,
89,Q1 2025/26,2025/05/26,"Petroleum, Oil and Gas Corporation of
South Africa (PetroSA)",FIASA (SAPIA) Membership Fees,"Fuels Industry Association of South
Africa","R 984,658.91",Sole source,2025/05/22,2025/05/22,2025/05/22,Reported,
90,Q1 2025/26,2025/05/29,Department of Basic Education (DBE),"Appointment of Independent Examinations Board to provide
question papers for Non-Official Languages for the November
2025 to June 2028 National Senior Certificate (NSC)
Examinations",Independent Examinations Board (IEB),"R 17,830,621.00",Sole source,2025/05/12,Not stated,2028/06/30,Reported,
91,Q1 2025/26,2025/05/27,Air Traffic and Navigation Services (ATNS),"rovide New, Maintenance, Verification or ground Validation of
Flight Procedure Design and associated training for a period of
twelve (12) months",Fly-by NUNES Ltd,"R 7,197,248.84","Design of flight procedures (New, maintenance and
verification), Flight procedure design OJTI and approval of
flight R7 197 248,84 procedure design packages.",2025/05/14,2025/05/23,2026/05/23,Reported,
92,Q1 2025/26,2025/05/19,Mining Qualifications Authority (MQA),Licenses and Maintenance agreement renewal,Predicate Logistics,"R 113,547.00",Sole provider,2025/05/14,2025/05/14,2026/05/13,Reported,
93,Q1 2025/26,2025/05/27,"South African Maritime Safety Authority
(SAMSA)","Intercooler, supply and fit on Victoria Mxenge",MTU South Africa,"R 381,518.33",Single source,2025/05/19,2025/05/23,Not stated,Reported,
94,Q1 2025/26,2025/05/27,"South African Maritime Safety Authority
(SAMSA)",Supply of Vactuals to all the vessels,Taroworx,"R 896,000.00",Single source,2025/04/01,2025/04/30,Not stated,Reported,
95,Q1 2025/26,2025/06/09,"Road Traffic Management Corporation
(RTMC)",Renewal of Oracle Technical Support services,Oracle,"R 1,246,095.09",Single source,2025/05/27,2025/06/01,2026/03/31,Reported,
96,Q1 2025/26,2025/06/11,"South African Health Products Regulatory
Authority (SAPHRA)","Notice of registration in the Gazette in terms of section 17 of
The Medicines and Related Substance Act, 1965(Act No. 101of
1965) as amended",GPW,"R 11,096.58",Single source,2025/05/28,Not stated,Not stated,Reported,
97,Q1 2025/26,2025/06/13,"Petroleum, Oil and Gas Corporation of
South Africa (PetroSA)","Meter Photometer Spectroquant, Photocheck Check solutions
for Photometer",Merck Life Science,"R 137,166.18",Sole source,2025/06/03,2025/06/03,2025/08/01,Reported,
98,Q1 2025/26,2025/06/13,Central Energy Fund SOC Ltd (CEF),"Appointment of Masama Consulting on a single source basis to
provide evidence on a disciplinary hearing",Masama Consulting,"R 966,918.00","This acquisition process did not follow the normal
procurement process as it is a continuation of the previous
work relating to investigation",2024/04/04,2024/04/14,Not stated,Reported,
99,Q1 2025/26,2025/06/12,"The South African National Roads Agency
SOC Ltd (SANRAL)","For The Routine Maintenance Of Electrical Lighting
Infrastructure On National Route N12 Section 18-19, R21
Section 1-2 And N3 Section 12 (City Of Ekurhuleni
Metropolitan Municipality)",SGT Electricals (Pty) Ltd,"R 52,147,880.43","Deviation: The Current Contractor Did Not Extend Their
Contract. The Replacement Contract Is Under Evaluation",2025/06/19,Not stated,Not stated,Reported,
100,Q1 2025/26,2025/06/12,"The South African National Roads Agency
SOC Ltd (SANRAL)","For The Urgent Repair To Embarkment And Pavement Failure
On National Route 3, Section 3 Between Km 20.00 And Km
21.00",Rumdel (Pty) Ltd,"R 34,457,954.91","Urgent Repair To Embarkment And Pavement Failure On
National Route 3, Section 3 Between Km 20.00 And Km
21.00",2025/06/19,Not stated,Not stated,Reported,
101,Q1 2025/26,2025/03/19,"National Prosecuting Authority of South
Africa (NPA)","Expert witness service in the case: State v Joseph Mudolo and
6 others",KPMG Services (Pty) Ltd,"R 2 ,208,600.30","KPMG was involved in the investigation and the witness,
Danielle Ladopoulos compiled the report and is responsible
to give evidence as the Forensic Acountant Expert. (single
source appointment)",2025/03/14,2025/03/17,Not stated,Reported,
102,Q1 2025/26,2025/03/18,"National Prosecuting Authority of South
Africa (NPA)",Forensic investigating services (as and when required),ASM Services (Pty) Ltd,"R 1 ,600,000.00","The service provider has already undertaken significant
work as forensic investigator at the Zonde Commission and
assisted the IDAC in their mandate.",2025/03/14,2025/04/01,2026/03/31,Reported,
103,Q1 2025/26,2025/03/20,Public Protector South Africa,The Institute of Internal Auditors SA,Training for Internal Audit Interns,"R 9 1,714.80",Limited bidding,2025/03/12,Not stated,Not stated,Reported,
104,Q1 2025/26,2025/03/20,Public Protector South Africa,Microsoft Unified Enterprise Support Services,The Premier Support Agreement,"R 1 ,150,000.00",Limitted bidding,2025/03/12,2025/04/01,2026/03/31,Reported,
105,Q1 2025/26,2025/04/02,,Training on Sage Business cloud payroll professional,Sage SA (Pty) Ltd,"R 9 ,200.00",Sole source,2025/03/20,2025/04/01,2025/04/30,Reported,
106,Q1 2025/26,2025/04/02,National Gambling Board (NGB),Caseware refresher training,Adapt IT (Pty) Ltd,"R 1 7,776.06",sole source,2025/03/20,2025/04/01,2025/04/30,Reported,
107,Q1 2025/26,2025/03/26,Transnet SOC Ltd,"Supply/provision of the provision of Voith Schneider Spare
Parts and services on as and when required to all TNPA Ports
with VSP tugs for a period of four (4) years; Closed Bid Process
(sole source confinement) to the only accredited agent in SA by
Voith Germany",Integrated Ship Handling Pty (Ltd),"R 8 9,580,824.32",Specialisation: Goods or services are highly specialised,2025/03/06,2025/04/01,2029/03/31,Reported,
108,Q1 2025/26,2025/03/26,Transnet SOC Ltd,"to supply, transport to site, install, test and commission a new
2500 kilovolt amp (KVA) standby generator at the Allan Dalton
Substation Complex in the Port of Durban for a period of
nineteen (19) months","Barloworld Power a division of
Barloworld South Africa (Pty) Ltd","R 2 7,703,656.57",Specialisation: Goods or services are highly specialised,2025/03/11,Not stated,Not stated,Reported,
109,Q1 2025/26,2025/03/26,Transnet SOC Ltd,"The supply and delivery of rfid (radio frequency identification)
cards to durban container terminals pier 2 as a once off
purchase",JRS Solutions,"R 1 ,982,500.00C",ompatibility: The compatibility of the goods or services require,d 2025/02/06,Not stated,Not stated,Reported,
110,Q1 2025/26,2025/03/18,National Consumer Commission (NCC),Radio adverts,SABC,"R 4 57,829.95",Single Source,2025/03/11,2025/03/16,2025/03/21,Reported,
111,Q1 2025/26,2025/03/26,"South African Forestry Company SOC
Limited (SAFCOL)","Procurement of green fees, catering services, and other
consumables for the SAFCOL sixth annual stakeholder’s Golf
Day event",Mbombela Golf Club,"R 7 9,800.00",Single source,2025/03/05,Not stated,Not stated,Reported,
112,Q1 2025/26,2025/03/26,Transnet SOC Ltd,"Fault finding, rectify, supply of spares, repairs, installation,
programming, delivery and commissioning of engine control
unit of pilot boat Tsitsikama, Port of Ngqura, Transnet National
Ports Authority (TNPA) once-off",Rolls Royce Solutions Africa (PTY) Ltd,"R 1 ,434,407.86",Specialisation: Goods or services are highly specialised,2025/02/27,Not stated,Not stated,Reported,
113,Q1 2025/26,2025/03/28,"South African Forestry Company SOC
Limited (SAFCOL)",Renewal of license for the TMS software,4D Treasury Services (Pty) Ltd,"R 6 8,492.36",Other,2025/03/27,2025/04/01,2025/06/30,Reported,
114,Q1 2025/26,2025/04/03,Eskom Holdings SOC Ltd,Repair of Kit Valve: PMF 621037.12,Mirion Technologies (MGPI) S.A.S,"R 8 4,615.63","The purpose of the KRT system is to continuously monitor
the radioactive and radiological status of the Koeberg units.
This information is quantitative and available to the Unit
Control Rooms, Radio-Chemistry and Radiation Protection
Groups. The continuous monitoring is to ensure that the
provisions made at plant design and the operational set
points prevent exposure of personnel, the public outside of
the Power Station and the environment to radiation beyond
the license basis. The function of the KRT system is to
ensure that radiological levels are in accordance with
licensed and administrative operating levels. Failures in the
KRT system have operating technical specification (OTS)
implications, which is license binding, requiring mitigative
actions to be taken to restore system operation in a timely
manner and/or termination of unmonitored releases to the
atmosphere.
1USD = ZAR 18.4831",2025/03/14,2025/03/18,2025/07/31,Reported,
115,Q1 2025/26,2025/04/03,Eskom Holdings SOC Ltd,Supply and delivery of Ash Crushers Spares.,Weir Minerals South Africa (Pty) Ltd,"R 1 ,139,668.15","Weir Mineral Africa (Pty) is the original equipment
manufacturer (OEM) for Linatex ash crusher, spares and its
components. The mentioned equipment and their
respective components/spares are engineered according to
the original manufacturer’s specifications. The original
design and manufacturing process and related information
of the major equipment are the intellectual property of the
OEM.",2025/03/12,2025/03/12,2025/07/31,Reported,
116,Q1 2025/26,2025/04/03,Eskom Holdings SOC Ltd,Supply and delivery of Ash Plant gears.,Izandra Trading 18,"R 2 ,083,048.25","This is due to urgent situation arose at Matimba Power
Station. The situation arose as a result of Ashing space
depletion at Matimba Ash Dump facility.",2025/03/14,2025/03/14,2025/03/31,Reported,
117,Q1 2025/26,2025/04/03,Eskom Holdings SOC Ltd,"ABB maintenance support service for the ABB P14 Pro control
DCS at Tutuka Power Station.",ABB South Africa (Pty) Ltd,"R 4 6,930,283.30","Tutuka Power Station units is equipped with ABB
Distribution Control System (DCS). The support or service
is essential and necessary to ensure the control system is
run and maintained as per design so that the reliability,
availability and life expectancy could be achieved. The
mentioned includes ensuring that the system administration,
restoration of the system after breakdown, investigation of
issues and software management are maintained therefore
experience and expertise is required to work with this
system as there is no experience within Eskom Generation
personnel. ABB owns the intellectual property of this
control system, therefore expertise from ABB is required to
ensure sustainable system functionality as well as to
facilitate skills transfer to Tutuka employees.",2024/11/27,2025/04/01,2029/03/31,Reported,
118,Q1 2025/26,2025/04/03,Eskom Holdings SOC Ltd,"ABB Engineering Support Service for the ABB P14 Pro control
DCS at Tutuka Power Station.",ABB South Africa (Pty) Ltd,"R 3 4,292,529.40","Tutuka Power Station units is equipped with ABB
Distribution Control System (DCS). The support or service
is essential and necessary to ensure the control system is
run and maintained as per design so that the reliability,
availability and life expectancy could be achieved. The
mentioned includes ensuring that the system administration,
restoration of the system after breakdown, investigation of
issues and software management are maintained therefore
experience and expertise is required to work with this
system as there is no experience within Eskom Generation
personnel. ABB owns the intellectual property of this control
system, therefore expertise from ABB is required to ensure
sustainable system functionality as well as to facilitate skills
transfer to Tutuka employees.",2024/11/27,2025/04/01,2029/03/31,Reported,
119,Q1 2025/26,2025/04/03,Eskom Holdings SOC Ltd,"Provision for the disassembly and removal of failed Ankerlig
Gas Turbine 12 generator, preparation of new generator
installation and unit enclosure installation, alignment,
balancing, testing, and commissioning of newly installed
generator.",Siemens Energy (Pty) Ltd,"R 1 70,793,123.34","Open Cycle Gas Turbine units, each equipped with
Siemens SGen5-100A-2P Generators. In June 2023, Unit
GT12 (148 MW) experienced a catastrophic generator stator
failure due to a flashover between two stator bars of different
phases (phase to phase fault) that left the unit inoperable
ever since resulting in extended UCLF. The failure incident
emphasized the requirement for a Sole source agreement
between Eskom and Siemens Energy (Pty) Ltd to replace
the inoperable GT12 Generator due to the following:
Establishment costs are too high and comparable to that of a
new Stator and Rotor. Refurbishment also does not include
any guarantees and warranties. The Ankerlig Generators
are critical components with a very specific design base.
Eskom and any potential third-party supplier will have a
limitation in terms of design information and drawings due to
OEM Intellectual Property (IP). Going with alternative
potential Suppliers incurs various potential risks, namely,
additional inspections and testing to establish the design
base; additional reverse engineering and design to ensure
the correct interfacing and performance; delays and
additional; costs due to mentioned factors. The Sole source
scope of work / services include the assessment, inspection,
fact-finding, decommissioning of the failed Ankerlig Unit
GT12 Generator stator and rotor, and the delivery of a new
Stator and Rotor, including, but not limited to the: Design,
manufacture, factory acceptance testing, supply, transport,
Installation, Interfacing, technical consultation and support,
testing and commissioning; including Generator Auxiliaries",2025/03/14,2025/03/17,2025/08/30,Reported,
120,Q1 2025/26,2025/04/03,Eskom Holdings SOC Ltd,"Strip and quote Poppet valves; 80 mm; 60 bar, 124 mm
(material number 52320), strip and quote Poppet valves;
75mm; 60 bar; 124mm (material number 52318) and strip and
quote Carriage; long lance soot blower (material number
52357) for Duvha Power Station.",Babcock Ntuthuko Generation (Pty) Ltd,"R 2 02,354.00","Duvha Power Station are equipped with Lance Blowers
(Diamond Power) and Gun Blowers (Diamond Power).
Duvha soot blower availability has deteriorated to averages
of 30 % due to numerous reasons but mainly spares
availability and the quality of the spares received. Poor soot
blower availability results in load losses like high emissions,
high metal temperatures and boiler tube leaks. Duvha still
uses Diamond IK545B soot blower lances and IR-2F soot
blower guns that were installed when the boilers were
commissioned in 1980. Duvha is currently in the process of
recovering soot blower availability and reliability to values of
over 80 % and spares availability and reliability is critical.
Procurement is still in the process with a long term 5 [five]
year contract with OEM Babcock Ntuthuko Engineering
(Pty) Ltd for the supply and repairs of Soot blowers spares
which entails Lance blowers (Diamond Power) and Gun
blowers (Diamond Power).",2025/03/12,2025/03/17,2025/04/16,Reported,
121,Q1 2025/26,2025/04/03,Eskom Holdings SOC Ltd,Supply and delivery of Oil Burner spares.,Safurnco,"R 2 7,193,385.14",Contract establishment in progress OEM.,2025/03/05,2025/03/18,2026/03/17,Reported,
122,Q1 2025/26,2025/04/03,Eskom Holdings SOC Ltd,"Manufacture set of flexible hoses (27) as per drawings and
manufacture additional 8 off as per sample.",MAN Energy Solutions South Africa,"R 3 68,651.83",Contract establishment in progress OEM.,2025/03/17,2025/03/19,2025/04/30,Reported,
123,Q1 2025/26,2025/04/03,Eskom Holdings SOC Ltd,Supply and delivery of vehicles.,New Vaal Motors (Pty) Ltd,"R 4 2,720,199.54","Eskom Generation Division vehicles have exceeded their life
cycle. The kilometres are very high, there have excessive
maintenance costs and are not safe to use. Mini busses
transport employees on a daily basis, all our minibuses are
old and worn-out and very unreliable, safety of employees is
at risk, replacement of these minibuses is critical.",2025/03/17,2025/03/17,2025/03/31,Reported,
124,Q1 2025/26,2025/04/03,Eskom Holdings SOC Ltd,"Supply and delivery of welding electrodes spares at Matla
Power Station for a period of 12 months on an as when
required basis.",Busenhle Engineering (Pty) Ltd,"R 5 4,115,318.85","Supply and delivery of the steel (flat bars, round bars, sheet
plates, channels and angle Irons), stock items for all units.
The items are needed to be used in the Electrostatic
precipitation (ESP) and in the ducting and dampers on
contract for a period of 1 year from 30 August 2024 to 30
July 2025. The current unit 6 outage put us under so much
pressure where the use of the mentioned spares are of the
utmost importance. These spares are needed for different
plants and the shortage creates a serious delay in the return
to service for unit 6 since most of the scopes cannot be
executed in time. A new contract has been initiated and is
currently being scoped by the engineers.",2025/03/24,2025/03/24,2026/03/23,Reported,
125,Q1 2025/26,2025/04/03,Eskom Holdings SOC Ltd,Repair Seal Mech: 12-1/4 IN; SS; SR23-0088 .,John Crane,"R 3 08,298.35",Obtaining quality repair from OEM.,2025/03/24,2025/03/25,2025/06/25,Reported,
126,Q1 2025/26,2025/04/03,Eskom Holdings SOC Ltd,Maintenance of Traction Lifts for 5 years.,Schindler Lifts (SA),"R 4 0,403,224.99","Obtaining quality repair and maintenance of lifts at Kendal
Power Station.",2025/03/24,2025/03/25,2030/03/25,Reported,
127,Q1 2025/26,2025/04/03,Eskom Holdings SOC Ltd,"Unit 6 supply, delivery, installation and termination of
numerous cabling and joint kits.",Elektrarna Electrical (Pty) Ltd,"R 1 ,786,557.20","On 12 December 2024 an urgent situation arose at Matla
Power Station Unit 6. The situation arose as a result of an
unforeseen catastrophic incident that occurred at Unit 6 HP
pipework when the high pressured pipes raptured and
exploded causing a huge explosion that ripped off all for
3,3kv service transformers and all 9 11kv to 400V dry type
transformers. The explosion affected all related electrical
supply to the unit that includes lighting, plugs, welding
sockets and essential supplier to the outage, Turbine and
Boiler container boards.",2025/03/18,2025/03/19,2026/03/18,Reported,
128,Q1 2025/26,2025/04/03,Eskom Holdings SOC Ltd,Refurbish of Cooler: Shell/Tube.,Tsiko Properties and Trading,"R 9 ,852,280.00","The generator H2 coolers are critical components of the
Generator. Their function is to cool the H2 gas that prevents
the overheating of the generator. The generator cannot run
without coolers. The units are experiencing high H2
consumption due to leaks relating to the H2 coolers as one
of the contributing components. Resent assessment from
the coolers OEM indicated that the spare coolers could not
be refurbished and this pose a risk to the Station as a failure
of currently installed coolers will render the unit off till the
spares are secured.",2025/03/18,2025/03/14,2025/05/30,Reported,
129,Q1 2025/26,2025/04/03,Eskom Holdings SOC Ltd,Design and Construction of Kriel Van Der Merwe Stores.,Steinmuller Africa,"R 7 9,015,866.35","The situation is not due to improper planning but rather a
result of unavoidable constraints and the urgency of the
requirement. However, the challenges lie in the inherent
timelines associated with formal procurement processes and
the subsequent lead times for delivery.",2025/03/19,2025/03/20,2026/03/20,Reported,
130,Q1 2025/26,2025/04/03,Eskom Holdings SOC Ltd,"Ash and Coal Gearbox supply and Refurbishment on as when
required basis for a period of 60 Months.",Bearing Man Group (Pty) Ltd,"R 1 87,311,202.84",Bearing Man Group is the OEM.,2024/11/01,2025/03/20,2030/03/19,Reported,
131,Q1 2025/26,2025/04/03,Eskom Holdings SOC Ltd,"Soot blowers spares, Water Cannons spares unit 3 IN Outage.",Vendor Consultants Vector (Pty) Ltd,"R 2 5,206,418.75","On 18 November 2024 an urgent situation arose at Kusile
Power Station unit 3 Soot blowers and water cannon plants,
due to the unavailability of spares for the upcoming unit 3IN
outage. The situation arose as a result of delays in
placements of a contract for the supply of Soot blowers and
water cannon spares. The process to place a contract for
procurement of the spares is in progress, grouped up with
other items in other plant areas. Some of the delays
experienced was due to the unavailability of drawings and
other technical specifications. Further delays were
experienced due to the inability of the QS to complete the
evaluations timeously.",2025/03/17,2025/03/17,2025/03/31,Reported,
132,Q1 2025/26,2025/04/03,Eskom Holdings SOC Ltd,"Strip, assess & repair diesel gen A and B Unit 6 recovery.",Kholelwa Service Centre (Pty) Ltd,"R 2 ,912,953.45","On 05 January 2025 an urgent situation arose at Matla
Power Station unit 6 diesel generator A&B. The situation
arose because of the high-pressure steam failure damaging
the auxiliaries on the unit including the diesel generator
A&B.",2025/03/14,2025/03/17,2026/03/16,Reported,
133,Q1 2025/26,2025/04/03,Eskom Holdings SOC Ltd,"Manufacture and supply of 2 X new mill main gearboxes and 2
X new mill bearing gearboxes.",Engineered Gears,"R 1 0,917,499.70","There is currently no long term milling plant drive train
spares contract, the contract placement process through the
sole source process was unsuccessful due to the OEM
being unable to provide valid financial statements until the
Sole source and other related procurement documents
expired. The Station is currently faced with high rate of mill
gearbox failures and of the main contributors is high
vibrations due to worn girth gears which has also affected
the mill main drive gearboxes leading to frequent failures to
a point that there is now no spare mill gearbox available.
This has not only negatively impacted the performance of
the milling plant but also severely impacts the technical
performance of the Power Station as a whole and leads to
taking gearboxes from other units due to breakdowns for use
at the mills where gearbox failures have occurred. It is
therefore essential to procure 2 x new mill main drive
gearboxes and repair 1 x mill main drive gearbox while the
process to establish a long term drive train contract unfolds
which is expected to be completed by July 2025.",2025/03/17,2025/10/31,2025/11/30,Reported,
134,Q1 2025/26,2025/04/03,Eskom Holdings SOC Ltd,Supply and delivery of U6 Mechanical spares.,Ikhwezlethu Trading (Pty) Ltd,"R 1 8,393,463.17","The situation arose because of shortage of spares to
execute U6 outage. Some of the spares that were planned
for U6 outage were utilised on U1 and 3 breakdown, of
which necessitated material management to replenish for
Unit 6. Attempts have been made to place a short-term
contract to procure the outstanding spares, however, based
on the assessment on the current progress made and also
the remaining stages of the process, it could be reduced.
The contracts will not be placed on time for the current
outage, hence the request for the urgent process.",2025/03/17,2025/03/20,2025/06/20,Reported,
135,Q1 2025/26,2025/04/03,Eskom Holdings SOC Ltd,Supply and delivery of apron wheels.,"Brontech Industrial Components (Pty)
Ltd","R 4 ,554,000.00","Kendal Power Station is currently experiencing significant
ash accumulation across the station due to floor dumping,
resulting in non-compliance with emissions targets. This
issue is primarily caused by the unavailability of spare parts
required for repairs. Additionally, there is a heightened risk
of prolonged operation of plant equipment with defects, as
spare parts to address these issues remain unavailable.
The extensive ash coverage across the plant poses a safety
hazards to personnel, increasing the likelihood of slips and
falls on slippery surfaces.",2025/03/21,2025/03/24,2025/05/19,Reported,
136,Q1 2025/26,2025/04/03,Eskom Holdings SOC Ltd,Supply and delivery of stores consumables.,Ultra Gear Manufacturing,"R 4 1,715,659.31","The slurry consumables are critical for the discharge of
Hydro bins and transportation of Boiler Bottom Ash from the
Hydro bins via 20-series Conveyors to 30-Series conveyors
and to the suctions of the slurry trains. If the critical spares
on the slurry trains and slurry ash lines are not available and
non-functional, the Hydro bins will be dumped on the floor
which is an environmental contravention with high clean-up
costs and very penalties to Eskom.",2025/03/13,2025/03/19,2026/03/18,Reported,
137,Q1 2025/26,2025/04/03,Eskom Holdings SOC Ltd,Installation of software and hardware.,ABB South Africa (Pty) Ltd,"R 3 2,930,814.24","As a result of multiple failures across units and balance of
Plant at Kusile and availability of Dell spares. Kusile is at
high-risk of equipment redundancy failure and not being
able to recover. Any unit Engineering server redundancy
pair failure will result in a loss of generated capacity of
800MW and 720 sent out. With current risk on BOP DCS
approximately R 223 776 000.00 will be lost when Station is
not able to recover if any of the main systems in BOP plant
fail (Multiple Unit Trip).",2025/03/20,2025/03/24,2025/03/24,Reported,
138,Q1 2025/26,2025/04/03,Eskom Holdings SOC Ltd,"The supply, installation, training and delivery of a Sulphur
analyser, H2 purity analyser, portable Dewpoint analyser and
the design, manufacturing, transport, installation and
commissioning of a streaming current detector for water
treatment.",Lechintech,"R 5 90,670.22","Hydrogen is very unique element. Listed as 1 on the
periodic table of elements and with an atomic weight slightly
above 1.0. it has no colour, odour, taste or apparent flange
when its burning. In other words, your senses will not tell
you when you are in trouble. Pure hydrogen is used to cool
many of our AC generators, which is the case at Tutuka
Power Station. When hydrogen purity is between 4% and
75%, it becomes extremely flammable. This becomes even
more dangerous when we consider how easily hydrogen
mixes with its surrounding atmosphere. It is very important
to monitor the generator gas purity continuously to ensure it
is at least 95% pure at all times during operation. The
availability of a reliable portable H2 purity instrument is
crucial in order to ensure that there are no mishaps
especially during gassing up. Currently the portable H2
purity analyser at Tutuka Power Station have been in
operation for the past 10 years and therefore having lots of
issues ranging from failure to charge an also providing
unreliable results. This have on many occasions led to
delays in unit RTS as very now and then we need to go and
borrow the analyser from other stations and we have spent a
lot of money repairing this analyser that have proven to be
very unreliable.",2025/02/10,2025/03/21,2026/03/20,Reported,
139,Q1 2025/26,2025/04/03,Eskom Holdings SOC Ltd,Refurbishment of solenoid valves.,Hytec South Africa (Pty) Ltd,"R 8 8,677.44","The EHC solenoids keeps on failing and caused a turbine
trip. The failure report came from the QIM corrective action
which is currently overdue.",2025/02/28,2025/02/28,2025/03/31,Reported,
140,Q1 2025/26,2025/04/03,Eskom Holdings SOC Ltd,"Supply and delivery of unit 3 air heater pack elements including
sealing strips for Arnot Power Station.","Howden Power a division of Howden
Africa (Pty) Ltd","R 1 9,947,648.32","Howden Power is the OEM for the Air Heaters at Arnot
Power Station and the information thereof is proprietary and
may not be passed on to 3rd parties. This includes the air
heater pack elements. This equipment is also classified as
level one plant, so compatibility with the existing plant is
essential to avoid plant failure and to ensure plant reliability.
All design details are also proprietary. Air Heater element
pack manufacturing and supply does not form part of the
current National Spares contract and therefore cannot be
used to procure element packs.",2025/03/17,2025/04/01,2026/09/30,Reported,
141,Q1 2025/26,2025/04/03,Eskom Holdings SOC Ltd,Supply and delivery of fleet vehicles.,"Volkswagen of South Africa;
Isuzu Motors South Africa;
Tumelo Fleet Solutions (Pty) Ltd;
Bakone Steel Manufacturers trading as
Key Spirit Trading 218 CC;
Fumani Holdings (Pty) Ltd;
Merafe Holdings (Pty) Ltd","R 1 ,036,896.60","Due to approval of NT Transversal Contract for state owned
enterprise NT transversal contract was established and the
limited time available to the financial year end by which the
availability of capital will expire.",2025/03/18,2025/03/18,2025/03/31,Reported,
142,Q1 2025/26,2025/04/03,Eskom Holdings SOC Ltd,Supply and delivery of fleet vehicles.,Merafe Holdings (Pty) Ltd,"R 1 7,893,189.08","Due to approval of NT Transversal Contract for state owned
enterprise NT transversal contract was established and the
limited time available to the financial year end by which the
availability of capital will expire.",2025/03/18,2025/03/18,2025/03/31,Reported,
143,Q1 2025/26,2025/04/03,Eskom Holdings SOC Ltd,Supply and delivery of fleet vehicles.,Isuzu Motors South Africa,"R 1 0,677,731.30","Due to approval of NT Transversal Contract for state owned
enterprise NT transversal contract was established and the
limited time available to the financial year end by which the
availability of capital will expire.",2025/03/18,2025/03/18,2025/03/31,Reported,
144,Q1 2025/26,2025/04/03,Eskom Holdings SOC Ltd,"Supply and delivery of fleet vehicles and yellow plant
equipment.",Mercedes Benz Commercial Vehicle,"R 2 1,753,562.00","Due to approval of NT Transversal Contract for state owned
enterprise NT transversal contract was established and the
limited time available to the financial year end by which the
availability of capital will expire.",2025/03/19,2025/03/19,2025/03/31,Reported,
145,Q1 2025/26,2025/04/03,Eskom Holdings SOC Ltd,Supply and delivery of fleet vehicles.,Isipho Capital Motors,"R 8 ,578,199.37","Due to approval of NT Transversal Contract for state owned
enterprise NT transversal contract was established and the
limited time available to the financial year end by which the
availability of capital will expire.",2025/03/19,2025/03/19,2025/03/31,Reported,
146,Q1 2025/26,2025/04/03,Eskom Holdings SOC Ltd,"Supply and delivery of fleet vehicles and yellow plant
equipment.",Aro Trading,"R 5 ,107,503.27","Due to approval of NT Transversal Contract for state owned
enterprise NT transversal contract was established and the
limited time available to the financial year end by which the
availability of capital will expire.",2025/03/19,2025/03/19,2025/03/31,Reported,
147,Q1 2025/26,2025/04/03,Eskom Holdings SOC Ltd,"Supply and delivery of fleet vehicles and yellow plant
equipment.",Udah Solutions,"R 3 ,732,481.12","Due to approval of NT Transversal Contract for state owned
enterprise NT transversal contract was established and the
limited time available to the financial year end by which the
availability of capital will expire.",2025/03/19,2025/03/19,2025/03/31,Reported,
148,Q1 2025/26,2025/04/03,Eskom Holdings SOC Ltd,Supply and delivery of fleet vehicles.,Volkswagen of South Africa,"R 8 ,184,686.53","Due to approval of NT Transversal Contract for state owned
enterprise NT transversal contract was established and the
limited time available to the financial year end by which the
availability of capital will expire.",2025/03/20,2025/03/20,2025/03/31,Reported,
149,Q1 2025/26,2025/04/03,Eskom Holdings SOC Ltd,"The supply and delivery of Four/Five-seater sedan 4 doors -
piston displacement 1 600cm³, (Petrol) (Pool and Subsidized
vehicles).",Volkswagen of South Africa,"R 1 8,508,845.27","The need for the RT57-2022 Transversal contract
requirements originates from the Generation Fleet
department to execute work for Eskom business.",2025/02/21,2025/02/21,2025/03/31,Reported,
150,Q1 2025/26,2025/04/03,Eskom Holdings SOC Ltd,"The supply and delivery of sedans, light and heavy commercial
vehicles and busses to the state-owned entities.",Ford Motor Company of Southern Africa,"R 1 5,757,292.85","The need for the RT57-2022 Transversal contract
requirements originates from the Generation Fleet
department to execute work for Eskom business.",2025/03/19,2025/03/19,2025/03/31,Reported,
151,Q1 2025/26,2025/04/03,Eskom Holdings SOC Ltd,Supply and delivery of SSC Spares.,Izandra Trading 18,"R 4 ,305,238.90","On 12 December 2024 an urgent situation arose at Matimba
Power Station. The situation arose because of SSC critical
spared being out of stock. On SAP system there was a
reservation of 40 SSC ( 2x Chains) and its components.
During inspection, unit3 & 4 buckets thickness were found
to be 140mm instead of 200mm, strategy is to replace them
before they reach 100mm. failure to replace them could
lead to unit shutdown.",2025/03/18,2025/03/18,2025/04/09,Reported,
152,Q1 2025/26,2025/04/03,Eskom Holdings SOC Ltd,"The supply, installation, training and delivery of a Sulphur
analyser, a portable Dewpoint analyser and the design,
manufacturing, transport, installation and commissioning of a
streaming current detector for water treatment at Tutuka Power
Station.",Oakleaf Investment Holding,"R 3 53,098.07","The Power station Water treatment plant comprises of three
raw water clarifiers which are used for pretreatment of raw
water for the production of both potable water supplied to the
Station, Thuthukani community and the mine as well as
demineralized water for production of electricity in order to
ensure the long term plant health is achieved. The process
of pretreatment involves coagulation, flocculation,
clarification and sand filtration. This processes ensures that
suspended solids and naturally organic matter are removed
prior to introducing the water into the ion exchange process.
In order to achieve optimized pretreatment process the
chemical dosage of both coagulant and flocculant is
required and this can be achieved by the use of a streaming
current detector.",2025/02/10,2025/03/19,2026/03/18,Reported,
153,Q1 2025/26,2025/04/03,Eskom Holdings SOC Ltd,Maintenance of vehicles for 6 months.,Nedbank,"R 5 8,332,588.05","Due to Dx and unbundling of the organisation, Gx had to put
up a contract on an urgent basis because Dx could no
longer service Gx and contract has been placed for 6
months until 31 August 2025.",2025/03/20,2025/03/20,2025/08/31,Reported,
154,Q1 2025/26,2025/04/03,Eskom Holdings SOC Ltd,Repairs of Oil trap collapse.,Rahamat Engineering Services,"R 8 ,113,457.98","The North Oil trap dam collapsed on 11 December 2024.
To determine the damage, the GPR scan was done. The
intention was to fix this through another PO for Buffer dams,
but on realisation that it would be more expensive the idea
was aborted. This led to this Urgent PO as delays were
experienced while trying to modify the Buffer dam PO.",2025/03/24,2025/03/25,2025/08/31,Reported,
155,Q1 2025/26,2025/04/03,Eskom Holdings SOC Ltd,"Provision of a fuel card, toll and oil facility for Generation vehicles",. The Standard Bank of South Africa,"R 7 1,074,733.40","An urgent crisis emerged at Generation Division on 14
February 2025. Over the years, Distribution Division has
overseen the whole of Eskom and ERI's fuel card, toll and oil
facility contract. Dx notified each Division that they would no
longer be extending or modifying the present contract, and
that each Division would have to modify on their own. After
evaluating the modification and realizing that it was not
feasible because other Divisions are not the contract
holders, the Divisions went back to Dx and requested that
they be included in their modification.",2025/03/07,2025/03/07,2025/08/31,Reported,
156,Q1 2025/26,2025/04/03,Eskom Holdings SOC Ltd,"The procurement of cooling water pump discharge hydraulic
operated weight assisted auto close valves system spares and
maintenance services for a period of 10 months.",Hytech South Africa (Pty) Ltd,"R 5 ,102,136.00","Due to lengthy normal procurement process, the short term
contract establishment process was underway, however due
to urgency of the situation after MUT repeats the decision
was made to request for urgent procurement for an
estimated period of 10 months to allow sufficient time in
providing for delivery and installation of equipment.",2025/03/06,2025/03/21,2025/05/05,Reported,
157,Q1 2025/26,2025/04/03,Eskom Holdings SOC Ltd,"Unit 4 Recovery of the Consolidated Building Management
System (CBMS).","Honeywell Automation and Control
Solutions South Africa (Pty) Ltd","R 7 1,652,518.64","Early delivery is critical for the completion of this CBMS
works in Unit 4 recovery. Currently, there’s a risk of return
to service of Unit 4 which is negatively impacting the
Generation fleet in terms of Energy availability. Medupi Unit
4 is very critical for Eskom and the country as a whole.",2025/03/17,2025/03/17,2026/02/16,Reported,
158,Q1 2025/26,2025/04/03,Eskom Holdings SOC Ltd,Supply and delivery of Mill Liners.,Merafe Steel Supply,"R 1 2,875,400.00","The risk of production loss may materialize due to delayed
repairs and unavailability of these spares, this will have a
severe effect on the power sent out (electricity to the grid).",2025/03/24,2025/03/25,2025/04/15,Reported,
159,Q1 2025/26,2025/04/03,Eskom Holdings SOC Ltd,"Supply and delivery of various electrical spares including lights
and cables.",BT Projects (Pty) Ltd,"R 6 7,469,329.30","Majuba Power Station has installation of lighting system that
has become obsolescent especially the condition of installed
lighting which results in poor visibility in the plant which may
results in safety incidents. This situation needs to be
addressed by installation of latest technological available
type of lighting that will curb safety incidents and provide
quality lighting in the plant. The similar lighting technology
has been installed at Lethabo Power Station.",2025/03/17,2025/03/18,2025/07/17,Reported,
160,Q1 2025/26,2025/04/03,Eskom Holdings SOC Ltd,Supply and delivery of busses.,Mercedes Benz Commercial Vehicle,"R 2 0,358,139.57","Due to approval of NT Transversal Contract for state owned
enterprise NT transversal contract was established and the
limited time available to the financial year end by which the
availability of capital will expire.",2025/03/18,2025/03/18,2025/03/28,Reported,
161,Q1 2025/26,2025/04/03,Eskom Holdings SOC Ltd,"Unit 6 dry transformer fire protection system as per the scope of
work.",Tshepo - Themba Engineering,"R 1 ,123,550.00","Unit 6 had an explosion of a steam pipe on 12 December
2024. The dry transformer and the fire piping were badly
damaged. This is inclusive of all the fire system piping on
the vicinity of the explosion area. After the inspection
conducted by Engineering, it was recommended from
Engineering to replace all the fire system protection piping
on all the affected dry transformer area as soon as possible
before the unit return to service in July 2025.",2025/03/20,2025/03/20,2025/10/31,Reported,
162,Q1 2025/26,2025/04/03,Eskom Holdings SOC Ltd,"IP/LP Bypass reliability improvement for Unit 2 MO and Unit 5
GO.",Hydraulix (Pty) Ltd,"R 1 ,756,349.00","Matla IP/LP Bypass system has experienced numerous
failures, leading to delays in unit Return to service (RTS)
and contributing to additional plant issues investigations
identified a design deficiency in the power back system
pumps specifically, the pumps were found to be inadequate
in supplying sufficient flow to the valve actuators,
necessitating the simultaneous operation of both pumps to
manage the load. To address this issue, a modification
(MOD) was tested at Unit 1 involving the installation of
higher flowrate capacity pumps, this modification
significantly improved the reliability of the system and the
results were found to be satisfactory. The MOD is now
ready to be implemented across the remaining units,
implementing this upgrade will resolve the reliability issues
of the bypass system, eliminate delays during unit RTS and
prevent failures related to the unavailability of the IP/LP
bypass.",2025/03/25,2025/03/25,2026/03/24,Reported,
163,Q1 2025/26,2025/04/03,Eskom Holdings SOC Ltd,"Supply and Deliver 8 x Main Turbine Generator Grounding
Sohre gold bristle earthing brushes.",Anaye Logistics CC,"R 5 ,986,254.53","Early delivery is critical because all units are currently
running with worn out electrical brushes while spares
holding is sitting at zero level. The brushes’ s function is to
safely discharge the excessive shaft current onto the ground
through making complete contact with the Generator’s shaft.
This in turn protects critical parts from a catastrophic failure
that may occur due to electrical pitting. The parts at risk are
the white metal bearings, hydrogen seals and gearbox teeth
due to harmful effects of shaft voltages and currents. The
first price would be to get the spares onsite before any
failure occurs. In an event that a failure occurs, and the
mentioned parts were to be damaged, the company will
experience more losses, since the scope of work applicable
to return the unit will be of a general overhaul (GO) in
nature, implying that it will require more than three months
of work with the related Energy Availability Factor loss
(EAF). Currently the following Power Stations: Arnot,
Camden, Kendal, Komati and Matla are using the same
electrical brush and do not have these spares available in
their Warehouse to assist Camden in this crisis.",2025/03/25,2025/03/25,2025/03/31,Reported,
164,Q1 2025/26,2025/04/03,Eskom Holdings SOC Ltd,Supply and delivery of U6 Extraction fans motors impellors.,LM Marthinusen,"R 5 52,872.85",Matla Power Station suffered an HP Steam Pipe explosion.,2025/03/20,2025/03/24,2025/08/27,Reported,
165,Q1 2025/26,2025/04/03,Eskom Holdings SOC Ltd,Supply and delivery of single cabs,Mercedes Benz Commercial Vehicle,"R 7 ,076,748.24","Due to approval of NT Transversal Contract for state owned
enterprise NT transversal contract was established and the
limited time available to the financial year end by which the
availability of capital will expire.",2025/03/26,2025/03/26,2025/03/31,Reported,
166,Q1 2025/26,2025/04/03,Eskom Holdings SOC Ltd,"Supply and delivery of Sedan, light and heavy commercial
vehicles, busses, motorcycles, agricultural tractors,
construction plant and equipment to the state-owned entities
using Transversal contract RT57-2022.","Volkswagen of South Africa;
Isuzu Motors South Africa;
Tumelo Fleet Solutions (Pty) Ltd;
Bakone Steel Manufacturers trading as
Key Spirit Trading 218 CC;
Fumani Holdings (Pty) Ltd;
Merafe Holdings (Pty) Ltd","R 3 4,363,639.97","Follow the hierarchy of suppliers as per P&SCM, to
establish from where the requirements in the PR may be
met, it has been stablished that the scope of supply falls
under transversal sourcing using National Treasury
Transversal contract RT57-2022.",2025/03/13,2025/03/17,2025/03/31,Reported,
167,Q1 2025/26,2025/04/03,Eskom Holdings SOC Ltd,"The provision of Fire Detection System (FDS), Consolidated
Building Management system (CBMS) maintenance services,
supply and delivery of Spares at Kusile Power Station for 5
years.","Honeywell Automation and Control
Solutions (Pty) Ltd","R 1 01,801,861.95","Kusile Power Station is a National Key Point and a crucial
asset in the Generation Fleet. The size and complexity of
the Consolidated Building Management system (CBMS)
installed base will require dedicated OEM support and
maintenance on all aspects of the integrated system.
Honeywell is the official manufacturers of Honeywell
Enterprise Buildings Integrator (EBI), Temaline, Digital
Video Manager (DVM), Life safety systems (XLS series of
fire panels), Comfort Point Open (CPO for BMS), Phoenix
Controls and Xtralis. Honeywell was the principal installer for
CCTV, Access Control, Building Management System and
Operational Technology Hardware and Software at Kusile.
Honeywell Automation and Control Solutions South Africa
(Pty) Ltd is Sole Distributor and Agent in South Africa.",2025/01/16,2025/03/26,2030/03/25,Reported,
168,Q1 2025/26,2025/04/03,Eskom Holdings SOC Ltd,Supply and deliver Plant Equipment.,Leslera Trading and Projects,"R 2 0,033,000.00","An urgent situation arose at Arnot Power Station due to
unavailability of equipment which led to disruption of the
Station's inability to render essential services.",2025/03/25,2025/03/26,2025/03/31,Reported,
169,Q1 2025/26,2025/04/03,Eskom Holdings SOC Ltd,Supply and delivery of U6 mechanical spares.,Ithuba LeAfrica (Pty) Ltd,"R 1 3,709,358.50","The situation arose because of shortage of spares to
execute U6 outage. Some of the spares that were planned
for U6 outage were utilised on U1 and 3 breakdowns, of
which necessitated material management to replenish for
Unit 6. Attempts have been made to place a short-term
contract to procure the outstanding spares, however, based
on the assessment on the current progress made and the
remaining stages of the process, it could be deduced the
contracts will not be placed on time for the current outage,
hence the request for the urgent process.",2025/03/17,2025/03/26,2026/03/31,Reported,
170,Q1 2025/26,2025/04/03,Eskom Holdings SOC Ltd,Supply and delivery of U6 mechanical spares.,Eagle Technik (Pty) Ltd,"R 2 7,003,871.10","On 10 February 2025 an urgent situation arose at Kriel
Power Station. The situation arose because of shortage of
spares to execute U6 outage. Some of the spares that were
planned for U6 outage were utilised on U1 and 3
breakdown, of which necessitated material management to
replenish for Unit 6. Attempts have been made to place a
short-term contract to procure the outstanding spares,
however, based on the assessment on the current progress
made and the remaining stages of the process, it could be
deduced the contracts will not be placed on time for the
current outage, hence the request for the urgent process.",2025/03/20,2025/03/26,2025/06/30,Reported,
171,Q1 2025/26,2025/04/03,Eskom Holdings SOC Ltd,Medupi Power Station Mill overhaul with spares.,Enflotech (Pty) Ltd,"R 2 56,070,846.94","The chosen service provider was the sole spares provider
from the previous contract and has supplied quality spares.
The spares supplied have gone through some design
improvement alterations to gain reliability and useful life at
the component level. They have implemented V5 throat and
robust reject gate valves. Currently installed on the mills with
much-added benefit. An alternative service provider will did
not submit all quotations required for the procurement of 10
x Mills overhaul services and spares. the identified service
provider is currently the running maintenance service
provider.",2025/02/19,2025/03/03,2026/03/02,Reported,
172,Q1 2025/26,2025/04/03,Eskom Holdings SOC Ltd,Calibration and Repairs of Doble Equipment in Free State,Doble Engineering Africa (Pty) Ltd,"R 3 ,116,828.90","Doble Africa is the only service provider that can calibrate
and repair the Doble Equipment.",2025/03/05,2025/03/05,2025/03/17,Reported,
173,Q1 2025/26,2025/04/03,Eskom Holdings SOC Ltd,"Supply, Installation and Commission of SCADA system within
GEMMA Cluster, Northern Cape OU.",GE Digital South Africa (Pty) Ltd,"R 3 5,172,177.02","GE is the sole manufacturer of the PowerOn DMS
(Distribution Management System) applications. A sole
source justification form was duly approved and submitted to
the Procurement Department.",2025/01/31,2025/02/01,2026/01/31,Reported,
174,Q1 2025/26,2025/04/03,Eskom Holdings SOC Ltd,"Provision of Fleet Card Facility: fuel, oil and toll on ERI vehicles
for the period of 12 months.",The Standard Bank of South Africa,"R 2 77,618,834.30","ERI faces a critical risk as all vehicles responsible for
transporting essential materials for maintenance at Power
Stations, Regional Distribution Centres, and various Eskom
sites will be grounded. This disruption will significantly
impact Eskom's operations, leading to production losses
and potential load shedding. The inability to transport
materials on time poses a major threat to Eskom’s service
delivery, jeopardizing its contractual agreements with
customers and affecting communities that rely on a stable
electricity supply.",2025/03/01,2025/03/01,2026/02/28,Reported,
175,Q1 2025/26,2025/04/03,Eskom Holdings SOC Ltd,"Supply and delivery of VRN400 Lining Plates to Kusile Power
Station CTOF
Hoppers.",MACSTEEL SERVICE CENTRES SA,"R 3 ,460,211.31","VRN 400 Carbon Steel plate has been specified by Eskom
Kusile GCD (Attached Drawing No: 0.90/46352)
as the preferred liner for 6x Coal Hoppers. Unlike S355JR
steel which is common commodity or product
used in structural steel and piping the VRN 400 is a
specialized type of steel possessing high hardness
conventional low allow martensitic steel grade for use in
applications requiring high resistance to wear,
impact and abrasion.
The steel has a nominal hardness of 400HB. The low
carbon elements and alloying elements incorporated
with heat treated intense roller quenching and tempering
process ensure an optimal combination of
hardness, toughness, and weldability.
Macsteel-Express is the division of Macsteel that specializes
in VRN products. The VRN 400 plates are
specified in the Employer’s user requirements for lining the
hoppers, hence the preferred supplier will be
Macsteel, the Original Equipment Manufacturer (OEM) and
owner of MacSteel Express. The Employer has
also previously supplied similar goods or products at the
limestone hoppers of Kusile Power Station.",2024/11/27,2025/03/21,2025/10/21,Reported,
176,Q1 2025/26,2025/04/03,Eskom Holdings SOC Ltd,Generator Services Refurbishment,General Electric Vernova,"R 7 48,706,183.15",General Electric owns the IP,2025/03/19,2025/04/01,2028/03/31,Reported,
177,Q1 2025/26,2025/04/03,Eskom Holdings SOC Ltd,CRR Liner Replacements,General Electric Vernova,"R 1 27,650,000.00",General Electric owns the IP,2025/03/19,2025/04/01,2028/03/31,Reported,
178,Q1 2025/26,2025/04/03,Eskom Holdings SOC Ltd,"Design, manufacture, testing, delivery and installation of the
Asymmetrical Hybrids for the Apollo-Songo HVDC Power Line
Carrier system",Hitachi Energy South Africa (Pty) Ltd,"R 9 04,737.44","The Apollo Cahora-Bassa High Voltage Direct Current
(HVDC) scheme is a key asset in the Eskom Transmission
and Generation power system. The hydro-electric scheme
operates between two countries.
Hydro-electrical de Cahora-Bassa (HCB) operates and
maintains the Mozambique section (approximately 900 km)
and Eskom operates and maintains the South African
section from Parfuri,on the South African border, to the
Apollo Inverter Station, on the outskirts of Johannesburg
(approximately
520 km), with a total line length of approximately 1414 km.
The present rating of the HVDC link is 1920 MWatt ±533 kV.
The section of the HVDC line length from Pietersburg
Repeater Station (Limpopo province) to Songo
(Inverter station in Northern Mozambique) is approximately
1146 km making this one of the longest Power
Line Carrier (PLC) links in the world. As a result, there are
certain non-standard PLC link requirements to
allow for the PLCs to operate in this condition. The PLCs
provide Protection, Teleprotection,
Telecontrol/SCADA and Voice services between Apollo and
Songo stations and is the only
telecommunication medium for this system.
The Asymmetrical Hybrid (ASH) is non-standard and
reduces the overall PLC signal loss (attenuation)",2025/03/11,2025/04/01,2025/09/30,Reported,
179,Q1 2025/26,2025/04/03,Eskom Holdings SOC Ltd,"Strip, access and refurbish transformers.",Winding Technologies,"R 1 8,169,150.53","Tutuka Power Station is currently undergoing an
improvement project on the Electrostatic Precipitators (ESP)
where the current rectifiers are being replaced with the High
frequency transformers. The replacement project has
already started and concluded in 2 units (unit 6,4,5) and
currently busy with the scope execution on Unit 1 where the
improvement project is being done. The remaining two
units will be concluded in FY 26/27.",2025/03/27,2025/03/27,2025/06/30,Reported,
180,Q1 2025/26,2025/04/03,Eskom Holdings SOC Ltd,Refurbishment of Hydraulic cubicle.,Hydac Technology,"R 9 ,021,459.76","Hydac Technology is the OEM for the HP Bypass hydraulic
power back. The hydraulic power back services the HP
Bypass system which offers a critical start-up and safety
function for the boiler plant. This is a level 1 plant, the
failure and non-availability of this plant has severe impact on
safety and production of electricity. The hydraulic circuit is a
specialized field which requires accredited service providers
OEM’s.",2025/03/31,2025/04/01,2030/03/31,Reported,
181,Q1 2025/26,2025/04/03,Eskom Holdings SOC Ltd,"ABB type TB-2005-H Turbine Trip Block overhaul &
recertification for Tutuka Power Station.",ABB South Africa (Pty) Ltd,"R 1 5,824,013.98","ABB as OEM recommends reconditioning and recertification
of individual Trip Blocks at least every 7 years to be in line
with the safety standard. The re-conditioning and
recertification process includes the replacement of all wear
and tear parts, and a factory test to certify that the hydraulic
function performs according to the safety protocol. This
service would be performed at the OEM factories in
Germany. ABB holds all proprietary design information as
well as the SIL3 certification for the trip block which were
original supplied by ABB as the OEM of the trip block. The
mentioned Trip blocks used at Tutuka Power Station were
overhauled and re-certified in Germany between 2014 and
2015 to assure the conformity of reconditioned Hydraulic
Trip Block type ABB TB-2005-H with TÜV certificate Z-IS-
ATA3-MAN 600 213 808-b.",2024/12/23,2025/04/01,2026/03/31,Reported,
182,Q1 2025/26,2025/04/03,Eskom Holdings SOC Ltd,"Procurement and refurbishment of proportional valves at Kriel
Power Station.",Africa Maintenance Equipment,"R 1 ,732,632.63","On 3 November 2024, Kriel Power Station succumbed a fire
incident at unit 6. The fire has caused significant damage to
the turbine and boiler's instrumentation system which must
be fully restored to meet operational standard.",2025/03/28,2025/03/31,2025/05/30,Reported,
183,Q1 2025/26,2025/04/03,Eskom Holdings SOC Ltd,Lethabo Unit 2 ESP flu gas duct team failure repair.,"Babcock Nthuthuko Engineering (Pty)
Ltd","R 9 ,379,621.95","In February 2025 an urgent situation arose at unit 2 ESP
flue flag ducting. The situation arose as a result of collapsed
beam for the flue gas duct.",2025/03/25,2025/03/27,2025/03/31,Reported,
184,Q1 2025/26,2025/04/03,Eskom Holdings SOC Ltd,Repair gearbox; 3800;1;0.36.,"Bearing International - a division of
Hudaco Trading (Pty) Ltd","R 1 ,030,391.50","The current Atmospheric Emission License (AEL
17/4/AEL/MP312/11/9) issued on 31 March 2019 for Kriel
Power Station requires that the Station should comply with a
limit of 125 mg/Nm3 on continuous basis. New license
conditions were imposed as from 2020 where Kriel Power
Station is expected to comply with a new limit of 100
mg/Nm3. It is required then for license holder to ensure that
these conditions are always adhered to through a
continuous focus on the operating, optimization and
maintenance of the plant. For this to happen effective,
maintenance work must be done at both all moving and
damaged non-rotatable components found inside and
outside ESP casing.",2025/03/27,2025/03/28,2025/05/30,Reported,
185,Q1 2025/26,2025/04/03,Eskom Holdings SOC Ltd,U1 and U4 Precip Hopper compressor electrical supply .,Elektrarna Electrical (Pty) Ltd,"R 8 ,187,745.85","A need for temporary Electric Compressors had risen due to
the poor performance of the current Station-installed electric
compressors set up as a result. The Station suffers from
poor dust conveyance and as a result Environmental
emissions.",2025/03/27,2025/03/28,2026/03/27,Reported,
186,Q1 2025/26,2025/04/03,Eskom Holdings SOC Ltd,"Service, maintenance, calibration and spare parts for Sievers
TOC Instruments for a period of 36 months.",Chemitrix (Pty) Ltd,"R 5 11,785.86","Chemical process monitoring plays an essential role in the
water production cycle. Chemical Services Department can
only provide the analytical chemistry service to the Power
Station using analytical chemistry measuring equipment that
are reliable and accurate. Sievers TOC Analyser is used in
the chemical laboratory for the analysis of organic
contaminants/impurities found in the water purification
process. This TOC analyser was procured from Chimerix
Export (Pty) Ltd. As part of the quality management system
program and to ensure reliability and integrity of the
chemistry analysis results, the analytical chemistry
equipment used can only be maintained and serviced by the
Original Equipment Manufacturer (OEM), Veolia, and or
their authorised local agent or reseller, Chimerix Export (Pty)
Ltd, on yearly basis. Confirmation of the exclusive
agency/distributor of Chimerix Export (Pty) Ltd is also
available for reference. The spares and consumables used
on the instruments are specific and cannot be purchased
from any other manufacturer. The warranty of the
workmanship on this instrument is only valid when OEM’s
spares and consumables are used. It should be noted that
the Sievers TOC analyser is due for its yearly service and
calibration by the OEM.",2025/03/17,2025/05/01,2028/04/30,Reported,
187,Q1 2025/26,2025/04/03,Eskom Holdings SOC Ltd,"Supply and delivery of Fluke ii915 Acoustic Imager at Lethabo
Power Station.",Guduza Engineering,"R 7 61,677.35","Due to the late securing of funds within the financial year,
we are facing a critical deadline to procure and deliver the
Acoustic Imager by 31 March 2025.",2025/03/26,2025/03/26,2025/04/30,Reported,
188,Q1 2025/26,2025/04/03,Eskom Holdings SOC Ltd,Technical advisory service and performance test.,Kepco KPS South Africa,"R 4 ,043,102.55","The Station is at risk of returning unit 2 with high post
outage UCLF which has a potential of contributing to load
shedding.",2025/03/27,2025/03/27,2025/04/24,Reported,
189,Q1 2025/26,2025/04/03,Eskom Holdings SOC Ltd,Urgent procurement for supply and delivery of valves.,Romuse (Pty) Ltd,"R 1 8,185,414.12","Matla Power Station will not be able to execute and complete
the outages in time which will prevent the successful return
of the units as planned and that would lead to excessive
high outage costs and possible load-shedding.",2025/02/25,2025/03/31,2026/03/30,Reported,
190,Q1 2025/26,2025/04/03,Eskom Holdings SOC Ltd,Weighbridge analytics.,Alphatech Global Technologies,"R 3 2,759,101.25","Continuity for the maintenance and support of the installed
weighbridge analytics systems for 5 years at Eskom sites
where the system has already been installed and used for
the past 12 months.",2025/02/11,2025/04/01,2030/03/31,Reported,
191,Q1 2025/26,2025/04/03,Eskom Holdings SOC Ltd,To hire mobile oil purifier.,Leruo Facilities and Projects (Pty) Ltd,"R 5 52,000.00","On 22 March 2025, unit 2 was synchronised on load with
only Electric Feed Pump A(EFP A) because EFP B oil was
contaminated. The maintenance team connected a site
owned purifier on 20 March 2025 but two days later the
contamination was not getting better. A decision was taken
to hire a mobile purifier to speed up the process and clear
the 300MW load loss, to save on fuel oil costs and avoid
tripping the unit.",2025/03/25,2025/03/31,2025/04/30,Reported,
192,Q1 2025/26,2025/04/03,Eskom Holdings SOC Ltd,Operations and cleaning services of Ash and Coal.,Eskom Rotek Industries,"R 5 6,949,044.26","Without the cleaners deployed in the plant to clean the plant
in a clean and efficient manner, the plant would be required
to shut down. There are threats of interruptions in the
supply of electricity to customers resulting in load shedding
and a major consequential expense to Eskom.",2025/03/31,2025/04/01,2025/08/31,Reported,
193,Q1 2025/26,2025/04/03,Eskom Holdings SOC Ltd,"Service, maintenance, calibration, supply and delivery of
consumables and spare parts for Thermo-Fisher ICs used in
the laboratory at Komati Power Station.",Anatech Instruments (Pty) Ltd,"R 8 21,508.97","Ion Chromatograph Instruments (x2) are used in the
chemical laboratory for the analysis of anion
contaminants/impurities found in the potable water
purification process. These Ion Chromatograph instrument,
were procured from Thermo Fisher Scientific. As part of the
quality management system program, reliability and integrity
of chemical analysis depends on how well the instruments
are maintained and serviced. These Instruments can only
be maintained and serviced by the original equipment
manufacturer (OEM) or authorised local agent which is
Anatech Instruments (Pty) Ltd, on yearly basis.
Confirmation of the exclusive agency/distributor of Anatech
Instruments (Pty)Ltd is also attached for reference. The
Spares and consumables used on these instruments are
specific and cannot be purchased from any other supplier.
The warranty of the workmanship on these instruments is
only valid when OEM`s spare and consumables are used. It
should be noted that the instruments are due for yearly
calibration and service.",2025/03/14,2025/04/02,2028/03/01,Reported,
194,Q1 2025/26,2025/04/03,Eskom Holdings SOC Ltd,"Supply and delivery of various spares (special bolts, actuator
drive nuts, threaded bars, high tensile studs, flat washers,
copper sling, gaskets, reducer, oil skid flange & others ) for
Kusile Unit 1&2 FGD recovery.","Molefi and Three Brothers Trading (Pty)
Ltd","R 3 3,538,578.15","The required spares are required to ensure that the Station
meets FGD reconnection and units return to service dates
after scheduled upcoming outages. These spares are
critical to ensure successful reconnection of unit 1 & 2 back
to the FGD as per emissions license requirements. The
spares required are critical components that enable the FGD
absorber to function and without which the plant cannot run
which then accelerates the risk of load shedding. The
required spares are components that were damaged and
corroded by slurry when FGD was operating with major
defects and others which were pirated to support running
units and return to service of unit 3 FGD. A supplier who
has the capability to deliver the required spares and able to
deliver within required timeframe to support Unit 1 and Unit
2 RTS is therefore required.",2025/03/31,2025/03/31,2025/05/31,Reported,
195,Q1 2025/26,2025/04/03,Eskom Holdings SOC Ltd,Supply and delivery of FFP Bags.,Beier Envirotec,"R 1 0,044,387.50","On 1 March 2025 an urgent situation arose at Hendrina
Power Station. The situation arose because of oil carry over
to unit 2 FFP bags during the return to service of the unit
after the boiler tube leak repairs. Hendrina Unit 2 will not be
able to return to service without the FFP bags being
replaced. This will result in the unit being extended UCLF
for a period of 90 days or more while sourcing for the
spares of FFP bags. The utilization of unit 7 FFP bags
planned to be installed during the outage starting 14 March
2025 will minimize the impact of the extended UCLF on unit
2 due to unavailability of the spare set of bags.",2025/03/31,2025/03/31,2025/04/30,Reported,
196,Q1 2025/26,2025/04/03,Eskom Holdings SOC Ltd,Supply and delivery of fleet vehicles.,Godrich Motors,"R 1 7,337,304.67","As per the Fleet Management services procedure (240-
101864556), Eskom is obligated to provide transportation
for its employees between their homes and workplaces.
However, due to the aging fleet, we are currently
experiencing a shortage of transport vehicles, which
frequently break down. This may result in employees being
late to work or home, ultimately impacting Station’s daily
operations and productivity. To address this challenge, the
procurement of new fleet vehicles is necessary to ensure the
safety of employees while commuting between work and
home, particularly during night-time emergency callouts.",2025/03/27,2025/03/27,2025/03/31,Reported,
197,Q1 2025/26,2025/04/03,Eskom Holdings SOC Ltd,Provision of Gas Tubine1 and 2 Exhaust Plenum repair.,Kepco KPS South Africa,"R 8 ,050,000.00","Unavailability of Kendal Black Start Facility (KBSF) is critical
for the restoration of the interconnect power system on the
event on national blackout. The KBSF is currently not
available due to Gas Turbines(GT) 1 defects. GT2 is
available with a defective exhaust plenum. The
unavailability of the Gt is mainly due to failure of Auxiliary
component because of exposure to high temperatures.",2025/03/31,2025/03/31,2025/05/30,Reported,
198,Q1 2025/26,2025/04/03,Eskom Holdings SOC Ltd,Supply and delivery of Milling Plant spares.,Howden Power Pty (Ltd),"R 6 69,313.32","The milling plant is regarded as a level one plant and is
crucial for the reliable operation of the units. The function of
the mills is to pulverise coal for combustion in the boiler
furnace. Unreliability and unavailability of mills result in
partial load losses and even unit trips. It is therefore of vital
importance that this critical plant be at all times available to
enable maximum generation especially in the current era of
capacity constraints. The sealing air fans are of the constant
speed single impellor type. The seal air fans on Boilers 1-5
and 7-8 are supplied by CFW. Unit 6 seal air fans are
supplied by Howden. Air at atmospheric temperature is
drawn into the fan through filters situated at the suction inlet,
and discharged through the mill seal air ring main, where
connections to seals and bearings requiring seal air are
taken. The sealing air fan is interlocked such that a mill
group cannot be started until the sealing air fan associated
with a particular mill group has been started. Howden
Power is the OEM (Original Equipment Manufacturer) for all
supply of the Unit 6 Seal Air Fans Spares only at Camden
Power Station. Howden Power has been supplying Unit 6
Seal Air Fans since RTS of Camden Power Station.
Unfortunately, on the new contract for Howden Power
spares these components were left out and this poses a risk
of the spares unavailable and take it into account that
Eskom doesn’t have the drawings for these components.
These components are highly specialised both in terms of
design and manufacturing. The OEM is the only supplier
with the proprietary rights and requesting supply and",2025/03/28,2025/03/26,2025/04/25,Reported,
199,Q1 2025/26,2025/04/03,Eskom Holdings SOC Ltd,"Supply and delivery of Calorimeter - Analyzer Hardgrove
Grindability machine.",Micron Equip (Pty) Ltd,"R 1 ,072,164.72","On 9 March 2025 an urgent situation arose at Hendrina
Power Station. The situation arose as a result of the release
of funds to procure assets, additionally the equipment
required is crucial to chemical services department to meet
the surveillance requirements, maintain high quality
standards and to control and monitor chemistry processes
efficiently. The business had made additional Capex funds
available to spend before the end of the financial year (31
March), as a result, following the normal procurement
process will not meet the deadline because it will take longer
than three months to complete, prompting the decision to
use the urgent procurement process.",2025/03/27,2025/03/27,2025/03/31,Reported,
200,Q1 2025/26,2025/04/03,Eskom Holdings SOC Ltd,"Unit 6 turbine and boiler valves repairs as per the scope of
work.",High Pressure valve services (Pty) Ltd,"R 7 31,466.70","Unit 6 had an explosion of a steam pipe on 12 December
2024 where most of the auxiliary system were affected and
damaged. This is inclusive of the valves on the vicinity of
the explosion area. After the inspection conducted by
engineering and maintenance, it was recommended from
engineering to open and inspect all the affected valves and
repair the valves as soon as possible before the unit return
to service on July 2025. The order placement is expected
to be placed on 10 March 2025 to allow the replenish of
used spares with a long lead time. The unit cannot return
with the damaged valves or it cannot be commissioned
without the availability of the valves in the plant.",2025/03/28,2025/03/27,2025/03/31,Reported,
201,Q1 2025/26,2025/04/03,Eskom Holdings SOC Ltd,Supply and delivery of Meter: PH; 0-14PH; digital.,Hanna Instruments,"R 3 31,504.75","On 9 March 2025 an urgent situation arose at Hendrina
Power Station. The situation arose as a result of the release
of funds to procure assets. Additionally the equipment
required is crucial chemical services department to meet the
surveillance requirements, maintain high quality standards
and to control and monitor chemistry processes efficiently.
The business had made additional Capex funds available to
spend before the end of the financial year (31 March) as a
result, following the normal procurement process will not
meet the deadline because it will take longer than three
months to complete, prompting the decision to use the
urgent procurement process.",2025/03/27,2025/03/31,2025/03/31,Reported,
202,Q1 2025/26,2025/04/03,Eskom Holdings SOC Ltd,Supply and delivery of standard Analytical testing material.,Anton Paar Southern Africa,"R 8 14,117.20","On 9 March 2025 an urgent situation arose at Hendrina
Power Station. The situation arose as a result of the release
of funds to procure assets. Additionally the equipment
required is crucial chemical services department to meet the
surveillance requirements, maintain high quality standards
and to control and monitor chemistry processes efficiently.
The business had made additional Capex funds available to
spend before the end of the financial year (31 March) as a
result, following the normal procurement process will not
meet the deadline because it will take longer than three
months to complete, prompting the decision to use the
urgent procurement process.",2025/03/27,2025/03/27,2025/03/31,Reported,
203,Q1 2025/26,2025/04/03,Eskom Holdings SOC Ltd,Supply and deliver of machine Coulometer Karl Fischer.,MetroHM SA,"R 4 ,104,314.96","On 9 March 2025 an urgent situation arose at Hendrina
Power Station. The situation arose as a result of the release
of funds to procure assets. Additionally the equipment
required is crucial chemical services department to meet the
surveillance requirements, maintain high quality standards
and to control and monitor chemistry processes efficiently.
The business had made additional Capex funds available to
spend before the end of the financial year (31 March) as a
result, following the normal procurement process will not
meet the deadline because it will take longer than three
months to complete, prompting the decision to use the
urgent procurement process.",2025/03/27,2025/03/31,2025/03/31,Reported,
204,Q1 2025/26,2025/04/03,Eskom Holdings SOC Ltd,Supply and delivery of Refrigerator Lab 627.,Labotec,"R 2 89,526.30","On 9 March 2025 an urgent situation arose at Hendrina
Power Station. The situation arose as a result of the release
of funds to procure assets. Additionally the equipment
required is crucial chemical services department to meet the
surveillance requirements, maintain high quality standards
and to control and monitor chemistry processes efficiently.
The business had made additional Capex funds available to
spend before the end of the financial year (31 March) as a
result, following the normal procurement process will not
meet the deadline because it will take longer than three
months to complete, prompting the decision to use the
urgent procurement process.",2025/03/27,2025/03/31,2025/03/31,Reported,
205,Q1 2025/26,2025/04/03,Eskom Holdings SOC Ltd,Supply and delivery of Analyzer: Sodium.,Swan Instrumentation South Africa,"R 8 09,831.75","On 9 March 2025 an urgent situation arose at Hendrina
Power Station. The situation arose as a result of the release
of funds to procure assets. Additionally the equipment
required is crucial chemical services department to meet the
surveillance requirements, maintain high quality standards
and to control and monitor chemistry processes efficiently.
The business had made additional Capex funds available to
spend before the end of the financial year (31 March) as a
result, following the normal procurement process will not
meet the deadline because it will take longer than three
months to complete, prompting the decision to use the
urgent procurement process.",2025/03/27,2025/03/31,2025/03/31,Reported,
206,Q1 2025/26,2025/04/03,Eskom Holdings SOC Ltd,Supply and delivery of Cylinder Gradtd 1000ml.,"Bashumi Instruments and Control
Services","R 1 50,374.00","On 9 March 2025 an urgent situation arose at Hendrina
Power Station. The situation arose as a result of the release
of funds to procure assets. Additionally the equipment
required is crucial chemical services department to meet the
surveillance requirements, maintain high quality standards
and to control and monitor chemistry processes efficiently.
The business had made additional Capex funds available to
spend before the end of the financial year (31 March) as a
result, following the normal procurement process will not
meet the deadline because it will take longer than three
months to complete, prompting the decision to use the
urgent procurement process.",2025/03/27,2025/03/31,2025/03/31,Reported,
207,Q1 2025/26,2025/04/03,Eskom Holdings SOC Ltd,Supply and delivery of Analyzer Tri Gas.,Oakleaf Investment Holding 52,"R 4 89,844.80","On 9 March 2025 an urgent situation arose at Hendrina
Power Station. The situation arose as a result of the release
of funds to procure assets. Additionally the equipment
required is crucial chemical services department to meet the
surveillance requirements, maintain high quality standards
and to control and monitor chemistry processes efficiently.
The business had made additional Capex funds available to
spend before the end of the financial year (31 March) as a
result, following the normal procurement process will not
meet the deadline because it will take longer than three
months to complete, prompting the decision to use the
urgent procurement process.",2025/03/27,2025/03/31,2025/04/01,Reported,
208,Q1 2025/26,2025/04/03,Eskom Holdings SOC Ltd,Supply and delivery of modular multi-band UV Radiometer.,Hach South Africa,"R 9 75,983.45","On 9 March 2025 an urgent situation arose at Hendrina
Power Station. The situation arose as a result of the release
of funds to procure assets. Additionally the equipment
required is crucial chemical services department to meet the
surveillance requirements, maintain high quality standards
and to control and monitor chemistry processes efficiently.
The business had made additional Capex funds available to
spend before the end of the financial year (31 March) as a
result, following the normal procurement process will not
meet the deadline because it will take longer than three
months to complete, prompting the decision to use the
urgent procurement process.",2025/02/27,2025/01/31,2025/03/31,Reported,
209,Q1 2025/26,2025/04/03,Eskom Holdings SOC Ltd,"Supply and delivery of Analyzer: Chromatography; 0,001 –
4000 ppm.",Anatech Instruments,"R 2 ,149,694.10","On 9 March 2025 an urgent situation arose at Hendrina
Power Station. The situation arose as a result of the release
of funds to procure assets. Additionally the equipment
required is crucial chemical services department to meet the
surveillance requirements, maintain high quality standards
and to control and monitor chemistry processes efficiently.
The business had made additional Capex funds available to
spend before the end of the financial year (31 March) as a
result, following the normal procurement process will not
meet the deadline because it will take longer than three
months to complete, prompting the decision to use the
urgent procurement process.",2025/03/27,2025/03/31,2025/03/31,Reported,
210,Q1 2025/26,2025/04/03,Eskom Holdings SOC Ltd,Supply and delivery of Purifier: Water; Electrical; filter.,Merck Life Science,"R 1 07,182.76","On 9 March 2025 an urgent situation arose at Hendrina
Power Station. The situation arose as a result of the release
of funds to procure assets. Additionally the equipment
required is crucial chemical services department to meet the
surveillance requirements, maintain high quality standards
and to control and monitor chemistry processes efficiently.
The business had made additional Capex funds available to
spend before the end of the financial year (31 March) as a
result, following the normal procurement process will not
meet the deadline because it will take longer than three
months to complete, prompting the decision to use the
urgent procurement process.",2025/03/27,2025/03/31,2025/03/31,Reported,
211,Q1 2025/26,2025/04/03,Eskom Holdings SOC Ltd,Supply and delivery of various chemistry equipment.,Envirocon Instrumentation,"R 3 ,800,899.50","On 9 March 2025 an urgent situation arose at Hendrina
Power Station. The situation arose as a result of the release
of funds to procure assets. Additionally the equipment
required is crucial chemical services department to meet the
surveillance requirements, maintain high quality standards
and to control and monitor chemistry processes efficiently.
The business had made additional Capex funds available to
spend before the end of the financial year (31 March) as a
result, following the normal procurement process will not
meet the deadline because it will take longer than three
months to complete, prompting the decision to use the
urgent procurement process.",2025/03/31,2025/04/01,2025/04/01,Reported,
212,Q1 2025/26,2025/04/07,Special Investigating Unit (SIU),Renewal of SAIOSH Membership,"South African Institute of Occupational
Safety and Health","R 1 ,261.55",Renewal of SAIOSH Membership (Any other (Impractical),2025/03/26,Not stated,Not stated,Reported,
213,Q1 2025/26,2025/04/04,"Armaments Corporation of South Africa
SOC Ltd (ARMSCOR)","International Organiganiza for Standardization (ISO) 17025
accreditation","South African National Accreditation
System (SANAS)","R 1 28,094.00","SANAS is mandated by the state through the accreditation
for conformity assessment, calibration and good labolatory
practice Act 19 of 2006 as the only body to provide ISO
17025 accreditation services.",2025/03/27,Not stated,Not stated,Reported,
214,Q1 2025/26,2025/04/04,"Armaments Corporation of South Africa
SOC Ltd (ARMSCOR)",Renewal of Aris Software Licences,Software AG South Africa (Pty) Ltd,"R 1 ,385,814.00","Software AG (Pty) Ltd is the OEM and provider of ARIS
subscription",2025/03/27,Not stated,Not stated,Reported,
215,Q1 2025/26,2025/04/04,"Armaments Corporation of South Africa
SOC Ltd (ARMSCOR)",Accounting services,MMB Consulting,"R 6 30,000.00","Armscor Finance is in the process of implementing
improvements indentified during the audit together with the
ERP emplementation. Permanent appointment of resources
as the amended structure to commence shortly.",2025/03/05,Not stated,Not stated,Reported,
216,Q1 2025/26,2025/04/08,"National Metrology Institute of South Africa
(NMISA)",Procurement of Radionuclide Calibrator,Axim Nuclear and Oncology (Pty) Ltd,"R 1 ,200,135.00",Sole source,2025/04/05,Not stated,Not stated,Reported,
217,Q1 2025/26,2025/04/08,"National Housing Finance Corporation
SOC Ltd (NHFC)",Video Production: Affordable Housing Africa Conference,OneTime Media Productionz,"R 7 ,980.00",Timeous delivery of corporate video,2025/03/20,Not stated,Not stated,Reported,
218,Q1 2025/26,2025/04/08,"National Housing Finance Corporation
SOC Ltd (NHFC)",Provision of Gym service for NHFC Staff,Redefine Properties,"R 3 12,000.00",Augment Empolyee Wellness Programme,2025/03/20,2025/03/20,2027/05/31,Reported,
219,Q1 2025/26,2025/04/08,Special Investigating Unit (SIU),Membership fee for the CAACC,Commonwealth C A efr nic teaRr Aenqtui-eCsot rfrourp tthioen H e,"adR o f t h e U n i t t o C 6 o5n,0s7id5e.r5 0an",d approve the subscriptin payment of the Association of the H,ead o2f 0A2n5ti/-0C3o/2rr7uptio,n AgencieNso Ct sotmatmedon Africa.,Not stated,Reported,
220,Q1 2025/26,2025/04/01,"Armaments Corporation of South Africa
SOC Ltd (ARMSCOR)","To participate in Inter Laboratory Comparison (ILC) 25-036
proficiency test for gas filter capacity (type B)",Inspec International Limited (ILINCS)PE,"C IRn t e r n a t i o n a l L t d 1 i2s ,t9h7e2 o.8n5ly",facility in the world offering this proficiency test specifically for,respi2ra0t2o5ry/0 p3r/o1t1ectio,n test me2th0o2d5s/0. 3 /11,2025/04/17,Reported,
221,Q1 2025/26,2025/04/01,"Armaments Corporation of South Africa
SOC Ltd (ARMSCOR)",Plastic Components for manufacturing screw adaptors,Paramount Safety Products CC,"PaRr a m o u n t S a f e 2 ty4 P2,r8o2d2u.c5t0s c",c is the developer (Original Equipment Manufacturer) of the s,crew 2a0d2a5p/t0o3rs/1 3in So,uth Africa2025/03/13,2025/07/31,Reported,
222,Q1 2025/26,2025/04/01,"Armaments Corporation of South Africa
SOC Ltd (ARMSCOR)","To supply and deliver a long-range antenna and radio joystick
system for the SPARUS II Autonomous Underwater Vehicle
(AUV)",Iqua RoIqbuoati cRso SbLo tiisc st hSeL O riginal Equ,"ipmR e n t M a n u f a c t3 u4r8er,9 (0O4E.8M2)",and sole supplier of the long-range antenna and radio joystick,syste2m02 f5or/0 t3h/e1 S8PAR,US II Au2to0n2o5m/0o3u/1s8 Underwa,ter Veh2i0cl2e5 (/A08U/V2)9,Reported,
223,Q1 2025/26,2025/04/01,"Armaments Corporation of South Africa
SOC Ltd (ARMSCOR)","Conduct repairs and refurbishment of the Rapid Deployable
Costal Surveillance Command Container (CSCC)",TF Design (Pty) Ltd,"R T F D e s i g6 n4 5(P,0t7y)5 .L0t0d i",s the Original Equipment Manufacturer (OEM) and sole suppli,er of 2th0e2s5e/0 c3o/1n8tainer,s 2025/03/18,2025/07/15,Reported,
224,Q1 2025/26,2025/04/01,"Armaments Corporation of South Africa
SOC Ltd (ARMSCOR)",To supply and deli fv oe rr w a a rG de -lm ooin ki i n1 g2 0 so0 nik a 2 rD (2-DimentionalM) ar,ine SolutMioanrsin (eP Styo) lLuttdio niss t h(Pet ys)o Llet dsupplier,"of Rth e G e m i n i 1 2 5 0507ik,2 26D8 .(020-D","imentional) forward looking sonar, resell and provide technica",l train2i0n2g5 a/0n3d/ 2a0fter s,ales serv2ic0e2s5 f/o0r3 T/2ri0tech’s pr,oduct ra2n0g2e5 /i0n5 S/1o6uth Afri,ca Reported,
225,Q1 2025/26,2025/04/01,"Armaments Corporation of South Africa
SOC Ltd (ARMSCOR)","Maintenance/ service contract of all Agilent Analytical
Laboratory equipment for a period of three years",Chemetrix Export (Pty) LtdCheme,"trixR E x p o r t ( P t y 4) ,L5t0d0 i,s0 t0h0e. 0a0cc",redited sole supplier source by OEM Agilent Technologies Int,ernat2io0n2a5l /S0a2r/l1 f9or Ag,ilent equiNpmote sntat.t ed,Not stated,Reported,
226,Q1 2025/26,2025/04/01,Department of Human Settlements (DHS),Subscription Online Resources,Lexis Nexis,"R 1 53,187.38",Deviation from normal bidding process,2025/02/19,Not stated,Not stated,Reported,
227,Q1 2025/26,2025/04/01,Department of Human Settlements (DHS),Multi Media Marketing,SABC,"R 5 0,000,000.00",Deviation from normal bidding process,2025/03/25,Not stated,Not stated,Reported,
228,Q1 2025/26,2025/04/01,Department of Human Settlements (DHS),Team Mate Audit Solution Licence Maintenance,Wolter Kluwer,"R 5 1,080.63",Deviation from normal bidding process,2025/03/25,Not stated,Not stated,Reported,
229,Q1 2025/26,2025/04/01,"Social Housing Regulatory Authority
(SHRA)",Provide Microsoft 365 Backup and Azure Storage,Exelligent Network Services,"R E x e l l ig e n t N e 4 t6w9o,r6k2 S6e.8rv8ic",es as the appointed SHRA MSP has the expertise and tools n,ecess2a0r2y5 f/o0r3 t/h1i1s mig,ration 2025/03/01,2027/11/30,Reported,
230,Q1 2025/26,2025/04/01,"Social Housing Regulatory Authority
(SHRA)",SAGE Evolution license renewal,SAGE South Africa it is,"thRe r e s p o n s ib il i t2 y3 o9f, 9IC5T0. 0to1 e",nsure that Sage Evolution licenses are up to date to ensure av,ailab2il0ity2 5o/f0 t3h/e2 0Finan,cial Syst2e0m2.5/04/01,2026/03/31,Reported,
231,Q1 2025/26,2025/04/01,"Social Housing Regulatory Authority
(SHRA)","to provide five turnstile 24v power supply with battery backup 1
1,430.00 1,430.00
BATT - 12V 7AH Securi-Prod SLA F1 4.8mm Terminal",Active Motion,"R A c t i v e M o t i o n i n 5 s,t3a7ll6e.d2 5the","SHRA alarm security system, and they are most familiar with",secu2r0it2y 5la/0y3o/u2t8 of th,e floor Not stated,Not stated,Reported,
232,Q1 2025/26,2025/04/09,Legal Aid South Africa,"Appointment of a Senior and Junior counsel to prepare and
argue in the matter of Magalore Mereki and others v Moladora
Trust","Adv. Tembeka Ngcukaitobi SC & Adv.
Ntokozo Qwabe","R 2 56,000.00",Single Source,2024/12/12,2025/01/16,2025/01/17,Reported,
233,Q1 2025/26,2025/04/09,Legal Aid South Africa,"Appointment of a transcription company to prepare and bind
the 17 sets of the appeal record bundles to be filed at the
constitutional court in the matter of Magalore Mereki and others
v Moladora Trust","Ascent Appeals Transcriptions Company
Pty Ltd","R 3 9,071.25",Single Source,2024/12/12,2025/01/16,2025/01/17,Reported,
234,Q1 2025/26,2025/04/09,Legal Aid South Africa,"Appointment of an external Service Provider to act as initiator in
the disciplinary hearing",J Philip Attorneys,"R 3 66,000.00",Single Source,2025/03/10,2025/03/11,2025/03/31,Reported,
235,Q1 2025/26,2025/04/09,Legal Aid South Africa,"Deviation from a normal procurement process and to enter into
a lease agreement for the procurement of Ladybrand Satellite
Office Accommodation",Oos Vrystaat Kaap,"R 8 72,962.08",Urgent,2025/03/27,2025/04/01,2030/03/31,Reported,
236,Q1 2025/26,2025/04/09,Legal Aid South Africa,Court Order to advertise on Sowetan Newspaper,Arena Holdings (Pty) Ltd,"R 2 ,484.00",Single Source,2025/03/11,2025/03/11,2025/03/31,Reported,
237,Q1 2025/26,2025/04/09,Legal Aid South Africa,"Deviation from normal procurement process procedures:
appointment of an external service provider to act as initiator in
the disciplinary hearing for Phuthadithjaba Local Office",J Philip Attorneys,"R 4 20,900.00",Single Source,2025/03/10,2025/03/11,2025/03/31,Reported,
238,Q1 2025/26,2025/04/10,Special Investigating Unit (SIU),Membership renewal T,he Institute of Directors South Africa (IODS,"A)R S 3 i4n,g8l0e 0s.o0u0rc","e, membership is unique to The Institute of Directors South Af",rica (2IO02D5S/0A4)/07,Not stated,Not stated,Reported,
239,Q1 2025/26,2025/04/11,"South African Human Rights Commission
(SAHRC)",Offsite Storage,Metrofile,"R 1 4,307.61",Urgent Procurement,2025/04/01,2025/04/01,2025/05/31,Reported,
240,Q1 2025/26,2025/04/11,Special Investigating Unit (SIU),Membership renewal The In,stitute of Risk Management South Africa (I,"RMRS A ) S in g l e 2 s,o3u5r0c.e6,0 m",embership is unique to The Institute of Risk Management Sou,th Af2ri0ca2 5(I/R04M/1S0A),Not stated,Not stated,Reported,
241,Q1 2025/26,2025/04/10,Housing Development Agency (HDA),"Provision of storage of Office Furniture, Documents and IT
equipment",Biddulphs Internationals,"R 6 9,812.00",Single Source,2025/02/01,2025/03/31,2025/03/31,Reported,
242,Q1 2025/26,2025/04/10,Housing Development Agency (HDA),"Handling Cost for Office Furniture, Document and IT
Equipment",Biddulphs Internationals,"R 1 07,162.00",Single Source,2025/04/01,2025/04/01,2025/04/30,Reported,
243,Q1 2025/26,2025/04/17,National Gambling Board (NGB),Annual Iqual Software licenses,Predicate logistics (Pty) Ltd,"R 1 05,637.50",Sole source,2025/04/15,2025/06/01,2026/04/30,Reported,
244,Q1 2025/26,2025/04/17,National Lotteries Commission (NLC),AFS License subscription,Ducharme Consulting (Pty) Ltd,"R 3 39,250.00",Sole source,2025/04/04,Not stated,Not stated,Reported,
245,Q1 2025/26,2025/04/14,Eskom Holdings SOC Ltd,"The provision for the Supply of Primary Reference Gas
Mixtures and annual calibration/verification of instruments for
SANAS accredited laboratory No. 1503 for Air Quality
Monitoring- (AQM) and Continuous Emission Monitoring as
and when required basis for a period of 60 months.",NMISA,"R 2 ,O1n5l5y, 7a2 s1o.0le0 c",ontractor is able to provide the goods or services or any combi,natio2n0 t2h4er/0e8of/.23,2025/02/12,2030/02/12,Reported,
246,Q1 2025/26,2025/04/14,Eskom Holdings SOC Ltd,"Annual Service and Maintenance of The Sievers M9 TOC
Instrument and Agilent HPLC for a Period of 5 Years, As Well
As the Service and Maintenance of The Sievers 900 TOC
Instrument and Agilent GC-MS Instruments for A Period Of 1
Year at Eskom Research, Testing and Development in
Rosherville",Chemetrix Export (Pty) Ltd,"R 1 ,O7n0l3y, 8a4 s9o.5le6 c",ontractor is able to provide the goods or services or any combi,natio2n0 t2h4er/1e0of/.03,2025/02/10,2030/02/09,Reported,
247,Q1 2025/26,2025/04/14,Eskom Holdings SOC Ltd,"Provision of Service, Maintenance and Repairs as well as
Supply of Spares and Consumables, for Xylem/SI AnaOlyntilcys a v
Coulometers to all six (6) Petroleum Sciences Laboratories on
as and when required for the period of Five (5) years.",ery lDimeidteicda nteudm Abnear loytfi ccaoln Stroalcuttoiorsn sa rCe Cable,"toR p r o v i d e g o o 4d ,s5, 2s1e,r7v9ic1e.s0 2or","works which are not freely available in the market, or which ar",e pro2v0id2e4d/0 s5o/l2e7ly for,the orga2n0 o2f5 s/t0a4te/0 i1n accord,ance wi2th0 2u9n/i0q5u/e3 1require,ments. Reported,
248,Q1 2025/26,2025/04/14,Eskom Holdings SOC Ltd,"Supply of parts, spares and repairs of Teledyne and Tekran
make of ambient air quality monitoring equipment for the Gas
metrology laboratory and air quality monitoring network on an
‘as and when’ required basis",C&M Consulting Engineers (Pty) Ltd,"R 1 ,O3n8l0y, 0a0 s0o.0le0 c",ontractor is able to provide the goods or services or any combi,natio2n0 t2h5er/0e3of/.05,2025/03/10,2028/03/09,Reported,
249,Q1 2025/26,2025/04/14,Eskom Holdings SOC Ltd,"The provision for the service, repairs, supply of spare parts (as
and when required) and calibration of air quality monitoring
meteorological equipment and data loggers for the laboratory
and site network",Inteltronics (Pty) Ltd,"R 2 ,O0n7l5y, 6a0 s9o.6le9 c",ontractor is able to provide the goods or services or any combi,natio2n0 t2h4er/1e2of/.28,2025/01/06,2028/01/05,Reported,
250,Q1 2025/26,2025/04/14,Eskom Holdings SOC Ltd,The provision of professional service for the balance of works,Interdesign Landcape Architect,"R 3 03,613.14",To complete the remaining work,2025/03/18,2025/04/01,2026/02/27,Reported,
251,Q1 2025/26,2025/04/14,Eskom HTohldei nugnsit SisO oCff Ldtude to dama,ges on the main turSbiunpep tlhyr uofs tS bheimarsin Tgu. r bRienpel.a cement of the thru,"st pads is reqSu iarendd, LfoLr Twrhaidcihn gdifferent size","s oRf s h i m s a r e r e q 1u 6ir,e1d7 5to. 9g0et",it back to acceptable thrust bearing clearances. It is impractic,al du2e0 t2o5 t/h0a3t/ 2th4e wo,rk on the2 t0u2rb5i/n0e3 /i2s 4in execut,ion and2 0sh2i5m/0s3 a/2re4 requir,ed for aligRnmepeonrtt epdurposes.,The unit is on UCLF and planned to return o
252,Q1 2025/26,2025/04/14,Eskom Holdings SOC Ltd,Urgent request for the Thuthukani township switch room.,Khulio Electric,"R 4 ,949,609.20",Vandalism which led to major damage to the system.,2025/02/06,2025/04/04,2025/10/30,Reported,
253,Q1 2025/26,2025/04/16,Eskom Holdings SOC Ltd,"The manufacture, supply and delivery of Aerial Bundled
Condu toc t Por os l ow ki wth a nB ea ,Pr e Br eeoqlr a uN -aBeleiufiltcara,a tNli oS enu ls pwpparo usr i ttd i anongnd eC M oGn idEd dMu ecAlt bo ucrls rug s( AteBr Cw)i t
warehouses within LimLanga Cluster on a once-off basis","h tender No MWP2527DX, The result of th
Aberdare Cables (Pty) Ltd","e Rp r e q u a l i f i c a3 t1io,2n8 w6a,9s0 d0e.0em0e","d a thorough analysis of the market, and it showed that there i",s lim2it0e2d5 c/o0m2/p2e0tition,and onl2y 0a2 f5e/w02 p/2ro0spective,supplie2r0s2 a5r/e0 2ab/2le0 to sup,"ply the reqRueipreodrt egdoods, work",s and services
254,Q1 2025/26,2025/04/16,Eskom Holdings SOC Ltd,The Supply and Delivery of Cable Joints Once Off,MERSOL TECHNICAL,"R 1 8,429,026.00A",pproved Urgent Procurement request received from the end u,ser 2024/05/10,Not stated,Not stated,Reported,
255,Q1 2025/26,2025/04/16,Eskom Holdings SOC Ltd,"The Purchase, fully configure, install and commission a
performance and condition monitoring system for Kusile
generation plant","Toshiba International (Europe)
incorporated into England and Wales","R 1 4,609T,0o0s8h.ib4a4 I",nternational (Europe) incorporated into England and Wales ar,e the 2O0E2M4/12/13,2025/01/29,2026/05/31,Reported,
256,Q1 2025/26,2025/04/16,Eskom Holdings SOC Ltd,U1 bearing machining.,G B Bearings (Pty) Ltd,"R 7 78,610.49",Sole Source (OEM approved).,2025/04/01,2025/04/04,2025/04/04,Reported,
ss m25a7inte,nanQce1 n 2e0e2d5s/ 2p6rom,ptly to2 0av2o5i/d0 4d/e1s6cripti,ons and pEosteknotmia lH soalfdeitnyg hsa SzaOrCds L. t dC rane mal,"function can lead to sMiganinifitceannatn dcoew onf tcimraen,e ism.pacting production s",cheduAlells I na n1d C orvaenrea lRl oeppearirast i(oPntayl) eLftfdiciency,". RB y e n g a g i n g 4 a,9 c9o1n,1tr8a3c.t9o9r fo","r urgent maintenance, we can minimize potential interruptions",", kee2p0in2g5 /o0p4e/0ra1tion",s running2 s0m25o/o0t4h/ly0 2and ensu,ring th2a0t p2o5w/0e4r/ 0g4enerati,on targets Rareep omretet.d Safety of,personnel is paramount in any industrial o
Po2w5e8r St,ationQ i1s 2u0s2in5g/ 2d6iffer,ent ty2p0e2s5 o/f0 o4i/l1 o6n var,"ious criticEals pkolamnt sH,o inldcinlugdse Ss OTuCr bLitnde plant, M","illSinugp ppllayn otf, LFuRbFr ipcalanntt ,a Ft Teeudtu mpkua o mnp tophw,s H.erP S atantdio LnP f obry ap apsesri oadn do ft h1e2 D",raught grBoPu pS. o Tuthhe A tyfrpiceas (oPf toy)il Lutsded on the,"seR p l a n t s a r e 5 : 3T,H13Z63,22,5 T3H.0Z14","6, Castrol Perfecto PC46, HLP32, HLP62, SP46, SP150, SP2","20, S2P032250/0. 4 I/f0 th1ese",oils are n2o0t 2r5ea/0d4il/y0 1available,", Tutuk2a 0P2o6w/0e3r /S31tation w",ill not be aRbelep otor toepderate its g,enerating units as any level below the mini
259,Q1 2025/26,2025/04/16,Eskom HoAlnd iunrggse SntO isCs uLetd a t Hendri,"nSau Ppopwlye ar nSdta dtieolniv ehrays orfi sBeoni ldeur ea ntod tThuer buinnaev Aaiulaxbiliilaitryie osf nsopna-rsetso crekq.
Spares","uired for Unit 6 and Unit 7 outages. Timel
Lumeaecon (Pty) Ltd","y dRe l i v e r y o f t h e5 s,5e5 s6p,0a8re2s.1 is7 c","ritical for completing the outages as planned, any delay in deli",very 2w0il2l 5a/f0fe4c/t0 t1he s,"cope exec2u0t2io5n/0, 4e/x0te1nd the o",utage d2u0r2a5tio/0n4 a/2n2d risk p,"roduction Rloespsoerste, dleading to",significant financial and operational impacts
res2u6l0t of,consQtr1u c2t0io2n5 r/2in6g ca,ble fa2u0l2ty5 b/0e4tw/1e6en su,b N to miEnis skuobm 3 H tohladti nsgusp pSlOieCs eLletdc tric fence,"lightPinugll., lAasy aa nreds ruelpt,a mir ofasut lltigs hotns cina bthlees s feocru preitryi oedle ocft r1ic y feeanrc.e are",affeTctLeMd tIhnadtu isst rpiaols Sinoglu ati ohnigsh ( Pristyk) oLft dintrud,"erRs o f e n t e r i n g 5 t,h4e2 4S,5ta8ti6o.n8 0wi",thout being seen by patrolling security at night of which they c,an st2e0a2l a5n/0d4 v/0a3ndali,se the pla2n0t2 a5t/ 0la4r/g0e3 and this,fault st2il0l 2n6ee/0d2s/ 0to4 be loc,ated on thRe ecpaobrltee dby using a,thumping machine that detects the faulty c
261,Q1 2025/26,2025/04/16,Eskom Holdings SOC Ltd Signi,"ficant S croiusnpkd poelfy n isna antetd er r du, e Tpltuiivore bnr is nf o esr h CBoeuF nlPdtr em Mlie nac ejhusab, nani ocPnaoelw a sen trod Sc e ktla e stcipot arni rc elaosls., es on","e oTf tehceh fnoollloowgyin Cg (osPryp tsyot)er Lamtt des :M faeneadg peummepn,t ce","ntrRe li n e o r c o n d e 1 n3s6a,t5e0 s5y.s0t0em",", currently , Majuba is one of the top-performing Stations in th",e flee2t0. 2lo5s/i0n4g/ 0p3rodu,ctivity from20 s2u5c/0h4 a/0 c3ritical pro,vider c2o0u2ld5 /r0e4s/u1l1t in load,"reductionR, eepsopretceidally if the g",rid is under supplied during peak times.
262,Q1 2025/26,2025/04/16,Eskom Holdings SOC Ltd Signi,"ficant S criousnpkd poelfy n ina sntaed tre r,du Tepl utiiv robenr isn f eos rhC BoeuF nlPdtr em Mlineac ejhus,ab nnaoi cPnaoelw a sen tord cS e kt lae stpciot arnric elaosls., es on","e of the fAopllpolwieindg F silytrsatteiomns S: eferveidce psump, ce","ntrRe li n e o r c o n d e 2 n9s5a,t4e3 s5y.s0t0em",", currently , Majuba is one of the top-performing Stations in th",e flee2t0. 2lo5s/i0n4g/ 0p3rodu,ctivity from20 s2u5c/0h4 a/0 c3ritical pro,vider c2o0u2ld5 /r0e4s/u1l1t in load,"reductionR, eepsopretceidally if the g",rid is under supplied during peak times.
l fa2ilu6r3es,"on itQs 1d r2iv0e2s5, /p2a6rtic",ularly 2th0e2 5b/u0c4k/1e6t elev,"ators, the Edusksot mtra Hnsofledrisn gasn dS OthCe bLutdc ket distri","Urgent Procurement request for the strip, assess and
buretiofunr bgiesahrmbeoxnet so fw Uhnicith 1 h,2a sa ncodn 3tr Dibuustet dH taon tdhlein pga arntiadl Clooaadl lPolsasnet s
gearboxes.",". TheK uennafovraei laEbniglitiny eaenrdin tgh ea npdo oPrr orejelicatb ility
Management","ofR th e D u s t h 3a n9d,2li5n9g, 0P2la1n.8t 3ge",arboxes has contributed to non-compliance to the Capco limit,as a 2re0s2u5l/t0 o4f/ 0o4perat,ing units 2w0i2th5 h/0ig4h/0 d4ust emis,sions d2u0e2 6to/ 0u4n/a0v3ailabili,ty of the duRsetp hoarnteddling plant,and its inability to constantly remove fly ash
e be2c6a4use,of sQho1r 2ta0g2e5 o/2f 6spar,es to2 e0x2e5c/u0t4e/ 1U66 out,age. SomEes okfo tmhe H sopladrinegs sth SaOt wCe Lretd p lanned f,"or U6 outagPer woceurere umtielinset dof oUnn Uit 16 aMnedc 3h abnreicaakld sopwanre, so.f which nec",essitateTdh molaot eRraiaml ma Tanhaegbeem (Petnyt) tLo trdeplenis,"h Rfo r U n i t 6 . A2 9tt,e7m7p4t,s7 4h0a.v6e1 b",een made to place a short-term contract to procure the outstan,"ding2 s0p2a5r/e0s4, /h0o3wev","er, based2 o0n2 5th/0e4 a/0s3sessmen",t on the2 c0u2r5re/0n7t /p3r1ogress,made andR aelpsoor tthede remainin,"g stages of the process, it could be deduce"
265,Q1 2025/26,2025/04/16Maju,ba Power ESstaktoiomn Hhoalsd binegesn S inO tCh eL tpdr ocess of,"pSlaucpinpgly c aonndtr adcetlsiv, ethrye opfr Bocoeilse ssr p aisan rid en s Tp.urorbgirnees sA ubxuitl inaroite fsin naolinz-esdto. c Tk h",erEes iest ha un eEendg itnoe beuriyn gs pBauressin iens tsh Se omluatiino nin t,"erRim w h i le t h e 2 p,r8o2c0e,s4s0 o9f. 5c0on",tract placement is being concluded. The urgent process will b,"e use2d0 2o5n/ 0O4E/0M1, 90",% of the o2r0d2e5r /v0a4l/u0e1 and 10,% on su2b0c2o5n/t0ra9c/1to6rs. The,total apprRoevpeodr vteadlue is R22,707 676.89 with various OEM which still n
pan2 a6n6d t,hereQ a1re 2 n0o2 5s/p2a6re p,umps2 0si2n5c/e0 4th/1e6 main,tenance sEtrsakteogmy Hono ltdhien gpsu SmOpsC aLrted refurbish,eSd uopnp aly c oofn 1d2it isoantsu rbaatosris d. r aCinu rpreunmtlpys t hfoerr eM aarteim pbuam Pposw wehr icShta atiroen l.e,aking on thSea mmceoc hPaunmicpasl s(Neaaltsa la)n d other p,"umRp s o n u n it s 1 1,4,27,85, 1an7d3 .62 0ha",ve seized. Some of the pumps cannot be refurbished anymor,e an2d0 th2e5 /o0n4e/0s3 that,have bee2n0 r2e5fu/0r4b/is0h4ed cann,ot perfo2r0m2 t5o/ 0th9e/3ir0 full ca,pacity. DuRe etop otirmteed and rate,"at which pumps are failing, pumps have to b"
267,Q1 2025/26,2025/04/16,Eskom Holdings SOC Ltd,Supply and delivery of the C&I spare TransmOittne r2s9. Augu,st 202Y4o aknog uarwgean St osuittuha Atiofrnic aar o(Pstey )a tL Mtdatimb,"aR P o w e r S t a t i o2 n,1. 5 T5h,5e1 s8it.u8a6ti",on arose because of there’s no spares transmitters available a,t stor2e0s 2to5 /r0e3p/l3a1ce th,e faulty tr2a0n2s5m/0it4te/0rs1 at plant,(Outsid2e0 p2l5a/n0t4 s/3ys0tem an,d Unit 1-6R).eported,
268,Q1 2025/26,2025/04/16,Eskom Holdings SOC Ltd,Rubb Te rr e L ai tn min eg n to Pf lC ana tt io Cn P V Re OAss nne i o1l n73 VMa enasdrsc r ehe l p2Tl0a e2c k5e am paone rn ubt raogsfe eWn.t astietur ati,onA qauroasPel aant AWrnaotet rP troewaetmr Sentatt iEonng. i nTeheisri nwgas,"aRs a r e s u l t o f 2C ,a9t9io0n,0 V0e0s.0se0l",3 loosening resin. Upon inspection it was discovered that the,rubbe2r0 l2in5i/n0g4 /i0s 4defe,ctive as c2o0rr2o5s/i0v4e/ 0w7ater had,penetra2te0d2 5th/0e4 l/i0n7ing cau,sing the VResespeolr tweadll corrosio,n risk.
Ca2m69den,PowQe1r S20ta2ti5o/n2 6mus,t be c2o0m2p5l/i0a4n/t1 t6o the,"requiremeEnstkso omf t hHeo lOdiHnSgsA CSOT,C a cLtt d8 5 of 199","Maintenance, testing and repairs of lifts at Camden Power
3 anSdt athtieo nre fqour iare pmeerinotds ooff 6th0e m Soonutthhs Aofnri caas Nanadtio wnhael nS traenqduairredds (S
basis.","ANS) and Regulations for lifts, escalators a
Schindler Lifts (Pty) Ltd","ndR p a s s e n g e 5 r 5c,o8n5v9e,6y3or2s. 8(7GN","R 828 of 17 September 2017), hence the establishment of thi",s con2t0ra2c5t/.0 S3c/3h1indle,r Lifts (Pt2y0) 2L5td/0 i4s /t0h1e Origina,l Equip2m03en0t/ 0M3a/3n1ufactur,"er and SolRe eDpiosrttreibdutor, repa","irer, provide the technical support, spares h"
270,Q1 2025/26,2025/04/16,Eskom Holdings SOC Ltd,"The supply and delivery of new full isolator Q24 Earth Faulty
Isolators.",ABB South Arica (Pty) Ltd AB,"BR is t h e O E M a n 6 d1 7lo,c5a3l6 d.2is0tri",butor of these spares. ABB maintains all copyright privileges f,or th2ei0r 2p5r/o0d4u/0ct4s an,d equipm2e0n2t5/04/04,2025/09/26,Reported,
271,Q1 2025/26,2025/04/16,Eskom Holdings SOC Ltd C,urreTnhtley tshuep Spltya taionnd hd Gaesl ri ovvoeatrrvyilo eouif s Pa coshwha eplrlle a Snn tgat etp isou nmw.ipths tahned a sspha preusm apts re,sulting iWn iferer qMuiennetr amlsa iSnoteunthan Acferi creaquired t,"o bRe p e r f o r m e 2 d2 ,o2n4 6p,u9m52p.s4 t0o",enable the ash transportation on ash dumping site. The challe,nges2 0re2q5u/0ir4e/ 0a 4shor,t turnarou2n0d2 5tim/0e4 /t0o4 deliver s,"pares, 2to0 2su8p/0p4o/r0t3 pump's","reliabilityR, aevpaoirlatebdility and m",aintainability of the ash plant system.
d a2n7d2 acc,ess Qw1a s2 0g2iv5e/n2 6to C,amde2n0 2to5 u/0ti4li/s1e6 the s,ystem. TEhesk roomut eHr owldaisn gress SeOrvCed L vtdia the Tele,"coSmusp pstloy raensd, b suetr vdiuc see y stso r t eeumnndr uee psreogdlrva oednde tcphoreno tC jreaa ccm tstu.daeln is tswuoe ws abye trwaedeion E","skomN aatniodn Cali sTcroa (,n N ds Tem Cliivs Ses Ariyo ) nw Caso mdeplaanyeyd . F","inaRll y , t h e r e w a s 1 a9 s9o,7lu7ti7o.n7 7pr","oposed via the Telecoms KAM department to assist Camden,",the ro2u0t2e5r /w02as/0 t4hen,obtained 2e0a2rl5ie/r0 2th/0is4 year and,install2e0d2 o5n/ 082 F/0e4bruary,2025 (posRt elepgoarlt esdeparation,date). Due to the last portion of the works th
273,Q1 2025/26,2025/04/16,Eskom Holdings SOC Ltd,Supply and delivery of Plate 3: c rp 1O- 2hn.i t2-062 M-0a2r;c hd2ip0p2e5r abno xu;r gsetenet ls it,uation aRrisuelas Baut Klku Msialete Prioawl (ePr tSy)t aLttidon. The,"siRtu a t i o n a r o s e 1 ,a8s8 a2 ,r3e2s9u.l8t 2of",K1 is currently failing and we are experiencing load due to air,ingre2s0s2 in5t/o0 4th/0e7 boile,r through2 0th2e5 /d0i4p/p0e8r box wh,ich affe2c0ts2 a5n/0d4 t/r3ip0s the,mills and thRee bpooirlteerd as a resul,ts.
274,Q1 2025/26,2025/04/16,Eskom Holdings SOC Ltd,The supply and delivery of unit 6 pipes.,Multotec Wear LinTinhge spipes were,"inRs t a ll e d a l o 1 n0g,5 t3im6e,6 a2g5o.6 a8t",Matla Power Station and they were never replaced. PF leaks a,re ex2c0e2s5s/i0ve4 /a0t2 Matl,a and vio2la0t2e5s/ 0th4e/ 0F8FFR.,2026/01/05,Reported,
Th2e7 s5itua,tion Qa1ro 2se0 2a5s/ 2a6 res,ult of t2h0e2 r5e/l0e4a/s1e6 of fu,nds to proEcsukreo mas Hseotlsd.i n Agds dSitOioCna Llltyd the equip,"meSnut prepqlyu,i rdeedl iivse cryru, ciniaslt aclhlaetmionic aaln sde trrvaiicneins gd eopf aTrOtmCe Annt atoly mseere.t th","e suUrvneitielldan Scpee rcetqroumireemteer nTtesc, hmnaoilnotgaiiens high","qRu a l it y s t a n d a r d9 s9 4a,n9d5 3to. 2c1on",trol and monitor chemistry processes efficiently. The busines,s had2 0m2a5d/e0 4a/d0d7ition,al Cape f2u0n2d5s/ 0a4v/a0il8able to s,pend be2f0o2re5 /t0h4e/ 1e1nd of th,e financialR yeepaorr (te3d1 March) a,"s a result, following the normal procuremen"
276,Q1 2025/26,2025/04/16,Eskom Holdings SOC Ltd Eskom,Rotek Industries Mhaasn uefxapceturtrisineg a onfd m ciacproagcriitdy st.o manufacture the,containerEissekdo mmi cRrootgerkid Isn dtou sretrqieusired Esko,"m Rd e s i g n a n d 2 q9u,3a3li3ty, 5s1ta6n.6d8ar","d. The constrainers issued microgrids designs, wiring models",and 2o0p2e5ra/0ti4n/g0 4techn,ology are2 0E2s5k/o0m4/'0s 7Intellectu,al Prop2e0rt2y5 a/0n4d/ 0o9nly Rot,ek IndustriRees phoarste aduthorized,access to the drawing and specifications.
277,Q1 2025/26,2025/04/16,Eskom Holdings SOC Ltd,"The provision of operating, maintenance and monitoring of
weighbridge, automation systems at Arnot, Grootvlei, Hendrina
and Camden Power Stations (5 years) and Kusile (1 year).",Tontrac Global Systems (Pty) Ltd,"RT o n t r a c w 1a 2s8 a,9p5p7ro,2ve5d7 .a1s6 a",single source as the weighbridge was already installed at vari,ous E20sk2o5m/0 3P/o1w4er S,tations.2025/04/01,2030/03/31,Reported,
278,Q1 2025/26,2025/04/16,Eskom Holdings SOC Ltd,Repair pump complete material : 0565230.,APE Pumps,"R 1 ,040,2A2P9E.3 I8S",an OEM and sole manufacturing and supply facility in Southe,rn Afr2ic0a2.5/04/08,2025/04/08,2025/04/30,Reported,
279,Q1 2025/26,2025/04/16,Eskom Holdings SOC Ltd,"Workshop refurbishment and/or repair of, and other associated
pumps and auxiliaries at fourteen (14) coal fired Power
Stations.","S
Sulzer Pumps SA (Pty) Ltd","uRlz e r P u m 2 p,1s0 S8o,7u1th4 ,A07fr1ic.a9 0is",the sole manufacturer and supplier of the OEM required for th,e ov2er0h2a5u/0l a3n/1d2 refu,rbishmen2t.025/04/01,2030/03/31,Reported,
l en2v8ir0onm,entQal1 r i2sk0 2d5u/e2 6to th,e hig2h0 v2o5lu/0m4e/1 o6f wat,er and ashE sslkuormry Hfloowldiningg sin StoO thCe L dtda ms. This,isTsuo efu isll yp drirmedargiley acnadu sceleda bny t hthee d aagme'isn gre pslearnvto airnsd a na ds icglnarifiifciearnst. d,rop in the peBrofovrum Falnucide Hanoldd ienfgficsiency of th,"e dRu s t p l a n t . 1A 0lt,h9o2u5g,0h0 a0 d.0r0ed","ging contract was previously in place, it was not renewed after","its e2xp0i2ra5t/i0o4n/,0 a7s the",Station s2h0u2t5d/o0w4/n0 7was initia,lly plan2n0e2d5. / 0T6h/e3 0proces,s to secureR ae pnoerwte cdontract ha,"s already been initiated, but given the immi"
281,Q1 2025/26,2025/04/16,Eskom Holdings SOC Ltd,"Collection, handling and transportation at the registered
hazardous waste disposal site for a period of 12 months.",Eskom RTohtee kw Iansdtues wtraiess meant to,"beR d i s p o s e d o f u 8 s0in5g,0 t0h0e. 0 n0e","w national contract, however, the national contract is not yet in",place2 0a2n5d/ 0h3a/z1a1rdou,s waste n2e0e2d5e/d0 4to/0 b8e transp,orted. 2026/04/07,Reported,
T2h8e2 nee,d foQr 1th 2e 0W25F/G26D T,echnic2a0l2 t5ra/0in4in/1g6 prog,ram originEastekos mfr oHmo lGdienngesr aStOioCn DLtidvi sion - Ku,sile Power Station aWndF GisD a sT eac rhensiuclat lo tfr aEisnkinogm. Kusile Power Stati,on being the firstN PToPwCe rL Stdtation in the Esk,"omR G e n e r a t i o 1n 6 f,le3e1t4 b,6u3il1t .w3i5th",Flue Gas Desulphurisation plant. The WFGD system is guar,antee2d0 t2o5 r/e0m4/o0v8e at l,east 90%2 0o2f 5th/0e4 S/0O92 when t,he inle2t S02O62/0 lo4a/0d7 is at or,"below 40R00e pmogrt/eddry Nm3, 6",% O2. The WFGD achieves emissions belo
283,Q1 2025/26,2025/04/16,Eskom Holdings SOC Ltd,Unit 1 43852 STiuermbiennes C ise nthtree OlinEeM m oafs atellr mgeanjoerr ianls otavlelerhda tuulr.bin,e and geSneiermateonr sc oEmnpeorgnye n(Ptst ya)t LCtdamden P,"owRe r S t a t i o n i n 1 c,l1u0d8in,5g2 r8e.l8a5ted",auxiliary plant components. Siemens has the right expertise,and 2in0te2l5le/0ct4u/a0l9 prop,erty right2s0 t2o5 m/0a4n/1u1facture a,nd supp2l0y2 t5u/r1b1in/2e8 and ge,nerator coRmeppoonretendts at Cam,den Power Station.
284,Q1 2025/26,2025/04/16,Eskom Holdings SOC LMtda timba U,"nitsP 1e,r3fo,4r,m5 apnadrt i6cu alarete c murarettnetrl yc onrorenl-actoiomnp floari nutn witisth 1 r,3e,g4a&rd6s a tnod E sk
QAL2 gaseous correlation measurements on Units 1,5&6.","om's emission monitoring and reporting a
Inthuu Measurements CC","ndR th u s p a r t i c u 1 la,1te3 7m,0at3te2r. 0a4nd",QAL2 measurements need to be performed as soon as poss,ible. 2 M02a5ti/m04b/a0 P1owe,r Station2 a0tt2e5m/0p4te/0d9 to sourc,e the se2r0v2ic5e/ 0tw5i/c3e0 via op,"en tender,R heopwoertveedr, none of",the responses met the technical requireme
285,Q1 2025/26,2025/04/16,Eskom Holdings SOC Ltd,Supply and delivery of reclaimer cables. T,he reSclGaiMm eMr aisn acguerrmenetnlyt Cruonnnsiunlgta antt sreduc,"edR lo a d w it h a n 3 o,7u2t 0o,f2 n5o0r.m00al.",The material is required to improve the coal plant performanc,e. T2h0is2 w5/i0ll 4im/0p9rove,the plan2t 0re2d5u/0n4d/a0n9cy when,the ma2te0r2ia5l/ 0is8 a/0v8ailable.,Reported,
e s2it8u6atio,n at QTu1t u2k0a2 5P/o2w6er,Statio2n0 c2o5n/0ce4r/n1i6ng th,e submergEesdk oSmc rHapoeldr incognsv SeOyoCr (LStdS C) hydra,ulic powSeurp ppalyc kasn ids dceriltiivcearly. oTfh SeS pCo wderirv pe aucpkgsr aadree osbpsaorleeste. and c,anMneoct ibneo cSounptrpollileesd aancdc oSredrinvigc etos t(hPety d) eLstidgn,"oRp e r a t i n g a n 2 d3 c,1o1n0tr,o6l5 p8h.3il2os","ophy, leading to significant operation risks. The inability to re",move2 b0o2tt5o/m04 b/1o7iler a,sh (BBA)2 d0u2e5 /t0o4 t/h0e9 lack of a,vailabl2e0 s2p5a/r0e6s/ 3c0ould for,ce the StaRtioenp otort eodperate at a,low Energy Availability Factor (EAF) or eve
287,Q1 2025/26,2025/04/16,Eskom Holdings SOC Ltd,ManufacturiTnhge o Lf egtehnaebroa t t oUo pr2 pa Gc ateciv kne ee rrz sao .tonre 4a1n1d7 n7o4n w-aacst isveen zt otno eR o,shervilleW wiolerkcs T feocr hsnloict alinl Sero rluetpiolancse ment.,"UpRo n d i s a s s e m 1 b,4ly1 1it ,w87a8s .f0o0un",d that slot wedges are loose. To correct the looseness of the,"wedg2e0r 2,n5e/0w4 /t0o8p pac",kers sho2u0ld2 5b/e0 4p/r0o8cured an,d fitted 2in0 2su5c/0h4 t/h0a8t the w,edge tightRneespso ratered as per th,e OEM specifications.
ad 2re8d8uct,ion. Q O1n 2e0 o2f5 t/h2e6 ma,jor inc2i0d2e5n/t0s 4th/1a6t lead,to the urgEesnkcoym w Haso ladti nUgnsi tS 2O cCo pLptde r cable th,"at waInss spteocletino nC, amsaei nntoe n1ina2tn0ec/g1e r0 aa/t2n e0d d2 r s4e y p swa tehir mi coh.f cscetcvu criatym fearialesd a tnod a rres",t thMe fsaunsimpepcetlsa oErs itdaebnlitsifhiemde anst st h(eP tcya) mLtedras,"wRe r e o b s t r u c 1 te0d,2 b1y3 ,t6h5e6 a.0sh0.",The other threat employees are entering the infrastructure wit,h una2u0t2h5o/r0is3e/d2 7item,s which c2a0n2n5o/t0 b4e/0 id7entified,as the c2a0m26e/r0a4s /a0r6e not fu,"nctioning.R eFpuortrhteedrmore, wh","en investigation take place regarding theft,"
289,Q1 2025/26,2025/04/16,Eskom Holdings SOC Ltd,"Supply and delivery of Filter Oil: Cartridge; Felt Micro; 8 UM
& Filter element: Oil; ID 75 X OD 170 X LG 430 at Duvha
Power Station.","Cleano
Vokes Filtration SA (Pty) Ltd","vaR O E M in s u p 2 p,o9r5t 2o,f4 V3o9k.8e5s F",iltration SA (Pty) Ltd being the exclusive distributor of the Vok,es br2a0n2d5 o/0f 4p/r0o9ducts,in South2 0A2fr5ic/0a4. /09,2025/06/27,Reported,
290,Q1 2025/26,2025/04/16,Eskom Holdings SOC Ltd,"Supply and delivery of Cylinder: LG 590 mm; Pneumatic; Al at
Duvha Power Station.",Loesche South Africa (Pty) Ltd,"R 9 03E,s6k5o8m.7 5ha",s a Sole source approved with Loesche SA as the OEM for the,se sp2a0r2e5s/.04/11,2025/04/11,2025/06/06,Reported,
291,Q1 2025/26,2025/04/16,Eskom Holdings SOC Ltd,"Provision of specialised rapid deployment investigation
,capability into allegations of priority economic crimes, high
impact infrastructure crime, high loss revenue crime services
across Eskom Holdings","There is a
Itsamaya Holdings (Pty) Ltd","thRre a t o f m a j o 3 r7 c,o6n5s9e,7q5u8e.n4t0ial",expense to Eskom; There is a threat of serious damage to Es,kom’s2 0re2p5u/0ta3t/i1o0n. Ea,rly delive2ry0 2is5 /c0r3iti/c1a0l,2026/04/09,Reported,
292,Q1 2025/26,2025/04/16,Eskom HoldingsA Sn OurCg eLntdt situation,"aroCsae1l 0la toto uTnto) t mo a t i Sn Tts oop mree csSt –tt oh rSe ei smfa –mu l Seterimdp amtwne.o rT pohavene rsahitneudaa dtrie oc pnr aa ain rr eothss ee( 4 fba0eutocltan su &se o
detected","f faulted overhead cranes which could not
H and H Specialised services","beR o p e r a t i o n a l t o 1 i1s5s,u0e0 0o.u0t0 th",e required bushings out of the storage area to service the end-,user’2s 0r2eq5u/0e3s/t1s3. Not,ably is th2at0 t2h5e/s0e3 /f1a3ulted ove,"rhead c2r0a2n5e/s0 a6r/e3 o0ld, and",they requRireep aonrt eudrgent repa,ir to be able to dispatch bushings to the bus
der2 Is9o3lato,r caQbl1e s2 0w2e5re/2 s6tole,n. To2 n0o2r5m/0a4liz/1e6 we u,rgently neEesdk ionmte rHvoelndtiinogns b Sy OreCp lLatcdin g the st,olen caDbilneasl eodni -tBhiisg hsoprenc if4ic0 r 0bek paVyla .T cFeraa minlues nrfee t rt oIs aotltaetnord sttoo lteh icsa dbelefe ct co,uld result inMtoo claaltaatslatrdoip Ehliecc ftariicluarle in supply,"in Rg K e y C u s t o m e r5s9 i,n8 3a8n. 2in4c i","dent during a breaker failure on this day. Yes, early replaceme",nt of2 th0e2 5s/t0o3le/1n7 cabl,es is critic2a0l2 a5t /D03in/1a7ledi Subs,tation o2n0 2th5e/0 430/206kV Bigh,orn FeedeRr.e Tpohrete rdeplacemen,t is on the Transfer Isolator and it is for Tra
bet2w9e4en,"2008Q a1n 2d0 22051/206, re",main i2n0 e2x5c/e0l4le/n1t6 cond,ition due Etos tkhoem c oHroreldcitn mgsa iSnOteCna Lntcde and the,utiliPzeartisoenu osf aonrdig iMnaelr cOuEryM H sMpaBr e8s D. Teahde yT palnaky Ba rceraukceiar lR roelpea iinrs the,765kV tHraitnascmhii sEsnioenrg tyo Sthoeu stho uAtfhriecran region,"s R o f t h e c o u n t r y3., 7M3a1i,n8t0a0in.i6n0g",these stations in optimal technical and operational condition is,of ut2m0o2s5t/ 0im3/p1o4rtanc,e. The in2f0ra2s5tr/0u3ct/u1r4e was in,"stalled b2y0 2A6B/0B1, /n1o9w Hita","chi, emploRyienpgo brteesdpoke tech",nology. The design of the HMB8 drives and
ion2 m95onit,oringQ e1q 2u0ip2m5/e2n6t ca,librate2d0 2a5n/d0 4th/1is6 can o,nly be doEnesk boym t hHeo OldEinMg so rS iOtsC a pLptdr oved rep,"The Repairs and calibration of Condition Monitoring Equipment
refosre nEtaastitv, eS ionu Stho aunthd A Wfriecsat. GTrhidis ftoers at epqeuriiopdm oefn 7t 2is musoendth tso otens at nnedw
as and when required basis","and existing HV Plant equipment installe
H V Test (Pty) Ltd","R 2,610,648.38
d on the Eskom Network. It is",important to ensure that they are calibrated as per OEM requir,emen2t0s2 to5 /e0n3s/1u7re ac,curacy an2d0 2th5e/0 t3e/s1t7 results a,re withi2n0 t3h1e/ 0a3llo/1w6able tol,erances. FRaeilpuorert etod do so ma,ke all tests invalid and place a huge risk on
296,Q1 2025/26,2025/04/16,Eskom Holdings SOC Ltd,"Installation, adjustment and is si ote lTa rhte oet ru erqnu oipf m2 ex n4t0 a0nkdv tphaen stougprpaoprht s",tructuArec tiosm s uHpigphlie Vdo bltya gAec tEoqmu itphmate isn tthe O,"r igRi n a l E q u i p m 3e1n,0t 2M1a,5n0u5fa.0c0tu",rer (OEM). It is preferred for Actom to complete the installation,as th2e0 E25N/C03 w/2it6h Act,om has l2a0p2s5ed/0. 4T/1h6e use of o,ther se2r0vi2c5e/ 0p6ro/1v5ides vo,ids the waRrraenptoyr taendd guarant,ees
297,Q1 2025/26,2025/04/16,A chaEnsgkeo mof Hsuopldpilniegrs w SoOulCd Lcotdm pel NTC,"SA toR eopbltaacine mspeanrte o pf atrritps coor ialsd fdoirti othnea l4 a0s0sKevts C, girocoudit sB orer askeervrsices t",hat are not coSmiepmateibnlse Eonr einrgteyr changeable,"w Rith e x i s t i n g a s s e t3s4, ,g4o7o8d.3s5 o r",services that were obtained from an original supplier. Spares,can o2n0l2y5 b/0e4 b/1ou0ght,"from the 2O0E2M5/,0 u4n/2le2ss risk a",nalysis 2s0h2o5w/s0 4th/3a0t the us,e of parts Rfroempo artletedrnative m,"anufacturers is feasible, and this has been c"
ese2 a9ir8con,s waQs1 a 2lr0e2a5d/y2 p6lan,"ned, b2u0t2 u5n/0fo4r/t1u6nately",it fails beEfosrkeo mre pHlaocldeimngesn tS dOuCe tLot da geing. T,his is a very critical ASiur bcostnadtiiotino ndeure r etop liatsc ecmusetnotmers. This substati,on customersA Tar Je' Sm Wainolryk smhionpe s. It is critica,"l tRo r e p l a c e t h i s a3ir3c9o,n4s1 6u.r6g6e n","tly due to the possibility failure of the protection, SCADA and",Tele 2P0ro2t5e/c0t1io/n3 1Equi,pment th2a0t 2is5 v/0e1ry/3 s1ensitive f,or temp2e0r2a5tu/0re2 /a0n7d thes,e equipmeRnet pmoaryte fdail due to t,he excessive temperature in the Carrier and
299,Q1 2025/26,2025/04/17,"Department of Correctional Services
(DCS)",brown bread,re ya mogo trading snf projects,"R 447,000.00",No contract,2025/02/10,2025/02/10,Not stated,Reported,
300,Q1 2025/26,2025/04/17,"Department of Correctional Services
(DCS)",brown bread,elegant catering,"R 27,300.00",No contract,2025/01/13,2025/01/13,Not stated,Reported,
301,Q1 2025/26,2025/04/17,"Department of Correctional Services
(DCS)",fish (jack mackerel) and chicken giblets,matong and son (pty) ltd,"R 251,960.00",No contract,2025/02/20,2025/02/20,Not stated,Reported,
302,Q1 2025/26,2025/04/17,"Department of Correctional Services
(DCS)",fish (jack mackerel) and chicken giblets,mashigo empire,"R 364,440.00",No contract,2025/02/26,2025/02/26,Not stated,Reported,
303,Q1 2025/26,2025/04/17,"Department of Correctional Services
(DCS)",perishables(bread),aj london,"R 914,064.00",No contract,2025/02/07,2025/02/08,Not stated,Reported,
304,Q1 2025/26,2025/04/17,"Department of Correctional Services
(DCS)",groceries,kwset,"R 368,000.01",No contract,2025/02/10,2025/02/11,Not stated,Reported,
305,Q1 2025/26,2025/04/17,"Department of Correctional Services
(DCS)",groceries,semama food and projects services,"R 15,144.00",No contract,2025/02/10,2025/02/11,Not stated,Reported,
306,Q1 2025/26,2025/04/17,"Department of Correctional Services
(DCS)",groceries,tshayiha general trading enterprise,"R 587,115.00",No contract,2025/02/10,2025/02/11,Not stated,Reported,
307,Q1 2025/26,2025/04/17,"Department of Correctional Services
(DCS)",groceries,khudu matlapeng distributors,"R 134,992.00",No contract,2025/02/12,2025/02/13,Not stated,Reported,
308,Q1 2025/26,2025/04/17,"Department of Correctional Services
(DCS)",groceries,mampuru general trading,"R 234,250.00",No contract,2025/02/19,2025/02/20,Not stated,Reported,
309,Q1 2025/26,2025/04/17,"Department of Correctional Services
(DCS)",perishable (chicken giblets),sedingwane holdings,"R 210,000.00",No contract,2025/02/27,2025/02/28,Not stated,Reported,
310,Q1 2025/26,2025/04/17,"Department of Correctional Services
(DCS)",brown sugar,gwebu projects,"R 75,224.80",No contract,2025/02/10,Not stated,Not stated,Reported,
311,Q1 2025/26,2025/04/17,"Department of Correctional Services
(DCS)",maltabella,gwebu projects,"R 23,400.00",No contract,2025/02/10,Not stated,Not stated,Reported,
312,Q1 2025/26,2025/04/17,"Department of Correctional Services
(DCS)",oats meal,gwebu projects,"R 66,170.00",No contract,2025/02/10,Not stated,Not stated,Reported,
313,Q1 2025/26,2025/04/17,"Department of Correctional Services
(DCS)",full cream milk powder,gwebu projects,"R 70,135.00",No contract,2025/02/10,Not stated,Not stated,Reported,
314,Q1 2025/26,2025/04/17,"Department of Correctional Services
(DCS)",sugar beans,gwebu projects,"R 53,040.00",No contract,2025/02/10,Not stated,Not stated,Reported,
315,Q1 2025/26,2025/04/17,"Department of Correctional Services
(DCS)",soup powder mixed,gwebu projects,"R 14,976.00",No contract,2025/02/10,Not stated,Not stated,Reported,
316,Q1 2025/26,2025/04/17,"Department of Correctional Services
(DCS)",super maize meal,gwebu projects,"R 178,423.51",No contract,2025/02/10,Not stated,Not stated,Reported,
317,Q1 2025/26,2025/04/17,"Department of Correctional Services
(DCS)",powder fruit drink,gwebu projects,"R 24,180.00",No contract,2025/02/10,Not stated,Not stated,Reported,
318,Q1 2025/26,2025/04/17,"Department of Correctional Services
(DCS)",rice (brown),gwebu projects,"R 18,935.80",No contract,2025/02/10,Not stated,Not stated,Reported,
319,Q1 2025/26,2025/04/17,"Department of Correctional Services
(DCS)",tomato puree,gwebu projects,"R 52,894.40",No contract,2025/02/10,Not stated,Not stated,Reported,
320,Q1 2025/26,2025/04/17,"Department of Correctional Services
(DCS)",maize rice,gwebu projects,"R 28,170.00",No contract,2025/02/10,Not stated,Not stated,Reported,
321,Q1 2025/26,2025/04/17,"Department of Correctional Services
(DCS)",spices,glenzwide projects,"R 37,800.00",No contract,2025/02/10,Not stated,Not stated,Reported,
322,Q1 2025/26,2025/04/17,"Department of Correctional Services
(DCS)",margarine yellow spread,glenzwide projects,R 600.00,No contract,2025/02/10,Not stated,Not stated,Reported,
323,Q1 2025/26,2025/04/17,"Department of Correctional Services
(DCS)",samp,gwebu projects,"R 13,000.00",No contract,2025/02/10,Not stated,Not stated,Reported,
324,Q1 2025/26,2025/04/17,"Department of Correctional Services
(DCS)",white vinegar,glenzwide projects,"R 5,600.00",No contract,2025/02/10,Not stated,Not stated,Reported,
325,Q1 2025/26,2025/04/17,"Department of Correctional Services
(DCS)",cooking oil,gwebu projects,"R 47,953.10",No contract,2025/02/10,Not stated,Not stated,Reported,
326,Q1 2025/26,2025/04/17,"Department of Correctional Services
(DCS)",peanut butter,gwebu projects,"R 35,360.00",No contract,2025/02/10,Not stated,Not stated,Reported,
327,Q1 2025/26,2025/04/17,"Department of Correctional Services
(DCS)",jam assorted,gwebu projects,"R 30,810.00",No contract,2025/02/10,Not stated,Not stated,Reported,
328,Q1 2025/26,2025/04/17,"Department of Correctional Services
(DCS)",soya mince,glenzwide projects,"R 19,200.00",No contract,2025/02/10,Not stated,Not stated,Reported,
329,Q1 2025/26,2025/04/17,"Department of Correctional Services
(DCS)",tea rooibos,gwebu projects,"R 5,655.00",No contract,2025/02/10,Not stated,Not stated,Reported,
330,Q1 2025/26,2025/04/17,"Department of Correctional Services
(DCS)",table salt,glenzwide projects,"R 3,560.00",No contract,2025/02/10,Not stated,Not stated,Reported,
331,Q1 2025/26,2025/04/17,"Department of Correctional Services
(DCS)",coal peas,tmoney tradings,"R 598,500.00",No contract,2025/02/11,Not stated,Not stated,Reported,
332,Q1 2025/26,2025/04/17,"Department of Correctional Services
(DCS)",brown sugar,sisandza investments holdigs,"R 36,801.60",No contract,2025/02/12,Not stated,Not stated,Reported,
333,Q1 2025/26,2025/04/17,"Department of Correctional Services
(DCS)",maltabella,sisandza investments holdigs,"R 20,491.80",No contract,2025/02/12,Not stated,Not stated,Reported,
334,Q1 2025/26,2025/04/17,"Department of Correctional Services
(DCS)",oats meal,sisandza investments holdigs,"R 13,308.60",No contract,2025/02/12,Not stated,Not stated,Reported,
335,Q1 2025/26,2025/04/17,"Department of Correctional Services
(DCS)",full cream milk powder,sisandza investments holdigs,"R 40,590.00",No contract,2025/02/12,Not stated,Not stated,Reported,
336,Q1 2025/26,2025/04/17,"Department of Correctional Services
(DCS)",sugar beans,sisandza investments holdigs,"R 25,830.00",No contract,2025/02/12,Not stated,Not stated,Reported,
337,Q1 2025/26,2025/04/17,"Department of Correctional Services
(DCS)",soup powder mixed,sisandza investments holdigs,"R 6,440.28",No contract,2025/02/12,Not stated,Not stated,Reported,
338,Q1 2025/26,2025/04/17,"Department of Correctional Services
(DCS)",super maize meal,sisandza investments holdigs,"R 88,560.00",No contract,2025/02/12,Not stated,Not stated,Reported,
339,Q1 2025/26,2025/04/17,"Department of Correctional Services
(DCS)",powder fruit drink,sisandza investments holdigs,"R 11,025.72",No contract,2025/02/12,Not stated,Not stated,Reported,
340,Q1 2025/26,2025/04/17,"Department of Correctional Services
(DCS)",rice (brown),zantayi trading,"R 21,890.00",No contract,2025/02/12,Not stated,Not stated,Reported,
341,Q1 2025/26,2025/04/17,"Department of Correctional Services
(DCS)",tomato puree,sisandza investments holdigs,"R 22,140.00",No contract,2025/02/12,Not stated,Not stated,Reported,
342,Q1 2025/26,2025/04/17,"Department of Correctional Services
(DCS)",maize rice,sisandza investments holdigs,"R 12,988.80",No contract,2025/02/12,Not stated,Not stated,Reported,
343,Q1 2025/26,2025/04/17,"Department of Correctional Services
(DCS)",spices,sisandza investments holdigs,"R 22,937.04",No contract,2025/02/12,Not stated,Not stated,Reported,
344,Q1 2025/26,2025/04/17,"Department of Correctional Services
(DCS)",margarine yellow spread,sisandza investments holdigs,"R 46,740.00",No contract,2025/02/12,Not stated,Not stated,Reported,
345,Q1 2025/26,2025/04/17,"Department of Correctional Services
(DCS)",samp,sisandza investments holdigs,"R 12,177.00",No contract,2025/02/12,Not stated,Not stated,Reported,
346,Q1 2025/26,2025/04/17,"Department of Correctional Services
(DCS)",cooking oil,sisandza investments holdigs,"R 29,520.00",No contract,2025/02/12,Not stated,Not stated,Reported,
347,Q1 2025/26,2025/04/17,"Department of Correctional Services
(DCS)",peanut butter,sisandza investments holdigs,"R 96,186.00",No contract,2025/02/12,Not stated,Not stated,Reported,
348,Q1 2025/26,2025/04/17,"Department of Correctional Services
(DCS)",jam assorted,sisandza investments holdigs,"R 8,068.80",No contract,2025/02/12,Not stated,Not stated,Reported,
349,Q1 2025/26,2025/04/17,"Department of Correctional Services
(DCS)",soya mince,sisandza investments holdigs,"R 9,901.50",No contract,2025/02/12,Not stated,Not stated,Reported,
350,Q1 2025/26,2025/04/17,"Department of Correctional Services
(DCS)",flour,sisandza investments holdigs,R 615.00,No contract,2025/02/12,Not stated,Not stated,Reported,
351,Q1 2025/26,2025/04/17,"Department of Correctional Services
(DCS)",green bar soap,blacktower (pty) ltd,"R 64,000.00",No contract,2025/02/12,Not stated,Not stated,Reported,
352,Q1 2025/26,2025/04/17,"Department of Correctional Services
(DCS)",disinfactant liquid,mgungubala (pty) ltd,"R 43,875.00",No contract,2025/02/12,Not stated,Not stated,Reported,
353,Q1 2025/26,2025/04/17,"Department of Correctional Services
(DCS)",bleach,bavino trading (pty) ltd,"R 40,195.20",No contract,2025/02/12,Not stated,Not stated,Reported,
354,Q1 2025/26,2025/04/17,"Department of Correctional Services
(DCS)",pine gel,blacktower (pty) ltd,"R 99,225.00",No contract,2025/02/12,Not stated,Not stated,Reported,
355,Q1 2025/26,2025/04/17,"Department of Correctional Services
(DCS)",jays fluid,blacktower (pty) ltd,"R 46,515.00",No contract,2025/02/12,Not stated,Not stated,Reported,
356,Q1 2025/26,2025/04/17,"Department of Correctional Services
(DCS)",dish wasing liquid,magungubala (pty) ltd,"R 43,125.00",No contract,2025/02/12,Not stated,Not stated,Reported,
357,Q1 2025/26,2025/04/17,"Department of Correctional Services
(DCS)",chicken,mcebobesive holdings (pty)ltd,"R 75,760.00",No contract,2025/02/17,Not stated,Not stated,Reported,
358,Q1 2025/26,2025/04/17,"Department of Correctional Services
(DCS)",chicken giblets,mcebobesive holdings (pty)ltd,"R 87,375.00",No contract,2025/02/17,Not stated,Not stated,Reported,
359,Q1 2025/26,2025/04/17,"Department of Correctional Services
(DCS)",beef,mcebobesive holdings (pty)ltd,"R 112,000.00",No contract,2025/02/17,Not stated,Not stated,Reported,
360,Q1 2025/26,2025/04/17,"Department of Correctional Services
(DCS)",fish jack mackerel,mcebobesive holdings (pty)ltd,"R 69,300.00",No contract,2025/02/17,Not stated,Not stated,Reported,
361,Q1 2025/26,2025/04/17,"Department of Correctional Services
(DCS)",apple green,mcebobesive holdings (pty)ltd,"R 71,800.00",No contract,2025/02/17,Not stated,Not stated,Reported,
362,Q1 2025/26,2025/04/17,"Department of Correctional Services
(DCS)",bath soap,veon holdings,"R 248,050.00",No contract,2025/02/25,Not stated,Not stated,Reported,
363,Q1 2025/26,2025/04/17,"Department of Correctional Services
(DCS)",toothpaste,"bekazi development and finance
services","R 244,211.60",No contract,2025/02/25,Not stated,Not stated,Reported,
364,Q1 2025/26,2025/04/17,"Department of Correctional Services
(DCS)",brown sugar,amd group (pyt) ltd,"R 36,801.60",No contract,2025/02/26,Not stated,Not stated,Reported,
365,Q1 2025/26,2025/04/17,"Department of Correctional Services
(DCS)",maltabella,amd group (pty) ltd,"R 20,491.80",No contract,2025/02/26,Not stated,Not stated,Reported,
366,Q1 2025/26,2025/04/17,"Department of Correctional Services
(DCS)",oats meal,amd group (pty) ltd,"R 13,308.60",No contract,2025/02/26,Not stated,Not stated,Reported,
367,Q1 2025/26,2025/04/17,"Department of Correctional Services
(DCS)",full cream milk powder,smartylia (pty) ltd,"R 38,995.00",No contract,2025/02/26,Not stated,Not stated,Reported,
368,Q1 2025/26,2025/04/17,"Department of Correctional Services
(DCS)",sugar beans,amd group (pty) ltd,"R 25,830.00",No contract,2025/02/26,Not stated,Not stated,Reported,
369,Q1 2025/26,2025/04/17,"Department of Correctional Services
(DCS)",soup powder mixed,amd group (pty) ltd,"R 6,440.28",No contract,2025/02/26,Not stated,Not stated,Reported,
370,Q1 2025/26,2025/04/17,"Department of Correctional Services
(DCS)",super maize meal,amd group (pty) ltd,"R 88,560.00",No contract,2025/02/26,Not stated,Not stated,Reported,
371,Q1 2025/26,2025/04/17,"Department of Correctional Services
(DCS)",powder fruit drink,amd group (pty) ltd,"R 11,025.72",No contract,2025/02/26,Not stated,Not stated,Reported,
372,Q1 2025/26,2025/04/17,"Department of Correctional Services
(DCS)",rice,amd group (pty) ltd,"R 20,565.60",No contract,2025/02/26,Not stated,Not stated,Reported,
373,Q1 2025/26,2025/04/17,"Department of Correctional Services
(DCS)",tomato puree,amd group (pty) ltd,"R 22,140.00",No contract,2025/02/26,Not stated,Not stated,Reported,
374,Q1 2025/26,2025/04/17,"Department of Correctional Services
(DCS)",maize rice,amd group (pty) ltd,"R 12,988.80",No contract,2025/02/26,Not stated,Not stated,Reported,
375,Q1 2025/26,2025/04/17,"Department of Correctional Services
(DCS)",table salt,amd group (pty) ltd,R 738.00,No contract,2025/02/26,Not stated,Not stated,Reported,
376,Q1 2025/26,2025/04/17,"Department of Correctional Services
(DCS)",margarine yellow spread,smartylia (pty) ltd,"R 46,740.00",No contract,2025/02/26,Not stated,Not stated,Reported,
377,Q1 2025/26,2025/04/17,"Department of Correctional Services
(DCS)",samp,amd group (pty) ltd,"R 12,177.00",No contract,2025/02/26,Not stated,Not stated,Reported,
378,Q1 2025/26,2025/04/17,"Department of Correctional Services
(DCS)",cooking oil,amd group (pty) ltd,"R 29,520.00",No contract,2025/02/26,Not stated,Not stated,Reported,
379,Q1 2025/26,2025/04/17,"Department of Correctional Services
(DCS)",peanut butter,amd group (pty) ltd,"R 96,186.00",No contract,2025/02/26,Not stated,Not stated,Reported,
380,Q1 2025/26,2025/04/17,"Department of Correctional Services
(DCS)",jam assorted,smartylia (pty) ltd,"R 7,996.00",No contract,2025/02/26,Not stated,Not stated,Reported,
381,Q1 2025/26,2025/04/17,"Department of Correctional Services
(DCS)",soya mince,smartylia (pty) ltd,"R 8,960.00",No contract,2025/02/26,Not stated,Not stated,Reported,
382,Q1 2025/26,2025/04/17,"Department of Correctional Services
(DCS)",flour,amd group (pty) ltd,R 615.00,No contract,2025/02/26,Not stated,Not stated,Reported,
383,Q1 2025/26,2025/04/17,"Department of Correctional Services
(DCS)",spices,smartylia (pty) ltd,"R 22,590.00",No contract,2025/02/26,Not stated,Not stated,Reported,
384,Q1 2025/26,2025/04/17,"Department of Correctional Services
(DCS)",fruits,chilogo agric supplies,"R 107,600.00",No contract,2025/02/04,Not stated,Not stated,Reported,
385,Q1 2025/26,2025/04/17,"Department of Correctional Services
(DCS)",chicken and chicken giblets,pivotcircle group,"R 697,860.00",No contract,2025/02/10,Not stated,Not stated,Reported,
386,Q1 2025/26,2025/04/17,"Department of Correctional Services
(DCS)",groceries,winfred general contracting,"R 331,850.00",No contract,2025/02/27,Not stated,Not stated,Reported,
387,Q1 2025/26,2025/04/17,"Department of Correctional Services
(DCS)",groceries,asavela trading and project,"R 231,020.00",No contract,2025/02/06,Not stated,Not stated,Reported,
388,Q1 2025/26,2025/04/17,"Department of Correctional Services
(DCS)",bread ingredients,asavela trading and project,"R 705,800.00",No contract,2025/02/06,Not stated,Not stated,Reported,
389,Q1 2025/26,2025/04/17,"Department of Correctional Services
(DCS)",perishables,luntsa pty,"R 378,400.00",No contract,2025/02/06,Not stated,Not stated,Reported,
390,Q1 2025/26,2025/04/17,"Department of Correctional Services
(DCS)",groceries,mawinisi,"R 876,100.00",No contract,2025/02/06,Not stated,Not stated,Reported,
391,Q1 2025/26,2025/04/17,"Department of Correctional Services
(DCS)",groceries,traffic group,"R 69,738.00",No contract,2025/02/06,Not stated,Not stated,Reported,
392,Q1 2025/26,2025/04/17,"Department of Correctional Services
(DCS)",cleaning material,agela trading,"R 619,910.00",No contract,2025/02/06,Not stated,Not stated,Reported,
393,Q1 2025/26,2025/04/17,"Department of Correctional Services
(DCS)",repair and maintenance of 4 nutritional pots,"mgwangwa sound audio, visual and
projrcts","R 99,890.00",No contract,2025/02/10,Not stated,Not stated,Reported,
394,Q1 2025/26,2025/04/17,"Department of Correctional Services
(DCS)",repair of a freezer and cold room,logodima trading,"R 54,344.40",No contract,2025/02/10,Not stated,Not stated,Reported,
395,Q1 2025/26,2025/04/17,"Department of Correctional Services
(DCS)",comcor project floor items,amajuba trading,"R 234,200.00",No contract,2025/02/26,Not stated,Not stated,Reported,
396,Q1 2025/26,2025/04/17,"Department of Correctional Services
(DCS)",groceries,maphisa group,"R 823,286.94",No contract,2025/02/26,Not stated,Not stated,Reported,
397,Q1 2025/26,2025/04/17,"Department of Correctional Services
(DCS)",bread ingredients,asavela trading and project,"R 154,200.00",No contract,2025/02/26,Not stated,Not stated,Reported,
398,Q1 2025/26,2025/04/17,"Department of Correctional Services
(DCS)",chicken gizzards,melao koki investments (pty)ltd,"R 28,100.00",No contract,2025/02/10,Not stated,Not stated,Reported,
399,Q1 2025/26,2025/04/17,"Department of Correctional Services
(DCS)",chicken necks,shimunyani trading & projects (pty)ltd,"R 19,305.00",No contract,2025/02/10,Not stated,Not stated,Reported,
400,Q1 2025/26,2025/04/17,"Department of Correctional Services
(DCS)",chicken hearts,shimunyani trading & projects (pty)ltd,"R 27,522.00",No contract,2025/02/10,Not stated,Not stated,Reported,
401,Q1 2025/26,2025/04/17,"Department of Correctional Services
(DCS)",chicken livers,shimunyani trading & projects (pty)ltd,"R 28,665.00",No contract,2025/02/10,Not stated,Not stated,Reported,
402,Q1 2025/26,2025/04/17,"Department of Correctional Services
(DCS)",fish mackerel,shimunyani trading & projects (pty)ltd,"R 106,145.00",No contract,2025/02/10,Not stated,Not stated,Reported,
403,Q1 2025/26,2025/04/17,"Department of Correctional Services
(DCS)","beef forequarter, external",shimunyani trading & projects (pty)ltd,"R 164,335.00",No contract,2025/02/10,Not stated,Not stated,Reported,
404,Q1 2025/26,2025/04/17,"Department of Correctional Services
(DCS)",brown bread 700g,nwanghezi trading and projects(pty)ltd,"R 731,400.00",No contract,2025/02/28,Not stated,Not stated,Reported,
405,Q1 2025/26,2025/04/17,"Department of Correctional Services
(DCS)",dried beans,sasekani development and projects,"R 96,558.00",No contract,2025/02/10,Not stated,Not stated,Reported,
406,Q1 2025/26,2025/04/17,"Department of Correctional Services
(DCS)",soya mince,sasekani development and projects,"R 71,412.00",No contract,2025/02/10,Not stated,Not stated,Reported,
407,Q1 2025/26,2025/04/17,"Department of Correctional Services
(DCS)",soya chunks,sasekani development and projects,"R 62,678.00",No contract,2025/02/10,Not stated,Not stated,Reported,
408,Q1 2025/26,2025/04/17,"Department of Correctional Services
(DCS)",mealie rice,sasekani development and projects,"R 136,512.00",No contract,2025/02/10,Not stated,Not stated,Reported,
409,Q1 2025/26,2025/04/17,"Department of Correctional Services
(DCS)","milk ,powder,whey",tshinavhela trading enterprise,"R 170,000.00",No contract,2025/02/25,Not stated,Not stated,Reported,
410,Q1 2025/26,2025/04/17,"Department of Correctional Services
(DCS)","porridge ,jungle,oats",tshinavhela trading enterprise,"R 50,010.00",No contract,2025/02/25,Not stated,Not stated,Reported,
411,Q1 2025/26,2025/04/17,"Department of Correctional Services
(DCS)","cooking oil,sunflower",tshinavhela trading enterprise,"R 34,005.60",No contract,2025/02/25,Not stated,Not stated,Reported,
412,Q1 2025/26,2025/04/17,"Department of Correctional Services
(DCS)",spread peanut butter,tshinavhela trading enterprise,"R 66,000.00",No contract,2025/02/25,Not stated,Not stated,Reported,
413,Q1 2025/26,2025/04/17,"Department of Correctional Services
(DCS)","margarine ,yellow",tshinavhela trading enterprise,"R 60,000.00",No contract,2025/02/25,Not stated,Not stated,Reported,
414,Q1 2025/26,2025/04/17,"Department of Correctional Services
(DCS)","powder ,cold,drink,orange",tshinavhela trading enterprise,"R 100,020.00",No contract,2025/02/25,Not stated,Not stated,Reported,
415,Q1 2025/26,2025/04/17,"Department of Correctional Services
(DCS)",powder soup,tshinavhela trading enterprise,"R 85,000.00",No contract,2025/02/25,Not stated,Not stated,Reported,
416,Q1 2025/26,2025/04/17,"Department of Correctional Services
(DCS)","powder ,gravy,complete,13a51c,sauce",tshinavhela trading enterprise,"R 25,990.00",No contract,2025/02/25,Not stated,Not stated,Reported,
417,Q1 2025/26,2025/04/17,"Department of Correctional Services
(DCS)","toothpaste ,50ml",mukungoos trading enterprise(pty)ltd,"R 86,490.00",No contract,2025/02/28,Not stated,Not stated,Reported,
418,Q1 2025/26,2025/04/17,"Department of Correctional Services
(DCS)","soap ,toilet,100gr",mukungoos trading enterprise(pty)ltd,"R 87,620.40",No contract,2025/02/28,Not stated,Not stated,Reported,
419,Q1 2025/26,2025/04/17,"Department of Correctional Services
(DCS)",toothbrush,mukungoos trading enterprise(pty)ltd,"R 17,640.00",No contract,2025/02/28,Not stated,Not stated,Reported,
420,Q1 2025/26,2025/04/17,"Department of Correctional Services
(DCS)",mop large,mukungoos trading enterprise(pty)ltd,"R 21,850.00",No contract,2025/02/28,Not stated,Not stated,Reported,
421,Q1 2025/26,2025/04/17,"Department of Correctional Services
(DCS)",soft broom,mukungoos trading enterprise(pty)ltd,"R 33,120.00",No contract,2025/02/28,Not stated,Not stated,Reported,
422,Q1 2025/26,2025/04/17,"Department of Correctional Services
(DCS)",heavy duty dish cloth,mukungoos trading enterprise(pty)ltd,"R 5,650.00",No contract,2025/02/28,Not stated,Not stated,Reported,
423,Q1 2025/26,2025/04/17,"Department of Correctional Services
(DCS)","gloves ,heavy duty",mukungoos trading enterprise(pty)ltd,"R 3,996.00",No contract,2025/02/28,Not stated,Not stated,Reported,
424,Q1 2025/26,2025/04/17,"Department of Correctional Services
(DCS)","cleaner ,pine,gel",bokhutjo business enterprise (pty)ltd,"R 70,200.00",No contract,2025/02/28,Not stated,Not stated,Reported,
425,Q1 2025/26,2025/04/17,"Department of Correctional Services
(DCS)",soap liquid dishwashing,bokhutjo business enterprise (pty)ltd,"R 65,000.00",No contract,2025/02/28,Not stated,Not stated,Reported,
426,Q1 2025/26,2025/04/17,"Department of Correctional Services
(DCS)","bleach ,jik,(lr)",bokhutjo business enterprise (pty)ltd,"R 21,000.00",No contract,2025/02/28,Not stated,Not stated,Reported,
427,Q1 2025/26,2025/04/17,"Department of Correctional Services
(DCS)","soap ,general,pupose,(1x1kg)green",bokhutjo business enterprise (pty)ltd,"R 67,392.00",No contract,2025/02/28,Not stated,Not stated,Reported,
428,Q1 2025/26,2025/04/17,"Department of Correctional Services
(DCS)",disinfectant black dip,bokhutjo business enterprise (pty)ltd,"R 40,250.00",No contract,2025/02/28,Not stated,Not stated,Reported,
429,Q1 2025/26,2025/04/17,"Department of Correctional Services
(DCS)","polish,floor wax",mudzudzunyi trading enterprise,"R 84,000.00",No contract,2025/02/28,Not stated,Not stated,Reported,
430,Q1 2025/26,2025/04/17,"Department of Correctional Services
(DCS)","bag ,plastic,refuse,900 x 600mm",mudzudzunyi trading enterprise,"R 19,500.00",No contract,2025/02/28,Not stated,Not stated,Reported,
431,Q1 2025/26,2025/04/17,"Department of Correctional Services
(DCS)",thick bleach,mudzudzunyi trading enterprise,"R 22,660.00",No contract,2025/02/28,Not stated,Not stated,Reported,
432,Q1 2025/26,2025/04/17,"Department of Correctional Services
(DCS)",chicken giblets,nurayn's food t/a meat sa,"R 185,977.00",No contract,2025/02/10,Not stated,Not stated,Reported,
433,Q1 2025/26,2025/04/17,"Department of Correctional Services
(DCS)",groceries,mkiv trading & projects,"R 771,500.00",No contract,2025/02/10,Not stated,Not stated,Reported,
434,Q1 2025/26,2025/04/17,"Department of Correctional Services
(DCS)",maize products,kelatang trading enterprise,"R 356,100.00",No contract,2025/02/10,Not stated,Not stated,Reported,
435,Q1 2025/26,2025/04/17,"Department of Correctional Services
(DCS)",cleaning materials & toiletries,fokeng and projects,"R 376,500.00",No contract,2025/02/11,Not stated,Not stated,Reported,
436,Q1 2025/26,2025/04/17,"Department of Correctional Services
(DCS)",slices brown bread 700g,upswing holdings,"R 906,750.00",No contract,2025/02/27,Not stated,Not stated,Reported,
437,Q1 2025/26,2025/04/17,"Department of Correctional Services
(DCS)",perishables,jama joy,"R 131,670.00",No contract,2025/02/21,Not stated,Not stated,Reported,
438,Q1 2025/26,2025/04/17,"Department of Correctional Services
(DCS)",non-perishables,jemmel pty ltd,"R 9,500.00",No contract,2025/01/29,Not stated,Not stated,Reported,
439,Q1 2025/26,2025/04/17,"Department of Correctional Services
(DCS)",non-perishables,ct van reenen holdings,"R 529,180.00",No contract,2025/02/24,Not stated,Not stated,Reported,
440,Q1 2025/26,2025/04/17,"Department of Correctional Services
(DCS)",non-perishables,tinymark solutions & services,"R 150,480.00",No contract,2025/02/24,Not stated,Not stated,Reported,
441,Q1 2025/26,2025/04/17,"Department of Correctional Services
(DCS)",non-perishables,spenny services,"R 324,300.00",No contract,2025/02/24,Not stated,Not stated,Reported,
442,Q1 2025/26,2025/04/17,"Department of Correctional Services
(DCS)",non-perishables,chelsea commodities,"R 296,168.00",No contract,2025/02/24,Not stated,Not stated,Reported,
443,Q1 2025/26,2025/04/17,"Department of Correctional Services
(DCS)",non-perishables,franq pty ltd,"R 227,450.00",No contract,2025/02/24,Not stated,Not stated,Reported,
444,Q1 2025/26,2025/04/17,"Department of Correctional Services
(DCS)",perishables,allyman suppliers,"R 176,055.00",No contract,2025/02/27,Not stated,Not stated,Reported,
445,Q1 2025/26,2025/04/17,"Department of Correctional Services
(DCS)",non-perishables,krooz,"R 520,800.00",No contract,2025/02/24,Not stated,Not stated,Reported,
446,Q1 2025/26,2025/04/17,"Department of Correctional Services
(DCS)",non-perishables,tura tura,"R 309,600.00",No contract,2025/02/24,Not stated,Not stated,Reported,
447,Q1 2025/26,2025/04/17,"Department of Correctional Services
(DCS)",perishables,carbon sense,"R 199,199.00",No contract,2025/02/25,Not stated,Not stated,Reported,
448,Q1 2025/26,2025/04/17,"Department of Correctional Services
(DCS)",perishables,roskin,"R 612,002.30",No contract,2025/02/25,Not stated,Not stated,Reported,
449,Q1 2025/26,2025/04/17,"Department of Correctional Services
(DCS)",perishables,jakkata,"R 563,200.00",No contract,2025/02/25,Not stated,Not stated,Reported,
450,Q1 2025/26,2025/04/17,"Department of Correctional Services
(DCS)",cleaning material,regen trading,"R 162,400.00",No contract,2025/02/26,Not stated,Not stated,Reported,
451,Q1 2025/26,2025/04/17,"Department of Correctional Services
(DCS)",cleaning material,tradesmart trading,"R 17,098.56",No contract,2025/02/26,Not stated,Not stated,Reported,
452,Q1 2025/26,2025/04/17,"Department of Correctional Services
(DCS)",cleaning material,namlot construction,"R 66,300.00",No contract,2025/02/26,Not stated,Not stated,Reported,
453,Q1 2025/26,2025/04/17,"Department of Correctional Services
(DCS)",perishables,roskin,"R 612,002.30",No contract,2025/02/26,Not stated,Not stated,Reported,
454,Q1 2025/26,2025/04/17,"Department of Correctional Services
(DCS)",perishables,jakkata,"R 563,200.00",No contract,2025/02/28,Not stated,Not stated,Reported,
455,Q1 2025/26,2025/04/17,"Department of Correctional Services
(DCS)",cleaning material,regen trading,"R 162,400.00",No contract,2025/02/25,Not stated,Not stated,Reported,
456,Q1 2025/26,2025/04/17,"Department of Correctional Services
(DCS)",cleaning material,tradesmart trading,"R 17,098.56",No contract,2025/02/28,Not stated,Not stated,Reported,
457,Q1 2025/26,2025/04/17,"Department of Correctional Services
(DCS)",cleaning material,namlot construction,"R 66,300.00",No contract,2025/02/28,Not stated,Not stated,Reported,
458,Q1 2025/26,2025/04/17,"Department of Correctional Services
(DCS)",cleaning material,maverick trading 170cc,"R 32,200.00",No contract,2025/02/12,Not stated,Not stated,Reported,
459,Q1 2025/26,2025/04/17,"Department of Correctional Services
(DCS)",non-perishables,cantz trade,"R 176,135.00",No contract,2025/02/12,Not stated,Not stated,Reported,
460,Q1 2025/26,2025/04/17,"Department of Correctional Services
(DCS)",emergency repairs of boilers at medium and maximum centres,cpt engineering,"R 55,699.00",No contract,2025/02/19,Not stated,Not stated,Reported,
461,Q1 2025/26,2025/04/17,"Department of Correctional Services
(DCS)",emergency repairs of a fridge,rassol projects,"R 19,780.00",No contract,2025/02/14,Not stated,Not stated,Reported,
462,Q1 2025/26,2025/04/17,"Department of Correctional Services
(DCS)",emergency repairs of cooking pots,1st gear 117,"R 63,092.25",No contract,2025/02/12,Not stated,Not stated,Reported,
463,Q1 2025/26,2025/04/17,"Department of Correctional Services
(DCS)",perishables,lenipoint pty ltd,"R 876,000.00",No contract,2025/02/20,Not stated,Not stated,Reported,
464,Q1 2025/26,2025/04/17,"Department of Correctional Services
(DCS)",perishables,lenipoint pty ltd,"R 868,000.00",No contract,2025/02/27,Not stated,Not stated,Reported,
465,Q1 2025/26,2025/04/17,"Department of Correctional Services
(DCS)",non-perishables,nexlevel consulting,"R 809,020.00",No contract,2025/02/26,Not stated,Not stated,Reported,
466,Q1 2025/26,2025/04/17,"Department of Correctional Services
(DCS)",non-perishables,captivate group,"R 933,300.00",No contract,2025/02/27,Not stated,Not stated,Reported,
467,Q1 2025/26,2025/04/17,"Department of Correctional Services
(DCS)",perishables,busy corner wholesalers,"R 320,000.00",No contract,2025/02/28,Not stated,Not stated,Reported,
468,Q1 2025/26,2025/04/17,"Department of Correctional Services
(DCS)",non-perishables,captivate group,"R 628,020.00",No contract,2025/02/27,Not stated,Not stated,Reported,
469,Q1 2025/26,2025/04/17,"Department of Correctional Services
(DCS)",cleaning material,inkonzo trade,"R 201,880.00",No contract,2025/02/27,Not stated,Not stated,Reported,
470,Q1 2025/26,2025/04/17,"Department of Correctional Services
(DCS)",perishables,elglenn pty ltd,"R 663,000.00",No contract,2025/02/19,Not stated,Not stated,Reported,
471,Q1 2025/26,2025/04/17,"Department of Correctional Services
(DCS)",non-perishables,mafuza com,"R 772,000.00",No contract,2025/02/19,Not stated,Not stated,Reported,
472,Q1 2025/26,2025/04/17,"Department of Correctional Services
(DCS)",non-perishables,carbon sense,"R 770,000.00",No contract,2025/02/28,Not stated,Not stated,Reported,
473,Q1 2025/26,2025/04/17,"Department of Correctional Services
(DCS)",non-perishables,nor-les pty ltd,"R 552,000.00",No contract,2025/02/27,Not stated,Not stated,Reported,
474,Q1 2025/26,2025/04/17,"Department of Correctional Services
(DCS)",non-perishables,botshelo foodcor,"R 666,720.00",No contract,2025/02/27,Not stated,Not stated,Reported,
475,Q1 2025/26,2025/04/17,"Department of Correctional Services
(DCS)",non-perishables,inhle cleaners,"R 157,000.00",No contract,2025/02/19,Not stated,Not stated,Reported,
476,Q1 2025/26,2025/04/17,"Department of Correctional Services
(DCS)",non-perishables,optimel,"R 22,800.00",No contract,2025/02/19,Not stated,Not stated,Reported,
477,Q1 2025/26,2025/04/17,"Department of Correctional Services
(DCS)",non-perishables,intlantsi shine,"R 222,000.00",No contract,2025/02/19,Not stated,Not stated,Reported,
478,Q1 2025/26,2025/04/17,"Department of Correctional Services
(DCS)",non-perishables,ilitha star,"R 203,340.00",No contract,2025/02/19,Not stated,Not stated,Reported,
479,Q1 2025/26,2025/04/17,"Department of Correctional Services
(DCS)",non-perishables,evans services,"R 84,205.00",No contract,2025/02/19,Not stated,Not stated,Reported,
480,Q1 2025/26,2025/04/17,"Department of Correctional Services
(DCS)",non-perishables,lunga distributors,"R 319,000.00",No contract,2025/02/26,Not stated,Not stated,Reported,
481,Q1 2025/26,2025/04/17,"Department of Correctional Services
(DCS)",non-perishables,veloster,"R 624,200.00",No contract,2025/02/26,Not stated,Not stated,Reported,
482,Q1 2025/26,2025/04/17,"Department of Correctional Services
(DCS)",cleaning material,inguquko projects,"R 803,700.00",No contract,2025/02/26,Not stated,Not stated,Reported,
483,Q1 2025/26,2025/04/17,"Department of Correctional Services
(DCS)",toiletries,inguquko projects,"R 396,800.00",No contract,2025/02/26,Not stated,Not stated,Reported,
484,Q1 2025/26,2025/04/17,"Department of Correctional Services
(DCS)",toiletries,yologa,"R 257,500.00",No contract,2025/02/26,Not stated,Not stated,Reported,
485,Q1 2025/26,2025/04/17,"Department of Correctional Services
(DCS)",non-perishables,lunga distributors,"R 411,000.00",No contract,2025/02/26,Not stated,Not stated,Reported,
486,Q1 2025/26,2025/04/17,"Department of Correctional Services
(DCS)",non-perishables,mantech security systems,"R 257,000.00",No contract,2025/02/26,Not stated,Not stated,Reported,
487,Q1 2025/26,2025/04/17,"Department of Correctional Services
(DCS)",perishables,yologa,"R 264,000.00",No contract,2025/02/26,Not stated,Not stated,Reported,
488,Q1 2025/26,2025/04/17,"Department of Correctional Services
(DCS)",non-perishables,tura-tura,"R 358,500.00",No contract,2025/02/04,Not stated,Not stated,Reported,
489,Q1 2025/26,2025/04/17,"Department of Correctional Services
(DCS)",non-perishables,vingista,"R 24,312.00",No contract,2025/02/04,Not stated,Not stated,Reported,
490,Q1 2025/26,2025/04/17,"Department of Correctional Services
(DCS)",perishables,roetrade pty ltd,"R 129,900.00",No contract,2025/02/27,Not stated,Not stated,Reported,
491,Q1 2025/26,2025/04/17,"Department of Correctional Services
(DCS)",perishables,kld trading pty ltd,"R 387,000.00",No contract,2025/02/27,Not stated,Not stated,Reported,
492,Q1 2025/26,2025/04/17,"Department of Correctional Services
(DCS)",non-perishables,franq pty ltd,"R 171,500.00",No contract,2025/02/27,Not stated,Not stated,Reported,
493,Q1 2025/26,2025/04/17,"Department of Correctional Services
(DCS)",non-perishables,inkonzo pty ltd,"R 64,800.00",No contract,2025/02/27,Not stated,Not stated,Reported,
494,Q1 2025/26,2025/04/17,"Department of Correctional Services
(DCS)",non-perishables,mafuza com pty ltd,"R 183,500.00",No contract,2025/02/27,Not stated,Not stated,Reported,
495,Q1 2025/26,2025/04/17,"Department of Correctional Services
(DCS)",non-perishables,zjt foods,"R 235,940.00",No contract,2025/02/27,Not stated,Not stated,Reported,
496,Q1 2025/26,2025/04/17,"Department of Correctional Services
(DCS)",perishables,staple extreme,"R 197,060.00",No contract,2025/02/27,Not stated,Not stated,Reported,
497,Q1 2025/26,2025/04/17,"Department of Correctional Services
(DCS)",chicken meat,itstym general trading,"R 921,600.00",No contract,2025/02/24,Not stated,Not stated,Reported,
498,Q1 2025/26,2025/04/17,"Department of Correctional Services
(DCS)",bake pac and bake oil,benladys new enterprise,"R 682,300.00",No contract,2025/02/25,Not stated,Not stated,Reported,
499,Q1 2025/26,2025/04/17,"Department of Correctional Services
(DCS)","gizards, fish and soya sausage",bll enterprise,"R 279,750.00",No contract,2025/02/10,Not stated,Not stated,Reported,
500,Q1 2025/26,2025/04/17,"Department of Correctional Services
(DCS)","gizards, fish and soya sausage",benladys new enterprise,"R 256,000.00",No contract,2025/02/10,Not stated,Not stated,Reported,
501,Q1 2025/26,2025/04/17,"Department of Correctional Services
(DCS)",powders,algathina project and services,"R 490,568.50",No contract,2025/02/25,Not stated,Not stated,Reported,
502,Q1 2025/26,2025/04/17,"Department of Correctional Services
(DCS)",fruit and vegetables,g88 group,"R 280,500.00",No contract,2025/02/13,Not stated,Not stated,Reported,
503,Q1 2025/26,2025/04/17,"Department of Correctional Services
(DCS)",fruit and vegetables,nompumezo and sbulnam,"R 392,700.00",No contract,2025/02/13,Not stated,Not stated,Reported,
504,Q1 2025/26,2025/04/17,"Department of Correctional Services
(DCS)",fruit and vegetables,an reailers,"R 202,500.00",No contract,2025/02/13,Not stated,Not stated,Reported,
505,Q1 2025/26,2025/04/17,"Department of Correctional Services
(DCS)",grains,benladys new enterprise,"R 563,424.00",No contract,2025/02/13,Not stated,Not stated,Reported,
506,Q1 2025/26,2025/04/17,"Department of Correctional Services
(DCS)",oats and maltabella,mrobhozo trading enterprise,"R 463,390.00",No contract,2025/02/03,Not stated,Not stated,Reported,
507,Q1 2025/26,2025/04/17,"Department of Correctional Services
(DCS)",beef,pavest holdings,"R 863,625.00",No contract,2025/02/06,Not stated,Not stated,Reported,
508,Q1 2025/26,2025/04/17,"Department of Correctional Services
(DCS)",fruit and vegetables,amy's claening projects,"R 41,000.00",No contract,2025/02/14,Not stated,Not stated,Reported,
509,Q1 2025/26,2025/04/17,"Department of Correctional Services
(DCS)",chicken meat,inathi inkosi investments,"R 43,200.00",No contract,2025/02/14,Not stated,Not stated,Reported,
510,Q1 2025/26,2025/04/17,"Department of Correctional Services
(DCS)","jam, peanut butter & magarine",nompumezo and sbulnam,"R 618,525.00",No contract,2025/02/21,Not stated,Not stated,Reported,
511,Q1 2025/26,2025/04/17,"Department of Correctional Services
(DCS)",bread,pillar of strenght,"R 35,000.00",No contract,2025/06/02,Not stated,Not stated,Reported,
512,Q1 2025/26,2025/04/17,"Department of Correctional Services
(DCS)",chicken meat,reap greatness experience,"R 32,475.00",No contract,2025/02/12,Not stated,Not stated,Reported,
513,Q1 2025/26,2025/04/17,"Department of Correctional Services
(DCS)",chicken meat,ixuka trading enterprise,"R 29,799.90",No contract,2025/02/24,Not stated,Not stated,Reported,
514,Q1 2025/26,2025/04/17,"Department of Correctional Services
(DCS)","beef spice, chicken spice & curry",fanayi,"R 16,900.00",No contract,2025/02/12,Not stated,Not stated,Reported,
515,Q1 2025/26,2025/04/17,"Department of Correctional Services
(DCS)",mixed fruit jam,l wt s holdings,"R 44,000.00",No contract,2025/02/12,Not stated,Not stated,Reported,
516,Q1 2025/26,2025/04/17,"Department of Correctional Services
(DCS)",maize rice,bluevision project and service,"R 28,000.00",No contract,2025/02/12,Not stated,Not stated,Reported,
517,Q1 2025/26,2025/04/17,"Department of Correctional Services
(DCS)",brown sugar,thubalathu general trading,"R 32,000.00",No contract,2025/02/12,Not stated,Not stated,Reported,
518,Q1 2025/26,2025/04/17,"Department of Correctional Services
(DCS)",yellow margarine,lake victoria trading,"R 26,454.40",No contract,2025/02/12,Not stated,Not stated,Reported,
519,Q1 2025/26,2025/04/17,"Department of Correctional Services
(DCS)",full cream milk powder,bluevision project and service,"R 28,450.00",No contract,2025/02/12,Not stated,Not stated,Reported,
520,Q1 2025/26,2025/04/17,"Department of Correctional Services
(DCS)",mixed vegetables,lake victoria trading,"R 46,998.50",No contract,2025/02/12,Not stated,Not stated,Reported,
521,Q1 2025/26,2025/04/17,"Department of Correctional Services
(DCS)",maltabella,oneliseke solutions,"R 33,840.00",No contract,2025/02/12,Not stated,Not stated,Reported,
522,Q1 2025/26,2025/04/17,"Department of Correctional Services
(DCS)",oats,odikela suppliers,"R 38,850.00",No contract,2025/02/06,Not stated,Not stated,Reported,
523,Q1 2025/26,2025/04/17,"Department of Correctional Services
(DCS)",mixed vegetables,bacarac nutritional foods,"R 31,500.00",No contract,2025/02/06,Not stated,Not stated,Reported,
524,Q1 2025/26,2025/04/17,"Department of Correctional Services
(DCS)",beef fore quarter,lake victoria trading,"R 40,435.00",No contract,2025/02/12,Not stated,Not stated,Reported,
525,Q1 2025/26,2025/04/17,"Department of Correctional Services
(DCS)",beef fore quarter,franswa trading,"R 13,000.00",No contract,2025/02/12,Not stated,Not stated,Reported,
526,Q1 2025/26,2025/04/17,"Department of Correctional Services
(DCS)",chicken,franswa trading,"R 4,000.00",No contract,2025/02/12,Not stated,Not stated,Reported,
527,Q1 2025/26,2025/04/17,"Department of Correctional Services
(DCS)",chicken giblets,chemzo detergents manufactures,"R 26,000.00",No contract,2025/02/03,Not stated,Not stated,Reported,
528,Q1 2025/26,2025/04/17,"Department of Correctional Services
(DCS)",bread,ixuka trading enterprise,"R 33,500.00",No contract,2025/02/03,Not stated,Not stated,Reported,
529,Q1 2025/26,2025/04/17,"Department of Correctional Services
(DCS)",bread,mangwato and moloi group,"R 18,000.00",No contract,2025/02/10,Not stated,Not stated,Reported,
530,Q1 2025/26,2025/04/17,"Department of Correctional Services
(DCS)",soya sausage,khonie projects,"R 46,035.00",No contract,2025/02/10,Not stated,Not stated,Reported,
531,Q1 2025/26,2025/04/17,"Department of Correctional Services
(DCS)",bread,kaladokwe traders,"R 21,920.00",No contract,2025/02/10,Not stated,Not stated,Reported,
532,Q1 2025/26,2025/04/17,"Department of Correctional Services
(DCS)",chicken giblets,sapholonke,"R 46,500.00",No contract,2025/02/18,Not stated,Not stated,Reported,
533,Q1 2025/26,2025/04/17,"Department of Correctional Services
(DCS)",chicken,all mercy trading enterprise,"R 49,200.00",No contract,2025/02/18,Not stated,Not stated,Reported,
534,Q1 2025/26,2025/04/17,"Department of Correctional Services
(DCS)",beef,harmony suppliers,"R 8,280.00",No contract,2025/02/26,Not stated,Not stated,Reported,
535,Q1 2025/26,2025/04/17,"Department of Correctional Services
(DCS)",vegetables,mona services,"R 49,000.00",No contract,2025/02/28,Not stated,Not stated,Reported,
536,Q1 2025/26,2025/04/17,"Department of Correctional Services
(DCS)",light brown sugar,mbotho trading,"R 30,000.00",No contract,2025/02/28,Not stated,Not stated,Reported,
537,Q1 2025/26,2025/04/17,"Department of Correctional Services
(DCS)",bread,bakgopa food supplies,"R 43,350.00",No contract,2025/02/26,Not stated,Not stated,Reported,
538,Q1 2025/26,2025/04/17,"Department of Correctional Services
(DCS)",chicken giblets,lwts holdings,"R 49,900.00",No contract,2025/02/26,Not stated,Not stated,Reported,
539,Q1 2025/26,2025/04/17,"Department of Correctional Services
(DCS)",chicken giblets,big sister unit,"R 44,874.00",No contract,2025/02/24,Not stated,Not stated,Reported,
540,Q1 2025/26,2025/04/17,"Department of Correctional Services
(DCS)",chicken giblets,tmsaba facilitors,"R 42,398.00",No contract,2025/02/26,Not stated,Not stated,Reported,
541,Q1 2025/26,2025/04/17,"Department of Correctional Services
(DCS)",beef,restoration support group,"R 42,000.00",No contract,2025/02/26,Not stated,Not stated,Reported,
542,Q1 2025/26,2025/04/17,"Department of Correctional Services
(DCS)",beef,tsilidzi,"R 47,100.00",No contract,2025/02/24,Not stated,Not stated,Reported,
543,Q1 2025/26,2025/04/17,"Department of Correctional Services
(DCS)",beef,fliplinr express,"R 33,500.00",No contract,2025/02/24,Not stated,Not stated,Reported,
544,Q1 2025/26,2025/04/17,"Department of Correctional Services
(DCS)",beef,afrigate consulting,"R 97,650.00",No contract,2025/02/17,Not stated,Not stated,Reported,
545,Q1 2025/26,2025/04/17,"Department of Correctional Services
(DCS)",beef,afrigate consulting,"R 97,650.00",No contract,2025/02/17,Not stated,Not stated,Reported,
546,Q1 2025/26,2025/04/17,"Department of Correctional Services
(DCS)",beef,afrigate consulting,"R 44,910.00",No contract,2025/02/17,Not stated,Not stated,Reported,
547,Q1 2025/26,2025/04/17,"Department of Correctional Services
(DCS)",powder milk,afrigate consulting,"R 139,500.00",No contract,2025/02/17,Not stated,Not stated,Reported,
548,Q1 2025/26,2025/04/17,"Department of Correctional Services
(DCS)",beef,afrigate consulting,"R 44,910.00",No contract,2025/02/17,Not stated,Not stated,Reported,
549,Q1 2025/26,2025/04/17,"Department of Correctional Services
(DCS)",brown bread,afrigate consulting,"R 52,395.00",No contract,2025/02/17,Not stated,Not stated,Reported,
550,Q1 2025/26,2025/04/17,"Department of Correctional Services
(DCS)",fish,carry on,"R 30,450.00",No contract,2025/02/11,Not stated,Not stated,Reported,
551,Q1 2025/26,2025/04/17,"Department of Correctional Services
(DCS)",vegetables,benladys new enterprise,"R 42,600.00",No contract,2025/02/11,Not stated,Not stated,Reported,
552,Q1 2025/26,2025/04/17,"Department of Correctional Services
(DCS)",chicken giblets,phekos,"R 29,900.00",No contract,2025/02/25,Not stated,Not stated,Reported,
553,Q1 2025/26,2025/04/17,"Department of Correctional Services
(DCS)",chicken,livetech solutions,"R 42,000.00",No contract,2025/02/21,Not stated,Not stated,Reported,
554,Q1 2025/26,2025/04/17,"Department of Correctional Services
(DCS)",fish,zikhona,"R 48,250.00",No contract,2025/02/21,Not stated,Not stated,Reported,
555,Q1 2025/26,2025/04/17,"Department of Correctional Services
(DCS)",vegetables,chemzo detergents manufactures,"R 39,280.00",No contract,2025/02/26,Not stated,Not stated,Reported,
556,Q1 2025/26,2025/04/17,"Department of Correctional Services
(DCS)",chicken giblets,bakarac,"R 36,000.00",No contract,2025/02/26,Not stated,Not stated,Reported,
557,Q1 2025/26,2025/04/17,"Department of Correctional Services
(DCS)",chicken,belle travel,"R 47,901.00",No contract,2025/02/26,Not stated,Not stated,Reported,
558,Q1 2025/26,2025/04/17,"Department of Correctional Services
(DCS)",maltabella,nakhane general trading 02,"R 23,448.00",No contract,2025/02/06,Not stated,Not stated,Reported,
559,Q1 2025/26,2025/04/17,"Department of Correctional Services
(DCS)",samp,nakhane general trading 02,"R 41,064.00",No contract,2025/02/06,Not stated,Not stated,Reported,
560,Q1 2025/26,2025/04/17,"Department of Correctional Services
(DCS)",cooking oil,abenguni enterprise,"R 39,912.00",No contract,2025/02/06,Not stated,Not stated,Reported,
561,Q1 2025/26,2025/04/17,"Department of Correctional Services
(DCS)",soup powder,abenguni enterprise,"R 17,908.00",No contract,2025/02/06,Not stated,Not stated,Reported,
562,Q1 2025/26,2025/04/17,"Department of Correctional Services
(DCS)",fruit and vegetables,glanmore general trading,"R 19,993.00",No contract,2025/02/06,Not stated,Not stated,Reported,
563,Q1 2025/26,2025/04/17,"Department of Correctional Services
(DCS)",beef,vnc general trading,"R 47,400.00",No contract,2025/02/06,Not stated,Not stated,Reported,
564,Q1 2025/26,2025/04/17,"Department of Correctional Services
(DCS)",beef,chemzo detergents manufactures,"R 32,000.00",No contract,2025/02/10,Not stated,Not stated,Reported,
565,Q1 2025/26,2025/04/17,"Department of Correctional Services
(DCS)",fruit and vegetables,sivile sandile trading,"R 38,150.00",No contract,2025/02/10,Not stated,Not stated,Reported,
566,Q1 2025/26,2025/04/17,"Department of Correctional Services
(DCS)",chicken,sukujika hospitality services,"R 11,680.00",No contract,2025/02/11,Not stated,Not stated,Reported,
567,Q1 2025/26,2025/04/17,"Department of Correctional Services
(DCS)",brown sugar,tehillar suppliers,"R 22,688.00",No contract,2025/02/11,Not stated,Not stated,Reported,
568,Q1 2025/26,2025/04/17,"Department of Correctional Services
(DCS)",chicken,nakhane general trading 02,"R 29,150.00",No contract,2025/02/12,Not stated,Not stated,Reported,
569,Q1 2025/26,2025/04/17,"Department of Correctional Services
(DCS)",sausage soya,ln and sons enterprise,"R 24,500.00",No contract,2025/02/17,Not stated,Not stated,Reported,
570,Q1 2025/26,2025/04/17,"Department of Correctional Services
(DCS)",brown bread,siyokulandelwa,"R 42,880.00",No contract,2025/02/18,Not stated,Not stated,Reported,
571,Q1 2025/26,2025/04/17,"Department of Correctional Services
(DCS)",beef,siyokulandelwa,"R 36,900.00",No contract,2025/02/16,Not stated,Not stated,Reported,
572,Q1 2025/26,2025/04/17,"Department of Correctional Services
(DCS)",fruit and vegetables,jozi lethu,"R 16,250.00",No contract,2025/02/26,Not stated,Not stated,Reported,
573,Q1 2025/26,2025/04/17,"Department of Correctional Services
(DCS)",beef,matodzi holdings,"R 14,400.00",No contract,2025/02/26,Not stated,Not stated,Reported,
574,Q1 2025/26,2025/04/17,"Department of Correctional Services
(DCS)",fruit and vegetables,ln and sons enterprise,"R 28,884.00",No contract,2025/02/26,Not stated,Not stated,Reported,
575,Q1 2025/26,2025/04/17,"Department of Correctional Services
(DCS)",brown bread,livetech solutions,"R 47,600.00",No contract,2025/02/04,Not stated,Not stated,Reported,
576,Q1 2025/26,2025/04/17,"Department of Correctional Services
(DCS)",sugar beans,theo and dora trading & projects,"R 16,975.00",No contract,2025/02/10,Not stated,Not stated,Reported,
577,Q1 2025/26,2025/04/17,"Department of Correctional Services
(DCS)",bread brown,livetech solutions,"R 47,600.00",No contract,2025/02/04,Not stated,Not stated,Reported,
578,Q1 2025/26,2025/04/17,"Department of Correctional Services
(DCS)",samp,khanda projects,"R 34,835.00",No contract,2025/02/28,Not stated,Not stated,Reported,
579,Q1 2025/26,2025/04/17,"Department of Correctional Services
(DCS)",jungle oats,matkem agencies,"R 35,800.00",No contract,2025/02/28,Not stated,Not stated,Reported,
580,Q1 2025/26,2025/04/17,"Department of Correctional Services
(DCS)",maize meal,victory above all,"R 48,960.00",No contract,2025/02/28,Not stated,Not stated,Reported,
581,Q1 2025/26,2025/04/17,"Department of Correctional Services
(DCS)",tooth paste,pheko's,"R 29,900.00",No contract,2025/02/25,Not stated,Not stated,Reported,
582,Q1 2025/26,2025/04/17,"Department of Correctional Services
(DCS)",beauty soap,lbbm trading,"R 27,000.00",No contract,2025/02/24,Not stated,Not stated,Reported,
583,Q1 2025/26,2025/04/17,"Department of Correctional Services
(DCS)",cleaning material,gando trading,"R 410,000.00",No contract,2025/02/18,Not stated,Not stated,Reported,
584,Q1 2025/26,2025/04/17,"Department of Correctional Services
(DCS)",broom sweeping/ brush toilet,franswa trading,"R 13,000.00",No contract,2025/02/12,Not stated,Not stated,Reported,
585,Q1 2025/26,2025/04/17,"Department of Correctional Services
(DCS)",mop,franswa trading,"R 4,000.00",No contract,2025/02/12,Not stated,Not stated,Reported,
586,Q1 2025/26,2025/04/17,"Department of Correctional Services
(DCS)",dishwasher,nakhane general trading 02,"R 13,992.00",No contract,2025/02/12,Not stated,Not stated,Reported,
587,Q1 2025/26,2025/04/17,"Department of Correctional Services
(DCS)",coal peas,zukhanye consulting,"R 724,500.00",No contract,2025/02/05,Not stated,Not stated,Reported,
588,Q1 2025/26,2025/04/17,"Department of Correctional Services
(DCS)",coal peas,pivot circles,"R 703,500.00",No contract,2025/02/14,Not stated,Not stated,Reported,
589,Q1 2025/26,2025/04/17,"Department of Correctional Services
(DCS)",coal peas,dirang bohle 50 trading,"R 206,700.00",No contract,2025/02/28,Not stated,Not stated,Reported,
590,Q1 2025/26,2025/04/17,"Department of Correctional Services
(DCS)",coal peas,mabokget ja/ hydrolics,"R 657,800.00",No contract,2025/02/21,Not stated,Not stated,Reported,
591,Q1 2025/26,2025/04/17,"Department of Correctional Services
(DCS)",coal peas,platinum suppliers,"R 145,075.00",No contract,2025/02/20,Not stated,Not stated,Reported,
592,Q1 2025/26,2025/04/17,"Department of Correctional Services
(DCS)",coal peas,traffic capital management,"R 68,200.00",No contract,2025/02/27,Not stated,Not stated,Reported,
593,Q1 2025/26,2025/04/17,"Department of Correctional Services
(DCS)",supply and delivery of brown bread,cat iza enterprise (pty)ltd,"R 269,040.00",No contract,2025/02/10,Not stated,Not stated,Reported,
594,Q1 2025/26,2025/04/17,"Department of Correctional Services
(DCS)",supply and delivery of groceries,pheladi technical services (pty) ltd,"R 315,870.00",No contract,2025/02/27,Not stated,Not stated,Reported,
595,Q1 2025/26,2025/04/17,"Department of Correctional Services
(DCS)",supply and delivery of groceries,salome general trading (pty) ltd,"R 184,820.00",No contract,2025/02/27,Not stated,Not stated,Reported,
596,Q1 2025/26,2025/04/17,"Department of Correctional Services
(DCS)",supply and delivery of perishable provisions: fish (slatwater),ouola trading (pty) ltd,"R 384,353.50",No contract,2025/02/12,Not stated,Not stated,Reported,
597,Q1 2025/26,2025/04/17,"Department of Correctional Services
(DCS)","supply and delivery of perishable provisions: meat beef fore
quarters",kagiditiro-wesi general trading,"R 560,001.00",No contract,2025/02/12,Not stated,Not stated,Reported,
598,Q1 2025/26,2025/04/17,"Department of Correctional Services
(DCS)",supply and delivery of perishable provisions: chicken giblets,lagacy future (pty) ltd,"R 109,200.00",No contract,2025/02/12,Not stated,Not stated,Reported,
599,Q1 2025/26,2025/04/17,"Department of Correctional Services
(DCS)",supply and delivery of non-perishable provisions: groceries,master pro solutions,"R 144,120.00",No contract,2025/02/21,Not stated,Not stated,Reported,
600,Q1 2025/26,2025/04/17,"Department of Correctional Services
(DCS)","supply and delivery of non-perishable provisions: grains and
cereals","malangeni investments and projects
(pty) ltd","R 541,922.00",No contract,2025/02/21,Not stated,Not stated,Reported,
601,Q1 2025/26,2025/04/17,"Department of Correctional Services
(DCS)",supply and delivery of non-perishable provisions: spreads,mls consortium (pty) ltd,"R 43,920.48",No contract,2025/02/21,Not stated,Not stated,Reported,
602,Q1 2025/26,2025/04/17,"Department of Correctional Services
(DCS)",supply and delivery of vegetables,azinaz trading,"R 104,495.00",No contract,2025/02/03,Not stated,Not stated,Reported,
603,Q1 2025/26,2025/04/17,"Department of Correctional Services
(DCS)",supply and delivery of fish,kgabo de beer,"R 149,550.00",No contract,2025/02/03,Not stated,Not stated,Reported,
604,Q1 2025/26,2025/04/17,"Department of Correctional Services
(DCS)",supply and delivery of groceries,lwandle coastal services,"R 442,660.00",No contract,2025/02/05,Not stated,Not stated,Reported,
605,Q1 2025/26,2025/04/17,"Department of Correctional Services
(DCS)",supply and delivery of fruit and vegetables,masoba projects,"R 355,790.00",No contract,2025/02/14,Not stated,Not stated,Reported,
606,Q1 2025/26,2025/04/17,"Department of Correctional Services
(DCS)",supply and delivery of fruits,nala service providers,"R 352,836.00",No contract,2025/02/27,Not stated,Not stated,Reported,
607,Q1 2025/26,2025/04/17,"Department of Correctional Services
(DCS)",supply and delivery of brown bread,owethu n security and projects,"R 853,056.00",No contract,2025/02/27,Not stated,Not stated,Reported,
608,Q1 2025/26,2025/04/17,"Department of Correctional Services
(DCS)",supply and delivery of giblets & eggs,dayzimah trading,"R 218,525.00",No contract,2025/02/27,Not stated,Not stated,Reported,
609,Q1 2025/26,2025/04/17,"Department of Correctional Services
(DCS)",supply and delivery of groceries,mpiliswano traders,"R 120,000.00",No contract,2025/02/28,Not stated,Not stated,Reported,
610,Q1 2025/26,2025/04/17,"Department of Correctional Services
(DCS)",supply and delivery of groceries,khudu matlapeng distributors,"R 579,743.00",No contract,2025/02/28,Not stated,Not stated,Reported,
611,Q1 2025/26,2025/04/17,"Department of Correctional Services
(DCS)",supply and delivery of bread,kgosi tsa rona,"R 662,500.00",No contract,2025/02/04,Not stated,Not stated,Reported,
612,Q1 2025/26,2025/04/17,"Department of Correctional Services
(DCS)",supply and delivery of bread,marenzo technical division,"R 478,800.00",No contract,2025/02/18,Not stated,Not stated,Reported,
613,Q1 2025/26,2025/04/17,"Department of Correctional Services
(DCS)",supply and delivery of groceries,buang ka ditiro trding and projects,"R 975,440.00",No contract,2025/02/20,Not stated,Not stated,Reported,
614,Q1 2025/26,2025/04/17,"Department of Correctional Services
(DCS)",supply and delivery of chicken giblets,dawn trading and projects holdings,"R 379,620.00",No contract,2025/02/20,Not stated,Not stated,Reported,
615,Q1 2025/26,2025/04/17,"Department of Correctional Services
(DCS)",supply and delivery of bread,berconi south africa,"R 870,100.00",No contract,2025/02/28,Not stated,Not stated,Reported,
616,Q1 2025/26,2025/04/17,"Department of Correctional Services
(DCS)",supply and delivery of bread and bakery products,ohumile holdings,"R 420,000.00",No contract,2025/02/20,Not stated,Not stated,Reported,
617,Q1 2025/26,2025/04/17,"Department of Correctional Services
(DCS)",supply and delivery of bread and bakery products,precisely,"R 59,600.00",No contract,2025/02/20,Not stated,Not stated,Reported,
618,Q1 2025/26,2025/04/17,"Department of Correctional Services
(DCS)",supply and delivery of groceries dry ration,ikageng foods enterprise and projects,"R 449,600.00",No contract,2025/02/20,Not stated,Not stated,Reported,
619,Q1 2025/26,2025/04/17,"Department of Correctional Services
(DCS)",supply and delivery of groceries dry ration,goldenrose,"R 11,876.00",No contract,2025/02/20,Not stated,Not stated,Reported,
620,Q1 2025/26,2025/04/17,"Department of Correctional Services
(DCS)",supply and delivery of groceries dry ration,adami's in welkom,"R 159,060.00",No contract,2025/02/20,Not stated,Not stated,Reported,
621,Q1 2025/26,2025/04/17,"Department of Correctional Services
(DCS)",supply and delivery of cleaning material and toiletries,green life enviroment,"R 99,450.80",No contract,2025/02/20,Not stated,Not stated,Reported,
622,Q1 2025/26,2025/04/17,"Department of Correctional Services
(DCS)",supply and delivery of cleaning material and toiletries,za majola projects,"R 382,450.00",No contract,2025/02/20,Not stated,Not stated,Reported,
623,Q1 2025/26,2025/04/17,"Department of Correctional Services
(DCS)",supply and delivery of perishables,propa carwash and chillas,"R 272,400.00",No contract,2025/02/20,Not stated,Not stated,Reported,
624,Q1 2025/26,2025/04/17,"Department of Correctional Services
(DCS)",supply and delivery of perishables,kabi holdings,"R 64,400.00",No contract,2025/02/20,Not stated,Not stated,Reported,
625,Q1 2025/26,2025/04/17,"Department of Correctional Services
(DCS)","supply and delivery of pershables- chicken,fish and giblets",doyte enterprice,"R 713,116.00",No contract,2025/02/02,Not stated,Not stated,Reported,
626,Q1 2025/26,2025/04/17,"Department of Correctional Services
(DCS)",supply and delivery of groceries-dry ration,kamosho holdings(pty)ltd,"R 908,330.00",No contract,2025/02/02,Not stated,Not stated,Reported,
627,Q1 2025/26,2025/04/17,"Department of Correctional Services
(DCS)","supply and delivery of pershables- beef forequarter,soya mince
&sugar beans",nhlamolo traders(pty)ltd,"R 903,675.00",No contract,2025/02/07,Not stated,Not stated,Reported,
628,Q1 2025/26,2025/04/17,"Department of Correctional Services
(DCS)",supply and delivery of groceries-grain products,azomila holdings,"R 548,320.00",No contract,2025/02/07,Not stated,Not stated,Reported,
629,Q1 2025/26,2025/04/17,"Department of Correctional Services
(DCS)",supply and delivery of groceries,dabulametsi trading(pty)ltd,"R 314,487.50",No contract,2025/02/07,Not stated,Not stated,Reported,
630,Q1 2025/26,2025/04/17,"Department of Correctional Services
(DCS)",supply and delivery of groceries-brown bread flour,ntoyi investment holdings,"R 930,000.00",No contract,2025/02/18,Not stated,Not stated,Reported,
631,Q1 2025/26,2025/04/17,"Department of Correctional Services
(DCS)",supply and delivery of perishables-fruit &vegetables,bkn distributors (pty)ltd,"R 938,256.00",No contract,2025/02/07,Not stated,Not stated,Reported,
632,Q1 2025/26,2025/04/17,"Department of Correctional Services
(DCS)",supply and delivery of cleaning material and toiletries,gladilus trading,"R 608,314.30",No contract,2025/02/12,Not stated,Not stated,Reported,
633,Q1 2025/26,2025/04/17,"Department of Correctional Services
(DCS)",supply and delivery of coal peas grade a,lso founded,"R 495,000.00",No contract,2025/02/11,Not stated,Not stated,Reported,
634,Q1 2025/26,2025/04/17,"Department of Correctional Services
(DCS)",supply and delivery of brown bread,komn partners,"R 791,280.00",No contract,2025/02/06,Not stated,Not stated,Reported,
635,Q1 2025/26,2025/04/17,"Department of Correctional Services
(DCS)",fish hake,atlepal trading & projects,"R 780,000.00",No contract,2025/01/22,Not stated,Not stated,Reported,
636,Q1 2025/26,2025/04/17,"Department of Correctional Services
(DCS)",chicken,kubutuco distribution,"R 778,840.00",No contract,2025/02/11,Not stated,Not stated,Reported,
637,Q1 2025/26,2025/04/17,"Department of Correctional Services
(DCS)",groceries,dimma holdings,"R 205,800.00",No contract,2025/02/11,Not stated,Not stated,Reported,
638,Q1 2025/26,2025/04/17,"Department of Correctional Services
(DCS)",groceries,st empire creatives,"R 18,500.00",No contract,2025/02/11,Not stated,Not stated,Reported,
639,Q1 2025/26,2025/04/17,"Department of Correctional Services
(DCS)",groceries,petronostra,"R 338,000.00",No contract,2025/02/11,Not stated,Not stated,Reported,
640,Q1 2025/26,2025/04/17,"Department of Correctional Services
(DCS)",fruits and vegetables,maggy & lebo projects,"R 438,135.00",No contract,2025/02/12,Not stated,Not stated,Reported,
641,Q1 2025/26,2025/04/17,"Department of Correctional Services
(DCS)",bread ingredients & bread plastics,lekgau 62 projects,"R 698,900.00",No contract,2025/02/24,Not stated,Not stated,Reported,
642,Q1 2025/26,2025/04/17,"Department of Correctional Services
(DCS)",beef forequarters,the famous corner fish and chips,"R 930,000.00",No contract,2025/02/25,Not stated,Not stated,Reported,
643,Q1 2025/26,2025/04/17,"Department of Correctional Services
(DCS)",coal peas,phaahla mmakadiwe trading and projects,"R 943,500.00",No contract,2025/02/26,Not stated,Not stated,Reported,
644,Q1 2025/26,2025/04/17,"Department of Correctional Services
(DCS)","emergency for supply, delivery and off-loading of maize meal",hrr investments,"R 88,200.00",No contract,2025/02/27,Not stated,Not stated,Reported,
645,Q1 2025/26,2025/04/17,"Department of Correctional Services
(DCS)",chicken halaal,ngwane capital trading,"R 999,200.00",No contract,2025/02/25,Not stated,Not stated,Reported,
646,Q1 2025/26,2025/04/17,"Department of Correctional Services
(DCS)",brown sugar,madubadube trading,"R 998,200.00",No contract,2025/02/27,Not stated,Not stated,Reported,
647,Q1 2025/26,2025/04/17,"Department of Correctional Services
(DCS)",beef halaal,lukie & family,"R 997,920.00",No contract,2025/02/26,Not stated,Not stated,Reported,
648,Q1 2025/26,2025/04/17,"Department of Correctional Services
(DCS)",bread external,dee connect,"R 999,703.00",No contract,2025/02/03,Not stated,Not stated,Reported,
649,Q1 2025/26,2025/04/17,"Department of Correctional Services
(DCS)",soup powder and oats,labrynth corporations,"R 998,380.00",No contract,2025/02/20,Not stated,Not stated,Reported,
650,Q1 2025/26,2025/04/17,"Department of Correctional Services
(DCS)","samp, maize rice",gaunet solution,"R 717,860.00",No contract,2025/02/25,Not stated,Not stated,Reported,
651,Q1 2025/26,2025/04/17,"Department of Correctional Services
(DCS)",maize meal,stc transport,"R 994,500.00",No contract,2025/02/26,Not stated,Not stated,Reported,
652,Q1 2025/26,2025/04/17,"Department of Correctional Services
(DCS)",special diet fruit,gladilus trading,"R 957,300.00",No contract,2025/02/25,Not stated,Not stated,Reported,
653,Q1 2025/26,2025/04/17,"Department of Correctional Services
(DCS)",fish,ndiphindulo,"R 981,120.00",No contract,2025/02/28,Not stated,Not stated,Reported,
654,Q1 2025/26,2025/04/17,"Department of Correctional Services
(DCS)",sugar beans,acrane solutions,"R 970,000.00",No contract,2025/02/20,Not stated,Not stated,Reported,
655,Q1 2025/26,2025/04/17,"Department of Correctional Services
(DCS)",bread external,kha zwi nake,"R 939,120.00",No contract,2025/02/19,Not stated,Not stated,Reported,
656,Q1 2025/26,2025/04/17,"Department of Correctional Services
(DCS)",chicken giblets,kgwerepa ya makgoshing trading,"R 120,400.00",No contract,2025/02/20,Not stated,Not stated,Reported,
657,Q1 2025/26,2025/04/17,"Department of Correctional Services
(DCS)",soya and dry beans,horizon corporate group,"R 152,800.00",No contract,2025/02/14,Not stated,Not stated,Reported,
658,Q1 2025/26,2025/04/17,"Department of Correctional Services
(DCS)",bread,corner circle consulting,"R 536,130.00",No contract,2025/02/20,Not stated,Not stated,Reported,
659,Q1 2025/26,2025/04/17,"Department of Correctional Services
(DCS)",supply and delivery of soya mince,diamond orchands,"R 998,000.00",No contract,2025/02/05,Not stated,Not stated,Reported,
660,Q1 2025/26,2025/04/17,"Department of Correctional Services
(DCS)",service and repair of standby generator odi cc,crocodiles electrical,"R 95,755.33",No contract,2025/02/13,Not stated,Not stated,Reported,
661,Q1 2025/26,2025/04/17,"Department of Correctional Services
(DCS)","repair of industrial uninterruptible power supply (ups) system
at c-max",moriana engineering,"R 152,932.75",No contract,2025/02/12,Not stated,Not stated,Reported,
662,Q1 2025/26,2025/04/17,"Department of Correctional Services
(DCS)",animal feed (lucerne pellets),cmk projects,"R 618,999.20",No contract,2025/02/27,Not stated,Not stated,Reported,
663,Q1 2025/26,2025/04/17,"Department of Correctional Services
(DCS)",animal feed (molasses),bakhatisho,"R 292,000.00",No contract,2025/02/27,Not stated,Not stated,Reported,
664,Q1 2025/26,2025/04/17,"Department of Correctional Services
(DCS)",animal feed (pig grower and creep),help way construction,"R 754,000.00",No contract,2025/02/19,Not stated,Not stated,Reported,
665,Q1 2025/26,2025/04/17,"Department of Correctional Services
(DCS)",fruits and vegetables,"on time source it and renovation
solutions","R 752,800.00",No contract,2025/02/20,Not stated,Not stated,Reported,
666,Q1 2025/26,2025/04/17,"Department of Correctional Services
(DCS)",bread,leejoy creation,"R 812,003.15",No contract,2025/02/18,Not stated,Not stated,Reported,
667,Q1 2025/26,2025/04/17,"Department of Correctional Services
(DCS)",groceries (maize meal),frasian distributors,"R 627,600.00",No contract,2025/02/25,Not stated,Not stated,Reported,
668,Q1 2025/26,2025/04/17,"Department of Correctional Services
(DCS)",groceries (brown sugar),bakgopa food supplies,"R 206,000.00",No contract,2025/02/20,Not stated,Not stated,Reported,
669,Q1 2025/26,2025/04/17,"Department of Correctional Services
(DCS)",groceries (various items),rams nthabie trading,"R 56,100.00",No contract,2025/02/26,Not stated,Not stated,Reported,
670,Q1 2025/26,2025/04/17,"Department of Correctional Services
(DCS)",groceries (various items),mundi logistics,"R 287,432.00",No contract,2025/02/26,Not stated,Not stated,Reported,
671,Q1 2025/26,2025/04/17,"Department of Correctional Services
(DCS)",service and repair freezer,langisa business enterprise,"R 36,808.20",No contract,2025/02/27,Not stated,Not stated,Reported,
672,Q1 2025/26,2025/04/17,"Department of Correctional Services
(DCS)",service and repair standby generator,dengacon,"R 64,503.60",No contract,2025/02/28,Not stated,Not stated,Reported,
673,Q1 2025/26,2025/04/17,"Department of Correctional Services
(DCS)",service and repair of the freezer medium a kitchen,kwaslango holdings,"R 46,892.01",No contract,2025/02/17,Not stated,Not stated,Reported,
674,Q1 2025/26,2025/04/17,"Department of Correctional Services
(DCS)",delivery of animal feed,condimpha trading,"R 301,950.00",No contract,2025/02/24,Not stated,Not stated,Reported,
675,Q1 2025/26,2025/04/17,"Department of Correctional Services
(DCS)",supply and delivery of chicken,gdepro general trading,"R 837,000.00",No contract,2025/02/27,Not stated,Not stated,Reported,
676,Q1 2025/26,2025/04/17,"Department of Correctional Services
(DCS)",supply and delivery of beef,versatile firm holdings,"R 907,200.00",No contract,2025/02/27,Not stated,Not stated,Reported,
677,Q1 2025/26,2025/04/17,"Department of Correctional Services
(DCS)",supply and delivery of fish,kdk matimba,"R 370,800.00",No contract,2025/02/27,Not stated,Not stated,Reported,
678,Q1 2025/26,2025/04/17,"Department of Correctional Services
(DCS)",service and repair of it aircon,kgr holdings,"R 6,888.50",No contract,2025/02/17,Not stated,Not stated,Reported,
679,Q1 2025/26,2025/04/17,"Department of Correctional Services
(DCS)",supply and delivery of chicken giblets,nexgen logistics,"R 134,190.00",No contract,2025/02/25,Not stated,Not stated,Reported,
680,Q1 2025/26,2025/04/17,"Department of Correctional Services
(DCS)",service and repair of pots,ledimo nogana consulting,"R 53,030.00",No contract,2025/02/20,Not stated,Not stated,Reported,
681,Q1 2025/26,2025/04/17,"Department of Correctional Services
(DCS)",service and repair of ford tractor,spingbok implements and supplies,"R 61,818.25",No contract,2025/02/20,Not stated,Not stated,Reported,
682,Q1 2025/26,2025/04/17,"Department of Correctional Services
(DCS)",supply and delivery of grocery,velocityvibe enterprise,"R 166,730.00",No contract,2025/02/21,Not stated,Not stated,Reported,
683,Q1 2025/26,2025/04/17,"Department of Correctional Services
(DCS)",supply and delivery of fruit and vegetables,cs 22 investments,"R 223,868.80",No contract,2025/02/25,Not stated,Not stated,Reported,
684,Q1 2025/26,2025/04/17,"Department of Correctional Services
(DCS)",supply and delivery of chicken giblets,alrinet,"R 49,482.00",No contract,2025/02/25,Not stated,Not stated,Reported,
685,Q1 2025/26,2025/04/17,"Department of Correctional Services
(DCS)",supply and delivery of fish (maasbanker),nandi foudz,"R 125,940.00",No contract,2025/02/25,Not stated,Not stated,Reported,
686,Q1 2025/26,2025/04/17,"Department of Correctional Services
(DCS)","bread brown, sliced, 700 grams",tasveer trading cc.,"R 829,500.00",No contract,2025/02/04,Not stated,Not stated,Reported,
687,Q1 2025/26,2025/04/17,"Department of Correctional Services
(DCS)",perishable provisions (poultry - chicken giblets),menzi gandaba (pty) ltd.,"R 319,900.00",No contract,2025/02/18,Not stated,Not stated,Reported,
688,Q1 2025/26,2025/04/17,"Department of Correctional Services
(DCS)",non-perishable provisions (sugar brown),benevolence investments (pty) ltd.,"R 480,000.00",No contract,2025/02/21,Not stated,Not stated,Reported,
689,Q1 2025/26,2025/04/17,"Department of Correctional Services
(DCS)","bread brown, sliced, 700 grams",bellz elite traders (pty) ltd.,"R 861,000.00",No contract,2025/02/17,Not stated,Not stated,Reported,
690,Q1 2025/26,2025/04/17,"Department of Correctional Services
(DCS)",perishable provisions (bread brown) (urgent/emergency),mozanas trading enterprises cc.,"R 95,200.00",No contract,2025/02/12,Not stated,Not stated,Reported,
691,Q1 2025/26,2025/04/17,"Department of Correctional Services
(DCS)",non-perishable provisions (sugar beans),sebenzukuhle trading & logistics cc.,"R 481,000.00",No contract,2025/02/21,Not stated,Not stated,Reported,
692,Q1 2025/26,2025/04/17,"Department of Correctional Services
(DCS)",perishable provisions (fruit & vegetables),phemba dobo 58 services (pty) ltd.,"R 889,000.00",No contract,2025/02/26,Not stated,Not stated,Reported,
693,Q1 2025/26,2025/04/17,"Department of Correctional Services
(DCS)",perishable provisions (bread brown) (urgent/emergency),mozanas trading enterprises cc.,"R 95,200.00",No contract,2025/02/14,Not stated,Not stated,Reported,
694,Q1 2025/26,2025/04/17,"Department of Correctional Services
(DCS)",perishable provisions (bread brown) (urgent/emergency),ligciniwe services (pty) ltd.,"R 98,400.00",No contract,2025/02/15,Not stated,Not stated,Reported,
695,Q1 2025/26,2025/04/17,"Department of Correctional Services
(DCS)",non-perishable provisions (maize meal) (urgent/emergency),ligciniwe services (pty) ltd.,"R 99,840.00",No contract,2025/02/18,Not stated,Not stated,Reported,
696,Q1 2025/26,2025/04/17,"Department of Correctional Services
(DCS)",perishable provisions (poultry - chicken) (urgent/emergency),ewe dobo construction (pty) ltd.,"R 98,560.00",No contract,2025/02/18,Not stated,Not stated,Reported,
697,Q1 2025/26,2025/04/17,"Department of Correctional Services
(DCS)",non-perishable provisions (samp),taluk traders (pty) ltd.,"R 210,000.00",No contract,2025/02/25,Not stated,Not stated,Reported,
698,Q1 2025/26,2025/04/17,"Department of Correctional Services
(DCS)",non-perishable provisions (maize meal),agela trading services cc.,"R 990,000.00",No contract,2025/02/26,Not stated,Not stated,Reported,
699,Q1 2025/26,2025/04/17,"Department of Correctional Services
(DCS)",perishable provisions (margarine),kamosho holdings (pty) ltd.,"R 779,000.00",No contract,2025/02/21,Not stated,Not stated,Reported,
700,Q1 2025/26,2025/04/17,"Department of Correctional Services
(DCS)",non-perishable provisions (milk powder),takeit wholesalers (pty) ltd.,"R 630,000.00",No contract,2025/02/25,Not stated,Not stated,Reported,
701,Q1 2025/26,2025/04/17,"Department of Correctional Services
(DCS)",beef meat,go squared,"R 873,600.00",No contract,2025/02/18,Not stated,Not stated,Reported,
702,Q1 2025/26,2025/04/17,"Department of Correctional Services
(DCS)",groceries,smartdome,"R 709,680.00",No contract,2025/02/20,Not stated,Not stated,Reported,
703,Q1 2025/26,2025/04/17,"Department of Correctional Services
(DCS)",chicken giblets,isaico general dealer,"R 579,800.00",No contract,2025/02/20,Not stated,Not stated,Reported,
704,Q1 2025/26,2025/04/17,"Department of Correctional Services
(DCS)",brown bread,eknoz conustruction &general supply,"R 419,300.00",No contract,2025/02/25,Not stated,Not stated,Reported,
705,Q1 2025/26,2025/04/17,"Department of Correctional Services
(DCS)",grocery,balgo nr solutions,"R 88,380.00",No contract,2025/02/27,Not stated,Not stated,Reported,
706,Q1 2025/26,2025/04/17,"Department of Correctional Services
(DCS)",grocery,phologo consultant,"R 37,500.00",No contract,2025/02/27,Not stated,Not stated,Reported,
707,Q1 2025/26,2025/04/17,"Department of Correctional Services
(DCS)",brown bread -estcourt,inzotha agrobiz,"R 196,075.00",No contract,2025/02/27,Not stated,Not stated,Reported,
708,Q1 2025/26,2025/04/17,"Department of Correctional Services
(DCS)","groceries maize meal, maltabella, mealie rice, dried beans, jam
mixed fruit, juice powder, cooking oil and samp)",anodembe projects and services,"R 861,551.70",No contract,2025/02/10,Not stated,Not stated,Reported,
709,Q1 2025/26,2025/04/17,"Department of Correctional Services
(DCS)","groceries maize meal, maltabella, mealie rice, dried beans, jam
mixed fruit, juice powder, cooking oil and samp)",emperalistic group,"R 861,551.70",No contract,2025/02/10,Not stated,Not stated,Reported,
710,Q1 2025/26,2025/04/17,"Department of Correctional Services
(DCS)",groceries (,ewe dobo construction,"R 563,419.95",No contract,2025/02/11,Not stated,Not stated,Reported,
711,Q1 2025/26,2025/04/17,"Department of Correctional Services
(DCS)",groceries (,yingista holdings,"R 563,419.95",No contract,2025/02/11,Not stated,Not stated,Reported,
712,Q1 2025/26,2025/04/17,"Department of Correctional Services
(DCS)",milk powder,nal wholesalers,"R 123,200.00",No contract,2025/02/11,Not stated,Not stated,Reported,
713,Q1 2025/26,2025/04/17,"Department of Correctional Services
(DCS)",brown bread,sibusiso holdings,"R 949,600.00",No contract,2025/02/11,Not stated,Not stated,Reported,
714,Q1 2025/26,2025/04/17,"Department of Correctional Services
(DCS)",vinegar,izwelami,"R 10,400.00",No contract,2025/02/17,Not stated,Not stated,Reported,
715,Q1 2025/26,2025/04/17,"Department of Correctional Services
(DCS)",chicken giblets,mmathole,"R 277,700.00",No contract,2025/02/13,Not stated,Not stated,Reported,
716,Q1 2025/26,2025/04/17,"Department of Correctional Services
(DCS)",bread,dorophiatrading,"R 674,870.00",No contract,2025/02/17,Not stated,Not stated,Reported,
717,Q1 2025/26,2025/04/17,"Department of Correctional Services
(DCS)",grocery (powder gravy soup and sugar beans),mashakhadzi,"R 249,840.00",No contract,2025/02/17,Not stated,Not stated,Reported,
718,Q1 2025/26,2025/04/17,"Department of Correctional Services
(DCS)",supply and delivery of fruit and vegetables,lusizo vegetables processing (pty) ltd,"R 944,017.90",No contract,2025/02/04,Not stated,Not stated,Reported,
719,Q1 2025/26,2025/04/17,"Department of Correctional Services
(DCS)",supply and delivery of maize meal,jr heights (pty) ltd,"R 928,800.00",No contract,2025/02/11,Not stated,Not stated,Reported,
720,Q1 2025/26,2025/04/17,"Department of Correctional Services
(DCS)",supply and delivery of brown bread,ndanasa and sons (pty)ltd,"R 981,845.00",No contract,2025/02/11,Not stated,Not stated,Reported,
721,Q1 2025/26,2025/04/17,"Department of Correctional Services
(DCS)",supply and delivery bakery ingridients,spectator supplies,"R 367,500.00",No contract,2025/02/14,Not stated,Not stated,Reported,
722,Q1 2025/26,2025/04/17,"Department of Correctional Services
(DCS)",supply and delivery bakery ingridients,phathina 10 projects,"R 24,000.00",No contract,2025/02/14,Not stated,Not stated,Reported,
723,Q1 2025/26,2025/04/17,"Department of Correctional Services
(DCS)",supply and delivery of samp and mealie rice,shibilika trading and projects,"R 137,000.00",No contract,2025/02/25,Not stated,Not stated,Reported,
724,Q1 2025/26,2025/04/17,"Department of Correctional Services
(DCS)",supply and delivery of samp and mealie rice,ksl services,"R 150,000.00",No contract,2025/02/25,Not stated,Not stated,Reported,
725,Q1 2025/26,2025/04/17,"Department of Correctional Services
(DCS)",supply and delivery of milk powder,nanak wholesalers,"R 508,500.00",No contract,2025/02/25,Not stated,Not stated,Reported,
726,Q1 2025/26,2025/04/17,"Department of Correctional Services
(DCS)",supply and delivery of sliced brown bread,bellz elite traders,"R 821,500.00",No contract,2025/02/25,Not stated,Not stated,Reported,
727,Q1 2025/26,2025/04/17,"Department of Correctional Services
(DCS)",chicken,wandeme distributors,"R 458,000.00",No contract,2025/02/20,Not stated,Not stated,Reported,
728,Q1 2025/26,2025/04/17,"Department of Correctional Services
(DCS)",brown bread,phill holdings,"R 797,500.00",No contract,2025/02/12,Not stated,Not stated,Reported,
729,Q1 2025/26,2025/04/17,"Department of Correctional Services
(DCS)",maize meal,traffic transport,"R 420,000.00",No contract,2025/02/20,Not stated,Not stated,Reported,
730,Q1 2025/26,2025/04/17,"Department of Correctional Services
(DCS)",cleaning material,traffic private security,"R 447,725.00",No contract,2025/02/04,2025/02/04,2025/05/03,Reported,
731,Q1 2025/26,2025/04/30,Eskom Holdings SOC Ltd,Product One,Product One Solutions (Pty) Ltd,"R 3,796,421.75",Implementation of Windchill,2025/06/04,2025/01/05,2025/07/31,Reported,
732,Q1 2025/26,2025/04/30,Special Investigating Unit (SIU),Excursion Fees to Robben Island Museum,Robben Island Museum,"R S o l e1 1s7ou,3r0ce0,. 0th0e",excursion can only be conducted by Robben Island Museum,in th2e0ir2 fa5c/0li4ti/e1s7.,Not stated,Not stated,Reported,
733,Q1 2025/26,2025/04/30,Special Investigating Unit (SIU),Fixing blocked toilet and plumbung work,"Acucap Investments (Pty) Ltd C/O
GrowthpointC Maasen aogf eEmmeenrtg Senercvyi,c efixsi n(Pgt ya) b
Ltd","lo Rc k e d t o il e t a n d p1lu6m,6b8i7n.g6 5w",ork. The service provider (Landlord) does not allow third partie,s to 2d0o 2a5n/y0 4w/2or9k in t,heir buildNinogt wstiathteodut their pe,rmissioNn.o t stated,,
734,Q1 2025/26,2025/04/30,Special Investigating Unit (SIU),Historical Tour and Tasting,Groot Constantia Wine Estate NPC,"R S i n g3l6e ,s0o0u0r.c0e0,",the historical tour and tasting is unique to Groot Constantia W,ine E2s0ta2t5e/ 0N4P/1C7,Not stated,Not stated,,
735,Q1 2025/26,2025/04/15,"National Home Builders Registration
Council (NHBRC)","SANAS Laboratory System ISO 17025 & Internal Auditing
Course",SANAS,"R 17,286.00",Impracticaly Impossible,2025/04/07,Not stated,Not stated,Reported,
736,Q1 2025/26,2025/05/05,Special Investigating Unit (SIU),Membership renewal,The Ethics Institute,"R 16,900.00","Single source, membership is unique to The Ethics Institute",2025/04/30,Not stated,Not stated,,
737,Q1 2025/26,2025/04/29,Department of Human Settlements (DHS),ACL Maintenance and Support Licences,Sur Tech Solutions,"R 152,117.38",Sole supplier,2025/04/25,2025/04/25,2027/04/24,Reported,
738,Q1 2025/26,2025/05/06,"Export Credit Insurance Corporation of
South Africa SOC Ltd (ECIC)",Short Term Incentive (STI) Scheme Workshop,21st Century Pay Solutions (Pty) Ltd,"R 42,607.50",Single source,2025/04/30,Not stated,Not stated,Reported,
739,Q1 2025/26,2025/05/06,"Export Credit Insurance Corporation of
South Africa SOC Ltd (ECIC)",Consolidating Su Wrv oe ry k sR he op po wrt itD ha Mta a a nn ad g eF mac ei nli ttating a SDtraanteiegl iTc o,bias Eksteen t/a Strategic Human Capital,"C oRn s u l t i n g 113,994.00",Single source,2025/05/02,Not stated,Not stated,Reported,
740,Q1 2025/26,2025/05/07,"Department of Cooperative Governance
(DCoG)","Procurement of enterprise products and services, EA
maintenance, International
User Conference's, Southern African User Enviro
Conference's and technical services for a
period of 36 months",nmental Systems Research Institute (Sout,"h ARf r i c a E S R 1I6 S,9o9u4th,0 A0f2ri.c6a2 i",s the sole authorised distributor of ESRI products and service,s with2i0n2 t5h/e0 c3o/1u8ntry.,2025/05/01,2028/04/30,Reported,
741,Q1 2025/26,2025/05/05,Eskom Holdings SOC Ltd,Supply and delivery oSf aofiul rbnucron eSrA s Ppatyr e(sLtd) is the ac,credited disStraifbuurtnocro i nS SAo (uPtthy )A Lfrtidca for the s,"u pRp l y o f t h e s e o i l9 b3u2r,n1e2r3 s.9p9a r",es. It is critical that OEM spares be used for the oil burner syst,em t2o 0e2n5s/u0r3e/ 2re7liabi,lity and c2o0m2p5l/i0an5c/0e1 to FFFR,(Fossil2 F0u2e5l/ 0F5ir/i0n1g Regu,lations) asR iet piso art eledvel 1 plan,t.
742,Q1 2025/26,"Tu2tu0k2a5 /u0n5it/s0 52,4 a",nd 5 are cEusrrkeonmtly H oopldeirnagtisn gS wOiCth LIDtd fan limita,"tionPse r(frournm o vuat rcioaupsa cpietyr)fo. r Tmhaen acpe na drat in 5ad .l lsotaedp ltoessstes sa ocrf obsest wueneitn 2 1, 040 M",W to S1a1m8MplWing a Srey setxepmesri eInntceernda etisopneaclially,"af tRer m a i n t e n a 1n4c,e1 2w6o,r4k2 c1a.7rr5ie",d out during planned and opportunity outages. These high pa,rtial l2o0s2s5e/s0 h2a/0v7e pro,mpted a 2n0e2e5d/ 0to4 /u1r1gently ca,rry out 2te0s2ts5 /a0r4e/ 3o0nload l,osses testsR; e npoo roteudtages are r,equired but delays can be experienced sho
743,Q1 2025/26Res,ervatio2n0s2 5w/0er5e/0 m5ade,"on time, hEoswkeovmer ,H hoaldviinnggs a S bOaCck L-ttod- back of U","nit 6, especiaPllyr owciuthre Umneitn 1t obf eBinogil ebrr jouubgilhete f ocrlawmarpds f.rom the origin","al date oBf u4k Ohocstoi bGelro b2a0l2 E4n ttoe r4p Arisperil 2025,","th Re f o c u s w a s o7n,5 U7n6i,t2 10 0M.0O0 t",o ensure that all the spares were made available and the Purc,hase2 R0e2q5u/0is4i/t1io4n (P,R) for Un2it 032 w5/a0s4 c/1re4ated on,21 Feb2ru0a2r5y/ 0240/2256. Base,d on the pRreevpioourtse drisks with,"procurement process, it is impractical that th"
744,Q1 2025/26,2025/05/05,Eskom Holdings SOC Ltd,Repair and supply Voith couplings.,VEoairtlhy Tdeulribvoe ry is critical. T,"he Rin v i t a t i o n o f c 1o,m00p6e,t7it2iv9e. 2b0id",s is impractical. The risk of production loss may materialize d,ue to2 d0e2l5a/y0e4d/1 r5epair,s and un2a0va2i5la/0b4il/it1y5 of these,spares2. 025/04/15,Reported,
745,Q1 2025/26,2025/05/05,Eskom Holdings SOC Ltd,Unit 6 turbine centre line bearings repair. O,n 15 DecVemalabredr B20e2a4ri nagns u (rPgteyn) tL stdituation a,"ro sRe a t M a t l a u n 1it, 968 t7u,r0b7in5e.8 l0in",e. The situation arose because of the high-pressure steam fa,ilure 2d0a2m5a/0g4in/g1 4the a,uxiliaries2 o0n2 5th/0e4 u/1n4it inclusiv,e of the2 0tu2r6b/i0n4e/ 1a3ctuator,s. Reported,
746,Q1 2025/26,2025/05/05,Eskom Holdings SOC Ltd Matla,"SPuopwpelry ,S dtaetliiovne rs, uinffsetraelld a annd HrePp lsatceea mal lp dipaem eaxgpeldo scioanb lewsh iacth u anfifte 6c t
where there HP reheat raptured at Matla Power Station.","ed infrastructure which include but is not l
Eskom Rotek Industries 2989","im Rit e d t o t h e f o6l3lo,w46in1g,3: 5 M9V.8 8T","ransformer x4 and associated cable, LV Transformer x 9 asso","ciated2 0c2a5b/l0e4s,/ 1A5ctuat","ors, Cab2le0 r2a5c/k0s4,/ 1L5ighting s",ystem a2n0d2 c6a/0b6li/n1g4 runnin,g throughR uenpito 6rt evdia cable ra,cks below the transformer bay platforms.
747,Q1 2025/26,2025/05/05,Eskom Holdings SOC Ltd,"Supply and delivery of 0502138 - Relay: Protection; 220;
220 VDC;17NO 34NC; 220, 0502195 - Relay: Protection; 220
VDC; 17NO 34NC; 220.",Scheider Electric South Africa,"R 1,012,093.73",OEM.,2025/04/14,2025/04/15,2025/09/30,Reported,
748,Q1 2025/26,2025/05/05,The Eevsakloumat iHono ldpirnogcse sSsO foCr Lthtde purpose,oEf pSlPac iinnsgp ae cnteiown manadin rteepnaainr caen ad 2n S .dO o3u tbaugren ecor nretrfaucrbt ifsohr mtheen Et SunPi'ts,at MLaetplao rPuonwge Cr oSntasttirounc thioans abnede nS cuopmplpylete,"d aRn d t h e e v a l u 6a,t2io9n7 r,e5p4o4r.t8 i9s","being circulated for signatures. However, Unit 2 MO is sched",uled 2fo0r2 M5/a0r4c/h1 52025,and the 2m0e2n5t/i0o4n/e1d5 contract,is not e2x0p2e5c/0te8d/2 to9 be in,place by thReenp. o Trtehdus the urg,ent order must be used to ensure that unit 2
749,Q1 2025/26,2025/05/05,Eskom Holdings SOC Ltd,Supply and delivery oTf Cheo oslpinagre Tso awreer n sepeadreeds. for Coolin,"g Towers 1 toS 6ib, athnei LWogaitsetri cTsreatment Plan","t, RC h e m i c a l S e1r3v,i2c2e5s, 7an2d9 .S56u",lphur Plant Units 1 to 6. These spares are not part of the regu,lar st2o0c2k 5a/n0d4 /a1r7e req,uired du2e0 to2 5re/0c4e/n1t7 modifica,tions an2d0 2E5n/1g2in/1ee5ring re,commendRateiopnosrt efodr other pla,nts.
750,Q1 2025/26,2025/05/05,Eskom Holdings SOC Ltd,Supply and delivery oSf aofiul rbnucron eSrA s Ppatyr e(sL.td) is the acc,redited disStraibfuurtnocr oin S SAo (uPthty A) Lfrtidca for the s,"up Rpl y o f t h e s e o i l b7u1r0n,4e1r 2s.p5a0r",es. It is critical that OEM spares be used for the oil burner sys,tem t2o0 e2n5s/0u4re/0 r1eliabi,lity and c2o0m2p5l/i0a5n/c0e1 to FFFR,(Fossi2l 0F2u5e/l 0F5ir/0in1g Regu,lations) asR iet piso rate ledvel 1 plan,t.
751,Q1 2025/26,2025/05/05,Eskom Holdings SOC Ltd,"ManufTahcteurree h, ianvseta blle aennd s coommem diesfseicotnsi n&g f aoifl u6r0eksv eAx UpePrSie.nced",on this UPS wKhoipcahn wai lPl powute trhe entire Stati,"on R a t r i s k o f m u l3ti,p8l8e 1U,3n2it4 t.r1ip8s",(MUT). During the previous incident (16 July 2024) the UPS,swit2ch0e2d5 /o0f4f /w17hen t,he fuse is2o0la2t5o/r0 o4n/1 t7he batter,"ies was2 s0w25itc/0h8e/d3 1off, res",ulting in thRe elopsosrt eodf Station e,ssential control supplies.
ithi7n5 a2 ve,ry shQo1rt 2p0e2ri5o/d2.6 Cu,mula2tiv0e2 5ra/0in5f/a0l5l for th,e past 4 dEasykso mis 1H4o0ldminmg.s TShOeC r aLitndw ater floo,ded the storm watTerr adnrsafionrsm wehr iochil sflpuisllh celdea tnh-eu opi.l spillage that was,reportedD tori zhiat vSep oillc Tcuercrhendo flroogmie usnit 2 MO,"T tRan k . O n t h e2 m5,o0r7n1in,7g8 o1f. 365","March 2025, traces of oil combined with coal residue from the",coal s2t0o2c5k/y0a4rd/1 c4oncr,ete chan2n0e2l 5w/a0s4 /o1b4served a,"round t2h0e2 O5i/l0 g4r/i2t 2plant, n",eighbourinRge peonrvteirdonment an,d downstream to the low level dam. The pl
753,Q1 2025/26,2025/05/05,Eskom Holdings SOC Ltd,"Supply and refurbishment of the Turbine Moog servo valves for
the period of five years at Grootvlei Power Station.",Customizes Motion Controls (Pty) Ltd,"R 21,502,941.50",OEM.,2025/04/18,2025/05/02,2030/05/01,Reported,
754,Q1 2025/26,2025/05/0W5ellan,d and TuxEhsokronm a sH tohled ipnagtse nStO aCnd L itndt ellectual,"General service and overhaul of boiler spray water valves and
protu rpureb nritnnyie nh gfoe lmeddea riw nha taetevnrea c nao cpn ept roaoinnl dtve a odl pv Kpe ous r loktuon nn u iit n yS i mtA 1 a(-Pi6 nt tyd e)u n Lr aiin nmg ci etoe u fdot raa g tshe tesh ,e ir
period of five (5) years.","local agent for the provision of spares and
Kulkoni SA (Pty) Ltd","a sR t h e a c c r e d 5ite9d,2 a8n5d,7 t1ra5i.n6e3d",service provider for the refurbishment of their valves in the S,outh 2A0fr2ic5a/n0 4p/o1w5er g,eneration2 0m2a5r/k0e4t./ 1 W5elland,and Tux2h0o3r0n/ 0th4e/1re4fore ho,lds the coRpyerpigohrttesd and drawi,"ngs, which they only share locally with their"
755,Q1 2025/26,2025/05/05,Eskom Holdings SOC Ltd,GE-DCS Administration services.,GE Power Services,"R M e d 1u4p8i ,P4o7w2,e8r2 S9t.a2t1io","n GE Distributed Control System (DCS), CONTROSTEAM a",nd P322002 5A/V0R4/.1 9OEM,. 2025/04/17,2028/04/16,Reported,
ine7r5a6lized,waQte1r s2t0o2ra5g/2e6 tan,k will f2o0ll2o5w/ 0a5 l/i0k5e-for-l,"ike approEacshk,o ums iHngol ddientgasile SdO dCe sLigtdn drawing",s and Rseppelcaifcicea tthioen cso tlhlaapt s Treeredpa lDitcmeam eteni n tt h PSel atoo nrritag.ginea tla tnakn k1’ sa td Wesaigtenr. All n,"ecessarOy rednaginineede Trirnagd idnogc u(Pmtye)n Ltstd, includin","g Rin s t a l l a t i o n a3n4d,8 f7a3b,r8ic4a2ti.o3n3","drawings, have been prepared to ensure that the contractor ca",n exe2c0u2t5e/ 0th4e/1 r7eplac,ement in2 a0c2c5o/0rd4a/1n7ce with th,e origin2a0l2 d5e/0si8g/n2.9 This,will allow foRr eap soertaemdless repla,"cement process, ensuring that the new tan"
757,Q1 2025/26,2025/05/05,Eskom Holdings SOC Ltd,Supply and delivery of rapture disks.,Bilfinger Intervalve Africa (Pty) Ltd,"R C u r r e n t l y w4,e2 h3a5v,0e8 l9o.w2 5s",tock of the items relating to these rapture disks. There is a ne,ed fo2r 0th2e5 /it0e4m/1s8 urge,ntly. 2025/04/18,2025/05/09,Reported,
758,Q1 2025/26,2025/05/05,Eskom Holdings SOC Ltd,Supply and delivery of Fuel: Furnace Oil; Bulk.,The situation aroRseef ianse xa result of fuel oil t,"h aRt i s c o n s id e 9re3d,4 9st5ra,0te0g0i.c0 0b",ecause it is essential in power generation related activities. Th,e co2n0ti2n5u/e0d4 a/0n2d reli,ability of 2fu0e2l5 i/s0 4cr/0iti9cal to He,ndrina 2P0o2w5e/r0 S6/t3a0tion.,Reported,
fail7u5re9s o,"n itsQ d1r iv2e0s2,5 p/2a6rticu",larly t2h0e2 b5u/0c5ke/0t 5eleva,"tors, the dEusskt otrman Hsofeldrsin agnsd S tOheC b Lutcdk et distrib","Urgent Procurement request for the strip, assess and
urtieofnu rgbeisahrbmoexnets o wf hUinchit 1h,a2s acnodn t3ri bDuutsetd H toa nthdeli npga ratinadl lCoaoda ll oPslasenst .
gearboxes.","The unavailability and the poor reliability
Ratamang Engineering","of tRh e D u s t h a n2d8li,n6g9 3P,4la7n5t .g8e9",arboxes has contributed to non-compliance to the CAPCO limi,t as a2 r0e2s5u/l0t 4o/f0 o3pera,ting units2 w02it5h/ 0h4ig/0h4 dust emi,ssions 2d0u2e6 t/o0 4u/n0a3vailabil,ity of the dRuespt ohratenddling plant,and its inability to constantly remove fly as
760,Q1 2025/26,2025/05/05,Eskom Holdings SOC Ltd,Supply and deliver 2 200 000 L of dOiens 2e lA Dp5ri0l .2025 an u,rgent situation arPoester oa tS AArnot Power Statio,"n .R A d d it i o n a l d5i2e,s6e2l5 lo,1a5d0s. 0w0e",re required as Fuel oil levels were depleted. This is to ensure,that 2U0n2it5s/ 0a4re/0 f4ully c,omplime2n0te2d5 /a0s4 t/h1e7 Station,experie2n0c2e6s/ 1a 0h/i1g6h num,ber of PlanRt efapilourrteesd.,
761,Q1 2025/26,M2a0ti2m5b/0a5 P/0o5wer S,tation is inE sthkeo mpr oHcoeldssin ogfs p SlaOcCin gL tad 5-year sp,ares contraScut wpphliyc ha nisd adnetliicvieprayt eodf Cto& bI eC friintiaclaizl esdp abrye sth. e end of N,"ovember 2H0y2t5ec, aSllo Cut&hI Aspfraicrae s( RcoFn)tracts are","i nR s t e p 4 Q S s 5ta,g5e8 5fo,9r 2p7ri.c4e6",Escalation in the formal procurement information. There are c,urren2t0ly2 n5o/0 s4p/1a1res a,vailable a2t0 t2h5e /s0t4o/r1e5s and mo,st of th2e0 s2t5oc/0k4 i/t1e5ms are,at zero levReel panordt efadilure of th,e components in the plant may result in unn
n to7 6s2hut,dowQn 1e a2r0li2er5 /w2a6s af,ter th2e0 lo2s5s/0 o5f/ 0u5nit wh,ile unit 1 wEsakso omn Hcoolldd irnegsse rSvOe.C T Lhted dust han,"dling anSdt rCipo,a al s psaensst o&n raelflu trhbrieseh ugneiatsr bhoaxs/r boet eanb lee xsppearrieens.cing bre",akdowSnisy awnitdha a Ebnngoirnmeaelr ifnagilu (rPetsy )o Lnt dits driv,"es ,R p a r t i c u l a r l y 3 t2h,e8 b4u5c,4k8e7t .e0l4e","vators, the dust transfers and the bunker distribution gearboxe",s wh2ic0h2 h5a/0s4 c/0o3ntribu,ted to hig2h0 2p5a/r0ti4a/l0 l3oad losse,s. The2 u0n2a6v/0a2il/a0b3ility an,d the poorR reepliaobrtielidty if the Du,st Handling plant gearboxes has contribute
763,Q1 2025/26,2025/05/05,Eskom Holdings SOC Ltd On 9 Ma,rcShu 2p0p2ly5 aannd u dregleivnet rsyi toufa Ttiorunc akr: oS Bstelo . bact aHt eSn1d7r5in aS kPido wSeter eSrt aLtoioand.e rT;,h e situation Saruosshew aasn aa (rPestyu)l tL otdf the release,"o fR fu n d s t o p r o c4u,0re5 5a,s3s0e2ts.5, 0a",dditionally the equipment required is crucial for chemical servi,ces d2e0p2a5r/t0m4e/n1t7 to m,eet the s2u0rv2e5il/l0a4n/c1e7 require,"ments, m20a2in5t/a0in4 /h3i0gh qua",lity standaRrdesp oarntded to control,and monitor chemistry processes efficiency.
764,Q1 2025/26,2025/05/05,Eskom Holdings SOC Ltd,PowerS ouipl ppulym apnsd adreel iuvseeryd osfu Opipl lpyu omil pto s tphaer eEsS.V’s and gov,ernor vKahlveetsh esledrav oT rmaodtionrgs &fo Pr rthoeje cotpsening,"an Rd c l o s i n g o f 1th4e,6se2 1v,a3l2v9es.0. 5",Unavailability or poor performance of power oil pumps will cau,se th2es0e2 5v/a0l4ve/2s4 to cl,ose or no2t 0c2o5n/t0ro4l/ 2p4roperly a,nd cut t2h0e2 s5te/1a1m/2 s8upply t,o the TurbRineep oarntedd this will ca,use a unit trip or a load loss.
765,Q1 2025/26,T2h0e2 f5u/e0l5 o/0il5 burn,er spares Earsek ohmig hHlyo lsdpinegcsia SlisOeCd iLnt dd esign an,d manufactuSrinugp.p lTy haen dO dEeMli vaenrdy othf eo isl oblue rangeer nstp haaress p.roprietary ri,ghts on theSsaef ucronmcpo oSnAe n(Ptst ya)n Ldt drequesting,"su Rp p l y a n d r e f u r b 2is9h9m,9e2n3t. 1o1f",the fuel oil burner spares from other suppliers puts the plant at,risk 2o0f 2p5a/r0ti4a/l1 lo5ad l,"oss, plant2 d0a2m5/a0g4e/1s5 and safe",ty of pla2n0t2 a5n/0d5 p/1e5rsonne,l. As the sRoleep aogrteendt for the O,EM it will be beneficiary to have Safurnco (
ear7s6 w6hic,h haQs1 a 2ls0o2 a5f/f2e6cted,the m2i0ll2 m5/a0i5n/ 0d5rive g,earboxes Elesakdoinmg Htoo lfdreinqguse nStO faCil uLrteds to a poi,nt thaMt tahneurefa icst unroew a nnod sspuaprpel ym 6il lx g meailrl bmoaxi na vdariilvaeb lgee. a Trbhoisx ehsa.s not,only negativAedlyla imm pEancgteinde ethrien gperformance,"o fR th e m il l i n g p1l9a,n9t4 b3u,4t 8a6ls.o8 8s",everely impacts the technical performance of the Power Statio,n as 2a0 w2h5o/0le4 /a1n7d lea,ds to tak2in0g2 5g/e0a4r/b1o7xes from,other u2n0it2s5 d/0u9e/ 1to3 break,downs for Ruseep oartt ethde mills wh,ere gearbox failures have occurred. It is the
ule7s 6e7tc.,TrekQ S1c 2a0le2 5is/ 2th6e o,nly co2m0p2a5n/0y5 i/n0 5South,Africa thaEts ikso amu tHhoorlidziendg sto S dOisCtr iLbtudt e and ma,"The provision of scheduled maintenance and breakdown
inatattienn tdhaen scyes tfeomr t.h eT hfoeuyr hcaovael wreecigehivberdid tgraeisn i(ningc flurodme sMtreutctlteurr Talo, le
electrical, hardware, control, and software) and spares on as an
when required at Grootvlei Power station for 60 months.","do to support the system. They are also S
Trek Scale (Pty) Ltd","AN RA S a p p r o v e d7 ,a6n8d4 i,s3s7u4e.7 v5a",lid calibration certificates. The installed weighbridges are use,d for2 c0o2a5l /a0n3d/2 o5il su,pply paym20en2t5 a/0s5 w/0e1ll as the,"coal acc2o0u3n0t/i0n4g/ 3p0rocess,",thus theirR aecpcourrtaecdy is of utm,ost importance. Procuring services from an
768,Q1 2025/26,2025/05/05,Eskom Holdings SOC Ltd St,ator coolant pumSpsu paprely u osfe Sdt afotor rc Coooloinlagn tth peu Gmepnse.rator stator to pr,event oveKrhSeBa tPinugm inp st haen dG eVnaelvreastor. Unav,"ail aRb il i t y o f t h e s e3 ,p7u9m9,p4s7 4w.i9ll3 c",ause the stator temperature to go high and eventually lead to,a uni2t 0tr2ip5. / 0C4u/2rr4ently,unit 1 A 2s0ta2t5o/r0 c4o/o2l4ant pump,is run2n0in2g5 w/1i1th/2 v8ery hig,h vibrationRse apnodrt ecadn fail at a,"ny time, and this will lead to a unit trip."
hat 7th6e9re a,re nQo 1lo 2n0g2e5r /a2n6y s,pare m20ill2 p5i/n0i5o/n0s5 avail,"able. In aEdsdkitoiomn ,H thoeldrien garse S oOthCe rL mtdi lls which",need to be Rreepfauirrbeids hamnde nwt hoifc 4h xn emeidll inthge spela pnitn pioinniso ntos .return to se,rvice. The d Semteainnmd ufoller rp iAniforincsa has also be,"e nR e x a c e r b a t e d 4 b,9y3 h6i,g2h0 4vi.b8r0a",tions on the drive trains as a result of worn girth gears which n,eed 2to0 2b5e /r0e4p/1la7ced.,Due to th2e0 2c5ri/t0ic4a/l1it7y of thes,"e spare2s0, a2 5re/0q6u/e2s5t has b",een madeR teop inoirttieadte the urge,nt procurement process to procure the repa
770,Q1 2025/26,2025/05/05,"EFsrokomm a Hboouldt i1n6g sF SebOrCua Lrytd 2 025, an",urgent situation aroTuesceh naitc Mala ajudbvais oProyw seerr vSictaetsio.n. The situation a,rouse as Ka erpescuo ltKsP hSig Sh opuatrht iaAlf rliocaad losses,"ex pRe r i e n c e d i n a4l,l0 U4n3i,t1s0 a2s. 5w5e",ll as high frequency of boiler tube leaks. This resulted in Maju,ba n2o0t 2b5e/i0n4g/ 1a1ble to,generate2 0p2o5w/0e4r /a1s7 per requ,ired ca2p0a2c5ity/0. 4 T/1h6e Stati,on neededR peepooprltee dwith skills,sets to evaluate what could be the challeng
771,Q1 2025/26,2025/05/05,Eskom Holdings SOC Ltd,Repair x17 VD4 breakers.,ABB South Africa (Pty) Ltd,"R 960,458.81",OEM.,2025/04/24,2025/04/24,2025/05/30,Reported,
772,Q1 2025/26,2025/05/05,ESskinocme Hthoel daipnpgrso SvaOl Cof Lthtde Sole sou,rce supplier for PVeaaknidnegr kHloyodfr oC aonndtr oPl uUmppgeradd Set.orage control and,instrumentA unpdgrirtazd Heysd aron dG immbpHlementation,"o fR th e s t r a t e g y 3, 1D,2P1S7S,9, 2P3P.S00S",and Gariep Hydro Power Station have already been successf,ully u2p0g2r5a/d0e4d/1 w5ith th,"e same e2q0u2i5p/m04e/n1t7, VDK is",the fina2l 0S3ta0t/i0o4n/ 1a6waiting,upgradesR ine pthoert ePdeaking fle,et with similar generating technology as the
n u7r7g3ent,issuQe 1e m20e2rg5e/2d6 at H,endri2n0a2 P5o/0w5e/0r 5Statio,n due to tEhesk aobms eHnocled ionfg sse SrvOicCe cLotdn tract for r,efurbishmenRt eoffu drubcisthinmg eanntd o fd daumcptienrgs adnudri n dgu tmhep eorust.age. The st,andardQ pureonccuhre Mmaennat gperomceensts S taekrveisc easpproxi,"m aRte l y 9 0 d a y s .7 ,M89a9k,i2n1g2 im.0p0r",actical to secure a contract in time to prevent the outage form,proce2e0d2i5n/g0 4w/i2th2out t,he neces2s0a2ry5 /s0e1r/v1i1ce. Any,delays i2n0 e2x5e/0cu6t/i1o4n will i,mpact the pRreopjeocrtt esdcope exten,d the outage duration and jeopardize produ
M7a7rc4h 2,025 Qan1 u2r0g2e5n/t2 s6itua,tion a2r0o2se5 /a0t5 D/0u5vha P,ower StaEtiosnk.o mT hHeo slditiunagtsio Sn OaCro sLetd a s a resul,"t oOf pcoenratitninuge oda n ns-dete rc rvl rie aca cen esi n sfog yrs ootefp moevr,e aartnilna dgn d tah nc eod cn ocv alee l ay sontarins it,gh t ehosef . tbhoeo cmoa, lt hpela n",t areE sstikllo rmeq Ruoirteedk aInt dDuusvtrhieas P SoOwCer LSttdation,". TRh e r e q u e s t 2fo7r, 7u8rg7e,6n2t 3p.r0o6c",urement if that the Station is in the process of finalizing the lon,g-ter2m0 2c5on/0tr4a/2ct4 for t,he same 2s0e2rv5ic/0e4s/.2 4With the,current2 li0m2i5ta/0ti5o/n3s1 of reso,urces in thRee pporortceudrement de,"partment, progress is taking longer than ex"
775,Q1 2025/26,2025/0O5/n0 58 Jan,"uary 2025E, sAkWomR HPoulmdipnhgosu SsOe Cw aLst dfl ooded d","ue tCoo all eccrat,c skt rtihpa, ta dsesveeslso,p reedp aoMinr, o tt the oes rs tA .aWndR d peulimvepr EdiFsPch aanrgde A mWaRn ifo",ld. ThTeo emxccoe sEsl Eievc net g rlieic naa ekl e &lrei ndM g teoc shuamnipca pl ump,"be Rin g u n a b l e t o 6 c,o0p1e9 ,m53a9k.i8n8g",the water level in the pump house rise at a fast rate. On 11 Ja,"nuar2y0 22052/054, /U0n8it 3",EFP Moto2r0 f2a5il/e0d4 /a0n8d the sch,eduled2 l0ig2h5t/-0u4p/ 3p0rocess,had to be Rabeapnodrtoended as the,re was one EFP Motor for the Unit light-up
776,Q1 2025/26,2025/05/05,Eskom Holdings SOC Ltd,"DHP high level probes, cubicle cable panels replacement.",Lobi Multi Holdings,"R D C9S,8 5sy3s,5te5m2. 4is8 r",equired together with cubicle panels cables replacement on th,e dry2 0d2u5s/t0 p4la/2n4t.,2025/06/30,2025/06/30,Reported,
777,Q1 2025/26,2025/05/05,Eskom Holdings SOC Ltd,Supply of reTfhuerb tirsiph e Mbdleo T dcrkui p pfo iB rP luo onc wkite (4r2 Sw o taaffst) i ofbo nor .r Uronwite 4d Rtoe acnoovtehreyr a ut n,it dGueen etor afal iElulerec.t r iAc nS oteradmer Pwoaws eprl a(Pcetyd) fLotrd th,"e Rne w t r i p b l o c k1 a,9n9d6 t,h1e1 0d.e2l0iv",ery is expected in October 2025. General Electric Steam Pow,er Se2r0v2ic5e/0s 4h/a2s3 stoc,k of refur2b0is2h5e/0d4 t/r2ip5 block th,at are o2f0 s2a5m/0e5 s/2p5ecificat,ions as MeRdeuppoi ratevdailable for,collection in Germany.
ten7d7e8r M,WPQ2417 230D2X5 /w26as is,sued2 b0y2 G5/a0u5t/e0n5g clu,ster on 15E Mskaormch H 2o0l2d4in agnsd S cOloCs eLdtd o n 08 Apr,"The manufacturing and supply of smart meters for various
il 202w4a.r Tehhoeu rseessu lwt oitfh tihne L pimrelaqnugaali fCiclautsiotenr w oavse rd ae epmereiodd a o tfh 1o2ro ugh
months with staggered deliveries","Landis and Gyr (Pty) Ltd
analysisM oafs ttheec hm Garekneet,r aaln Tdr ait dsihnogwed that","R 294,837,853.60
there is limited competition a",nd only a few prospective suppliers are able to supply the req,"uired2 g0o2o5d/0s,4 w/0o4rks a",nd servic2e0s2. T5/h0e4 o/1r4iginal app,roval v2a0lu2e6 /w0e4r/e1 3for two,"contracts,Rtheep toorttaeld original va",lues per individual contract are stipulated a
779,Q1 2025/26,2025/05/0K7onica,MinNoalttaio insa tlh Dee svueplopplimere onft tAheg epnrcinyt e(NrsD aAn)d th,ey pRoeslsoecsasti othne o nf ePcreinstsearsry f reoxmpe HrtOis eto a GndP kPnroowvilnecdigael noef wth oefirfi ceequip,ment. TKhoenyi caare M binesotl tpa laScoeudth t oA hfraicnad le the,"eq uRip m e n t a n d a l s o 2co,0n9fi0g.u7r7e",it on behalf of the NDA. The printer cannot be removed by an,"y oth2e0r 2s5u/p0p4li/e2r9, as",once it is 2d0a2m5a/0g5e/d0 2the suppl,ier or th2e0 2o5ff/i0ci5a/l1s1 who re,moved thaRt epprionrtteerd will be lia,ble for the payment of the printer price. This
780,Q1 2025/26,2025/05/07,Special Investigating Unit (SIU),"6th Special Edition Non-Compliance Audit Symposium training
to be attended by for three SCM members at DAuurdbita Rn ofruonmd 0T8a-bl
09 May 2025",e (Pty) LAtudd hita Rveo upnredv Tioaubslely (cPotyn)d Lutcdted sim,"ila rR a u d i t s n o n - c o m 3p1li,a0n4c6e. 5tr5a",ining for organizations and attending the Special Edition Non,-com2p0li2a5n/c0e4 t/r2a9ining,"ensures2 c0o2n5s/i0s5te/0n8cy, comp",arability2 0a2n5d/ 0e5ff/i0ci9ency in,audit outcRoempeosrt.ed,
781,Q1 2025/26,2025/05/07,Special Investigating Unit (SIU),"Renewal of renewal of the existing Open Text Software
Licenses for a period of a year.",Axiz (Pty) Ltd,"R R e n e w a l 1o6f 9re,9n2e6w.a3l0 o",f the existing Open Text Software Licenses for a period of a y,ear. (2 S0i2n5g/l0e4 S/2o2urce,) Not stated,Not stated,Reported,
782,Q1 2025/26,2025/05/08,Legal Aid South Africa,"Deviation from a normal procurement process and to enter into
a short-term lease agreement for the Upington Local Office","Rayvern Trust o.b.o Gnesin & Marais
Properties CC","R 194,040.00",Closed bidding process,2025/04/14,2025/05/01,2025/10/31,Reported,
783,Q1 2025/26,2025/05/08,Legal Aid South Africa,Supply and Delivery of Diesel at National Office,SA Fuel and Lubricants,"R 23,028.00",Emergency,2025/05/05,2025/05/05,2025/05/05,Reported,
784,Q1 2025/26,2025/05/08,Legal Aid South Africa,Water leak at Emalahleni LO,Davistos Trading,"R 27,140.00",Emergency,2025/04/11,2025/04/11,2025/04/11,Reported,
785,Q1 2025/26,2025/05/08,Legal Aid South Africa,Replacement of UPS Batteries at National Office Server room,Mohale Road Maintenance and Projects,"R 77,487.00",Emergency,2025/04/29,2025/05/07,2025/05/07,Reported,
786,Q1 2025/26,2025/05/08,Legal Aid South Africa,PressReader Subscription,Calandria 159 t/a NeswpaperDirect SA,"R 619,900.00",Sole service Provider,2025/04/16,2025/06/01,2027/04/30,Reported,
pro7c8e7ss,was Qfo1ll o2w0e2d5 /t2o6 app,oint T2h0e2 5In/0st5it/u0t8e of D,irectorSs pSeocuiathl IAnfvreicsat igasa ttihneg eUxncilti s(SivIeU c)ustodi,"Request to appoint the Institute of Directors, South Africa as the
aSnIs Uaen r Evdi x creee cc upotrgio vnv eii zd Cee odr m tso mo pleitr topev erio d mveid ec meorr b poeofr rtsha aete n K dgi onCvgoe Crr pnooadrneacste e o t Gfr aGoi vnoeivn rengra nf noar cn ec
Committee non-executive members",e. TThhee aInusthtitourtieta otifv( eD Io iaDrenScdAt ow)risd eSloyu athd oApftreicda f ra,"m eRw o r k f o r c o r p o 2ra4t7e, 5g6o7ve.4rn0","ance in South Africa. The King IV Report, the latest version, is",not o2n0ly2 5e/n0d4o/2rs5ed b,"y the IoDSNAo,t bsutat ttehde Institute",is also Nthoet osntalyte ldegally a,nd professRioenpaolrlyte rdecognized,body authorized to provide official King Co
788,Q1 2025/26,2025/05/08,Special Investigating Unit (SIU),Commonwealth Conference 2025,"The Westin Cape STionwgnle (SPotyu)r cLetd, the","co mRm o n w e a l t h l e a8d5e2r,s6h3i0p. 4ch0","ose, The Westin Cape Town (Pty) Ltd and therefore, SIU mem",bers2 m02u5st/ 0jo4i/n2 4the d,elegates aNt otht es tsaatemde venue.,Not stated,Reported,
789,Q1 2025/26,2025/05/12,Special Investigating Unit (SIU),Request for SADC membership,South Ce orn m A mfr uic na itn y D (Se Av DeIl Cto ip )sm imenptr actica,"l tRo i n v i t e c o m p e t i t5iv5e, 3b5id0s.9 f0or",SADC membership as the membership is unique to Souther,n Afri2ca0n2 5D/0e4ve/2lo9pme,nt CommNunoitt ys t(aSteAdDC).,Not stated,Reported,
790,Q1 2025/26,2025/05/13,Public Protector South Africa,In Transit Security Services,Prime African (Pty) Ltd,"R 656,153.53E",mergency case resulting from life threat to one of PPSA officia,ls 2024/02/05,2024/02/05,2024/07/31,Reported,
791,Q1 2025/26,2025/05/13,Public Protector South Africa,Training Fraud examiners,"Anti-Fraud Risk Investigations and
Compliance Academy","R 1,674,400.00",A sole provider,2025/02/21,Not stated,Not stated,Reported,
792,Q1 2025/26,2025/05/14,"South African Social Security Agency
(SASSA)",Maintenance and Repair,"NDyaewviaa tHioonl,d Einmgse rgency case","as R p e r S C M d e l e g a t9io,0n0 30..2000",approval for deviation for normal bidsOpening the digital safe,so the2 0o2ff5ic/0e 5c/a0n7 acc,ess to vehNicolte s ktaetyesd for client,serviceNs.ot stated,Reported,
793,Q1 2025/26,2025/05/15,Special Investigating Unit (SIU),Request for ACFE membership,Assoc Si oa utio thn Ao ff r iC cae nrt Ii Ctf iie hsd a i mpF trpea rru a(dcA tCEicx Faa El mt)o.i ninevriste,"c Rom p e t i t i v e b i d s f5o9r ,A0C00F.E0 0m",embership as the membership is single source to Association,of C2e0rt2if5ie/0d5 F/1ra3ud E,xaminersN Sootu sttha tAefdrican (AC,FE). Not stated,Reported,
794,Q1 2025/26,2025/05/16,"South African Social Security Agency
(SASSA)",Emergency repair of roof and ceiling,Ratanang Trading,"R 55,085.00E",mergency repair of roof and ceiling at Jagersfontein Local offi,ce 2025/05/06,2025/05/06,2025/05/06,Reported,
795,Q1 2025/26,2025/05/14,"Companies and Intellectual Property
Commission (CIPC)",IP System software licenses and maintenance support,Sword South Africa,"R 64,499,176.00",Sole source,2025/05/13,Not stated,Not stated,Reported,
796,Q1 2025/26,2025/04/30,Denel,Product One,Product One Solutions (Pty) Ltd,"R 3,796,421.75",Implementation of Windchill,2025/04/16,2025/01/05,2025/07/31,Reported,
797,Q1 2025/26,2025/05/21,"South African Forestry Company SOC
Limited (SAFCOL)","The supply of electronic communications facilities leasing on
SENTECH SOC Ltd owned high site towers.",Sentech SOC Ltd,"R 3,792,248.46",Sole source,2025/03/31,2025/04/01,2028/03/31,Reported,
The7 c9a8ll c,enterQ i1s c2u0r2r5en/2tl6y de,signe2d0 2to5 h/0a5n/d2l0e a m,aximum oEf s6k0o0m c oHnoclduirnregnst ScOalCls .L tEds kom has,approached BCXS fMorA aR sToZlu Utirogne anst Pthroecyu arreem theen tcurrent Per Seco,nd Billing coBnutsraincet swsi tCh oTnenlkeoxmion (BCX). It is,"a lRso k n o w n t h a t t5h4e0y ,h5a0v0e.0 i0m",plemented SIP at other customers to mitigate this limitation an,d cre2a0te2 5a/d0d3i/t2io0nal c,apacity to2 0h2a5n/d0l3e/ 2m7ore calls,. The u2r0g2e5n/t0 p3r/o2c7ureme,nt processR heapdo trote bde followed,as the solution proposed by BCX would no
799,Q1 2025/26,2025/05/20,Eskom Holdings SOC Ltd,Tibco Software Subscription License,Oneconnect Solutions,"R 25,065,838.06",OEM confirmed that this is the only three sellers in the market,. 2025/02/06,2025/03/01,2028/02/28,Reported,
800,Q1 2025/26,2025/05/20,"ThEiss ikso am b Haloalndcineg osf SwOoCrk sL,t dfo r a contr",act tBhaatl aisn ceex poifr ewdo.r tkhse f ocro nCsour tiln etalt enh mt Niasd sra tewqauniree da ntod cSoAmPpPleI tCeo sgceonp e th,aFt woxa sC civoilm amnde nEcnevdi.r oTnhme ennetwal cEonngtrinaecet rfosr,"th Res e s e r v i c e s d i d6 7n3o,t0 r6e7s.u3l2t i",n consultants that are competent for this scope failure to appoi,nt th2e 0c2o5n/s0u4l/t0a1nt wil,l result in2 i0m2m5/e0d4i/a1t3e risk to t,he Elec2tr0if2ic6a/0tio2n/2 P7rogra,"mme, thereR iesp ao rnteewd tender is",sued for these services that will ensure futu
se 8a0ir1con,s waQs 1a l2re0a2d5y/2 p6lan,"ned, b2u0t2 u5n/0fo5r/t2u0nately",it fails beEfosrkeo rmep Hlaocledmingens tS dOuCe tLot da geing. Th,is is a very critical ASiru cbosntadtiiotionn deur eR teop iltasc ceumsteonmters. This substati,on customersA aTr eJ 'Sm aWinolyrk mshinoeps. It is critica,"l t oR r e p l a c e t h i s a 3ir3co9n,4s1 u6r.g6e6n","tly due to the possibility failure of the protection, SCADA and",Tele P20ro2t5ec/0ti1o/n3 1Equi,pment tha2t0 i2s5 v/e0r1y/ 3s1ensitive f,or temp2e0r2a5tu/0re2 /a0n7d thes,e equipmeRnte mpoaryte fdail due to t,he excessive temperature in the Carrier and
d ca8n0n2ot b,e caQli1b r2a0te2d5 /a2t6 any,Esko2m0 2L5a/b0.5 T/2h0e nee,d arises fErosmko amll THXo lgdrinidgss tSo OhaCv Le tcdo ndition,"The calibration and repairs for condition Monitoring Equipment
mofonri tEorainstg, Seqouuitphm aenndt Wcaelisbtr Gatreidd faonrd a tpheisr icoadn o of n7l2y mbeo ndtohnse o bny a tnh e
and as when required basis.",OEM or Ditso balpep Eronvgeinde reerpinregs Aefnrticaative in So,"ut hR A f r i c a . T h is 2te,7s9t 3e,q6u4i9p.m00en",t is used to test new and existing HV Plant equipment installe,d on 2th0e2 5E/s0k2o/m11 Net,work. It is2 i0m2p5o/r0t5an/0t 2to ensur,e that th2e0y3 a1r/e0 5c/a0l1ibrated,as per OERMe preoqrtueidrements to,ensure accuracy and the test results are wi
ent8 d0o3es,not hQa1v e2 0h2ot5 c/2o6nne,ctions2 t0h2a5t /c0a5n/2 c0ause,mayor daEmsakgoem a Hndo lldoisnsgess S toO NCT LCtdS A. It is im,"The calibration and repairs for condition Monitoring Equipment
pfoorr tEanats tto, Seonustuhr ea nthda Wt theesyt Garreid c faolri bar apteerdio ads o pf e7r2 p mreosnctrhibse odn t oa ne n
and as when required basis.",sure accYuerlalocwy aTnedc hthneic taels St erervsiucletss are with,"in R th e a l l o w a b l e t2ol4e7ra,7n2c0e.s9.3 It",is also a legal requirement which Take it mandatory. This was,prev2i0o2u5sl/y0 2s/e1n1t out,to the op2e0n2 m5/a0r5k/e0t2 on 3 occ,asions.2 N03o 1s/u0p5p/0li1er tend,er on FLIRR eeqpuoirptemdent. Yellow,tech are the only FLIR distributors that hav
d ca8n0n4ot b,e caQli1b r2a0te2d5 /a2t6 any,Esko2m0 2L5a/b0.5 T/2h0e nee,d arises fErosmko amll THXo lgdrinidgss tSo OhaCv Le tcdo ndition,"The calibration and repairs for Condition Monitoring Equipment
mofnoirt oNriTnCg SeAqu Nipomrthenert nc aGlirbidra t efodr aan pde trhioisd coaf n s oixn l(y6 )b yee daorsn eo nb ya nth e
and as when required basis.",OEM or Ditso balpep Eronvgeinde reerpinregs Aefnrticaative in So,"ut hR A f r i c a . T h is 2te,0s7t 0e,q0u0i0p.m00en",t is used to test new and existing HV Plant equipment installe,d on 2th0e2 5E/s0k4o/m02 Net,work. It is2 i0m2p5o/r0t5an/0t 5to ensur,e that th2e0y3 a1r/e0 5c/a0l4ibrated,as per OERMe preoqrtueidrements to,ensure accuracy and the test results are wi
uip8m0e5nt,and Qca1n 2n0o2t 5b/e2 c6alib,rated2 a0t2 a5n/0y 5E/2sk0om L,ab. The nEesekdo amri sHeosl dfrinogms aSllO TCX Lgtrdid s to hav,"The calibration and repairs for Condition Monitoring Equipment
e cfoonr dNitTioCnS mA oNnoitrothrienrgn e Gqruidip m foern at cpaelirbioradt eodf asnixd ( 6th) isy ecaarns oonnl ya nb e
and as when required basis.",done by the HOVE MTe osrt i(tPs tayp) pLrtodved represen,"t aRti v e i n S o u t h 2A,0fr7ic0a,.0 T0h0i.s0 0te",st equipment is used to test new and existing HV Plant equip,ment 2in0s2ta5l/l0e4d/ 0o2n the,Eskom N2e0t2w5o/r0k5. /I0t 5is import,ant to e2n0s3u1re/0 t5h/a0t 4they ar,e calibrateRde apso prteerd OEM req,uirements to ensure accuracy and the test r
nn8o0t 6be c,alibrQa1te 2d0 a2t 5a/n2y6 Es,kom L2a0b2.5 T/0h5e/ 2n0eed a,rises fromE aslkl oTmX gHroidldsi ntog sh aSvOeC c oLntdd ition mon,"The calibration and repairs for Condition Monitoring Equipment
itofroinr gN TeqCuSipAm Neonrtt hcearlinb rGarteidd afonrd a t hpise rcioadn oofn lsyi xb (e6 d) oyneea rbsy o tnh ea nO E
and as when required basis.",M or its approvSeFd6 r Seporluetsioennstative in South,"A fRri c a . T h i s t e s 2t e,0q7u0ip,0m0e0n.0t 0is",used to test new and existing HV Plant equipment installed o,n the 2E0s2k5o/m04 N/0e2twor,k. It is imp2o0r2ta5n/0t 5to/0 e5nsure th,at they 2a0re3 1c/a0li5b/r0a4ted as,per OEM rReqeupiorretmedents to en,sure accuracy and the test results are within
ede8d0 t7o en,sureQ 1th 2at0 e2q5u/2ip6me,nt doe2s0 n2o5t/ 0h5a/v2e0 hot c,onnectionEss kthoamt cHaonl dcianugsse S mOaCy oLrt dd amage a,"The calibration and repairs for Condition Monitoring Equipment
ndf olor sNsTesC tSoA N NToCrSthAe.r nIt Gis riimd p oforrta an tp teor ieonds oufr e s itxh a(6t )th yeeya rasr eo nca alinb ra
and as when required basis.",ted as pYeer lplorwes Tcreibchendi ctoa le Snesruvriec easc curacy,"an Rd t h e t e s t r e s u l9ts3 a1r,5e 0w0i.t0h0in",the allowable tolerances. It is also a legal requirement which T,ake 2it0 m2a5n/0d4a/t0o2ry. T,his was p2r0ev2i5o/u0s5l/y0 s5ent out t,o the op2e0n3 1m/0a5rk/0e4t on 3 o,ccasions. RNeop sourtpepdlier tender,on FLIR equipment. Yellowtech are the onl
"ring8s0,8 and",theQ v1a r2io0u2s5 /c2h6ann,els th2ro0u2g5h/0 w5/h1ic6h its,servCicoemsm cuanni tbye S acch (cCeem SssOees Sd O ). Tmhbisu din Sitieartvivicee i s c,"ritPicraolc tuor eemnseunrti nogfa t hVaIPt a tlal bsltea kp aea whcoaklraddgesers f opra trhtiec uTlaorply e hmopmoewoewrmneernst,","proTpoeprtcyo m Maendaigae &rs C, ao Lnm tddm cuonmicmautionnitsy (sPcthye) m","e Rm e m b e r s a r e i n1f0or2m,5e7d7 .a1n3d",empowered to engage with the CSOS effectively. In line with i,ts com20m2i5tm/0e5n/1t 6to pu,"blic sectoNr eoxt csetallteendce, the C",SOS haNs octo snttainteuded to pa,rticipate inR tehpeo Trtoepd Empowe,rment Awards. This participation highlights t
809,Q1 2025/26,2025/05/15,"Armaments Corporation of South Africa
SOC Ltd (ARMSCOR)",Procurement of pleated filter pucks,"Helmet Integrated systems Limited t/a
Gentex Europe(FormHeerllmy etht eIn Fteilgterra ted
Design Company)","s yRs t e m s L i m i t e d 3t/2a9 G,9e7n0te.4x8 E",urope(Formerly the Filter Design Company) is the developer,(Orig2in0a2l5 M/0a4n/1u5factu,rer) of the2 0H2e5p/a0 4p/l1e6at pucks,2025/09/30,Reported,
810,Q1 2025/26,2025/05/15,"Armaments Corporation of South Africa
SOC Ltd (ARMSCOR)",Purchasing of primers (oligonucleotide).,Inqaba Biotechnical Industries (Pty) LtdI,"nq Ra b a B i o t e c h n i c a 1l 7In,2d4u1st.r3ie3s",(Pty) Ltd is the only local commercial oligonucleotide manufa,cture2r 0a2v5a/il0a4b/l2e4 in S,outh Afric2a025/04/24,2025/06/30,Reported,
811,Q1 2025/26,2025/05/15,"Armaments Corporation of South Africa
SOC Ltd (ARMSCOR)",Certification of s eD ae te op n S bou abTrm dh eeSr Sg AeoSnu Mcthe A AR NferTiscHcaAunTe N IV Sae Ivhyi c(SleA (ND)S iRs Ves) ta,blishing a collabInodraiatino nN aagvryeement with the,"I nRd ia n N a v y w 1h,i7ch4 5in,6c3lu7d.5e2s",submarine crew rescue operations at sea using the SAN subm,arine2 0a2n5d/ 0In4d/2ia9n Na,vy's DSR2V0 2w5h/0ic4h/ 2is9 in line w,ith the 2D0e2f5en/0c9e/ 1C5oopera,tion betweReenp Ionrdteiad and Sout,"h Africa,"
812,Q1 2025/26,2025/05/15,"Armaments Corporation of South Africa
SOC Ltd (ARMSCOR)","Purchasing of consumables for Liquid Chromatography - Mass
Spectrometry (LC-MS).",MMeercrckk L (iPfet y(P) Ltyt)d Listd the sole sup,"p Rlie r f o r M i l l i p o r e a5n8d,0 E7p2p.8e4n",dorf products in South Africa and no other supplier is authoris,"ed to 2re0p2a5i/r0, 5m/0a5intain",and sup2p0ly2 5th/0e5 n/0e5cessary s,pare p2ar0t2s.5/10/31,Reported,
813,Q1 2025/26,2025/05/13,Department of Human Settlements (DHS),252 Building Material for Lwandle Beneficiaries,RS Construction,"R 2,996,537.00",Deviation from normal bidding process,2025/08/05,Not stated,Not stated,Reported,
814,Q1 2025/26,2025/05/09,"National Home Builders Registration
Council (NHBRC)",ArcGIS survey and data lake integration,ESRI,"R 181,642.50",Continuation of service,2025/05/09,Not stated,Not stated,Reported,
815,Q1 2025/26,2025/05/09,"National Home Builders Registration
Council (NHBRC)",Moving of printers,ALTRON,"R 5,512.30",Sole supplier,2025/05/06,Not stated,Not stated,Reported,
816,Q1 2025/26,2025/05/09,"National Home Builders Registration
Council (NHBRC)",Accreditation Annual Fee,SANAS,"R 39,208.00",Sole supplier,2025/05/09,Not stated,Not stated,Reported,
app8li1c7atio,n forQ fi1n a2n0c2ia5l/ 2re6por,ting to2 0p2ro5d/0u5c/e0 7the m,"onthClyo,m qmuaurnteitryly S, achn(Cedm S aOensnS uO )aml Fbiunda nSceiarvl iSceta te",menPt.r Tochuer eCmaseenWt oaf rtera ainpipnlg Sic yao ntfi coth npe lc aCatfna os rbmeew oapree rCaltoeudd o An nthde S Cmaasret wa,re Cloud And SmAardt aSpyt nITc platform that allo,"w Rs s e c u r e b a c k u p 8fu,8n8c8tio.0n3a l",ity and a access to the Caseware file being updated to access,ed by2 0a2ll5 th/0e4 r/0el4evan,t officials Nsiomt uslttaatneedously allo,wing timNeolty s rteavteiedws and,adequate Roeveprosritgehdt on the p,repared Caseware file. The current casewar
818,Q1 2025/26,2025/05/08,Department of Human Settlements (DHS),114 Building Material for Philipi Beneficiaries,Kurulenko Projects,"R 1,593,492.00",Deviation from normal bidding process,2025/08/05,Not stated,Not stated,Reported,
819,Q1 2025/26,2025/05/08,Department of Human Settlements (DHS),237 Building Material for Drankenstein Beneficiaries,Shaun General Enterprise,"R 3,137,856.30",Deviation from normal bidding process,2025/04/17,Not stated,Not stated,Reported,
820,Q1 2025/26,2025/05/28,National Gambling Board (NGB),Insight system support services-update schedular and budget,4Sight System (Pty) Ltd,"R 4,312.50",Single source,2025/04/16,2025/04/16,2025/04/22,Reported,
"mon8t2h1s, m",ostlQy 1d e2p0e2n5d/2ed6 on,"mate2ri0a2l 5a/v0a5il/a3b0ility,","precision Emsaknoumfa Hctoulrdiningg psr SocOeCss L, tedt c. .and d",oesn't support the SLuepthpalyb oG Uenneitr a2t'so ro fuatna gbela RdeTsS.. Lethabo Gener,ators are GleEve Sl 1te calmas Psiofiweder p Slaenrvtsic aend thus,"on Rly r e q u i r i n g O 3E,1M8 6re,1p4la4c.3e8m",ent component/s to be used or installed. LTSA has lengthy pr,oces2s0es2 5to/0 a5c/2q7uire/s,ource the2s0e2 5fa/0n5 b/2la7des on th,e earlie2s0t2 o5r/ 0to6 /s3u0pport a,n underwaRye Lpeotrhteadbo unit 2 o,"utage, e.g.: cataloguing, repetitive price ne"
the8ir2 c2om,presQso1r 2s 0a2n5d/ 2th6ere,fore o2w0n2s5 t/h0e5 /i3n0tellect,ual propeErtsyk roigmh tHs.o lFdiunrgthse Sr OIRC C Lotmd pany So,"Supply and delivery of Compressors’ spares on an “As and
uth wAhfreicna” rceaqnu eirnesdu brea sthise f owra arr apnetreioeds oofn f iavlel s(5p)a yreesa rssu aptp Dlieudv.h aIR h
Power Station.",asI ncgoemrsmoiltlt eRda tnod c (C Pono tytmi)n p Lua tedn my aSnouuftahc Atufrriicnag s,"p aRr e s o n c o m 8p2re,8s3so8r,s6 8th3a.0t 7a r",e no longer in production on a receipt of purchase order. How,"ever,2 t0h2e5 l/o0n4g/0 l9ead ti",me and s2l0o2w5 E/0s5k/o0m1 procure,ment p2r0o3ce0s/0s4 h/3a0s result,ed into comReppreosrtseodrs being o,ut of service for more than a year. This has
the8ir2 c3om,presQso1r 2s 0a2n5d/ 2th6ere,fore o2w0n2s5 t/h0e5 /i3n0tellect,ual propeErtsyk roigmh tHs.o lFdiunrgthse Sr OIRC C Lotmd pany So,"Provision of services on routine, non-routine on as and when
uCtho Aore pfrq eicu ra i Jr ecoday n b T aeAsn-i 3ssu0 or0en 0 t ohCfe eC nwe tarn irftrueagcnC atle4 Ce0so0 m,o Cnp o raeollsp sseporar J sro eayst TsDuA up- v1ph8laie a Pdn.o d wI Re rh
Station for a period of 5 years.",asI ncgoemrsmoiltlt eRda tnod c (C Pono tytmi)n p Lua tedn my aSnouuftahc Atufrriicnag s,"p aRr e s o n c o m 4p1re,8s0so7r,s4 6th8a.4t 0a r",e no longer in production on a receipt of purchase order. How,"ever,2 t0h2e5 l/o0n4g/1 l6ead ti",me and s2l0o2w5 E/0s5k/o0m1 procure,ment p2r0o3ce0s/0s4 h/3a0s result,ed into comReppreosrtseodrs being o,ut of service for more than a year. This has
of t8h2e4 pla,nt toQ m1a 2x0im2u5m/2 6effic,"iency2 p0o2s5s/0ib5le/3, 0in this",case to rEessktoorme tHheo ltduirnbgins eS mOaCx iLmtdu m output,"toU 2n0it 01M, 4W3;8 5T2o TcuorvbeCirn aae ml lC adesenpnte r Pecl otisn w ewe rhM eSartseat temior anGi.netneenraanl cOev werilhl abuel raetq",uired inclSuideimnge npsre Evnioeursg yin (sPptey)c tLiotdn reports,"t oR m o n i t o r p r o b8l,e2m01 a,8re1a0s. 9a6n d",rectify all deficiencies; To incorporate previous lessons lear,nt fro2m0 2p5a/s0t 5o/u1t6ages,by mean2s0 o2f5 p/0re5v/1e6ntative m,aintena2n0c2e5; / 0T7o/ 0a4ddress,current deRfeecptosr tthedat are obta,ined by plant walk-downs and those that we
825,Q1 2025/26,2025/05/30,Eskom Holdings SOC Ltd,The supply and delivery of ABB spares.Peaking Sta,tions areA BeqBu Sipopuetdh wAfitrhic aA B(PBt ye)q Lutidpment.,"A BRB i s t h e O E 1M2 ,a2n6d7 ,l0o4c5al. 4d0is",tributor of the equipment. ABB maintains all copyright privileg,es fo2r 0th2e5i/r0 p5r/o2d1ucts,and equ2ip0m2e5n/0t 5s/p2a3res are p,urchas2e0 d2i6re/0c5tl/y2 f2rom th,e companyR.eported,
826,Q1 2025/26,2025/05/30,Eskom Holdings SOC Ltd,Investigate and repair compressor 2SAP001CO. C,ompressAotrl ainso Cpoepracbol eIn dduues ttroia hl iSgAh tempera,"t uRr e s . S o l e s o 6u,r2c8e9 w,3a2s2 a.1p1p r","oved for Supplier to investigate and repair, complete overhaul",inclu2d0in2g5 /t0h4e/ 2re5plac,ement of 2c0o2m5p/0re4s/2s5or eleme,nts and2 c0o2m5p/0re7s/3s1or hire.,Reported,
827,Q1 2025/26,2025/05/30,Eskom Holdings SOC Ltd,Service of Weighbridge.,Trek Scale Company (Pty) Ltd,"R 669,796.80",OEM for Weighbridge manufacturing and servicing.,2025/02/13,2025/02/18,2025/03/31,Reported,
tua8tio2n8 ar,ose bQe1c a2u0s2e5 /o2f6 the,unava2i0la2b5i/l0ity5 /o3f0 spar,es for the ESstaktoiomn Hduoeld tion gas c SoOntCra cLtt d4 6000977,"6 S(Nuepvplliyc aPnrodj edcetlsiv) ewryh iocfh v war Saiosw upits cla hscp eea sd r . ewsi tihn cloluwd pinrgic iMngo,d tuhliess h aansd r e",sultGedre wenitfho rthde E snugpinpelieerri nbge iCngo nusntarubcleti oton ful,"fi lR th e c o n t r a c 1t d2e,8li3v6e,r4y4 o1b.4lig5a",tions. C&I Maintenance requires these spares for maintenanc,e and2 0u2p4c/o1m1/i0n5g out,ages. Co2m02m5e/0rc5ia/1l 9departme,nt has 2r0eq2u5e/0s7te/2d1 that M,ajuba PTCR aelploowrtse da price adj,ustment of the supplier which was rejected
829,Q1 2025/26,2025/05/30,Eskom Holdings SOC Ltd,"Urgent contract for procurement of lights for Matla Power
StationT fhoer sae p liegrhiotsd aorfe 1 u2s medo nththrosu ognh aonu ta tsh ea nSdta wtiohne,n t hreeq puuirrepdo s
basis.",e of floodlightTinsgw aisk ofo (rP wtyo)r kLetdrs to observe,"o Rbs t r u c t i o n s &42 o,t2h5e1r ,h0a0z0a.0rd0s",while moving or working within the Station. The unavailability,of th2e0s2e5 e/0le4c/t2r5ical c,omponen2t0s 2p5o/s0e4s/2 a5 safety ri,sk as e2m0p2l6oy/0e4e/s2 4are wor,king in theR deaprokr taerdound in an,d around most plant areas.
5 at8 M30ajub,a PQow1e 2r0 S2t5a/t2io6n. T,he si2tu0a2t5io/0n5 a/3ro0se as,a result oEf smkoamint eHnoaldnicneg so fS AOuCm aL t5d year con,tract not concludedS uapsp aly r easnudl td oefl icvhear lAlecntgueasto drsu.ring the procurem,ent procAeusms aa nSdo ustohl eA sfroicuarc (eP.t y C) L&td I Engin,"e eRr i n g d e p a r t m11e,n2t1 i3s, 9cu2r8r.e8n2t l",y in a process to renew a sole source for the OEM (Auma Sout,h Afr2ic0a2)5 to/0 m4/a1i7ntain,the boile2r0 p2la5n/0t 4a/c3t0uators on,"site, th2is0 2w5il/l0 s7e/3rv1e as a",migration Rtoe wpaosrtteedful expend,iture as the equipment will be maintained b
5 a8t 3M1aju,ba PQo1w e2r0 S25ta/2tio6n.,The s2it0u2a5ti/o0n5 /a3r0ose a,s a result Eofs Mkoamin tHeonladcineg osf SAOumCa L 5td y ear cont,ract not conclMudaeindt eansa an crees sueltr voifc cehsa Alluemngae As cdtuuraitnogrs t.he procurem,ent proceAsusm aan dS osuolteh sAofruicrcae P. tCy L&td I Engine,"e Rri n g d e p a r t m e6n,3t 8is7 ,c6u4r6re.4n3tl y",in a process to renew a sole source for the OEM (Auma Sout,h Afri2ca0)2 t5o/ 0m4a/1in7tain,the boiler2 p0l2a5n/t0 a5c/0tu1ators on,"site, th2is0 w26ill/ 0s4e/r3v0e as a",migration toR ewpaosrtteefdul expendi,ture as the equipment will be maintained by
832 T,he rQe1m 2o0va2l5 o/2f 6ash,from 2th0e2 p5o/0w5e/3r 0island,to the asEh sdkuommp H iso lddoinnges u StiOlisCin Lgt da dual line,"convReyeopra siry osft ecmol.l a Ipns Jeadn ruoaorfy s 2tr0u2c5tu, rae sfoerc WtioCn o2f1 t hceo nrovoefy ostrr.uctur",e enclosTiSng I nthdeu sctorinavl eSyuoprp blieelst c(oClCla)psed. T,"h Re c o u r s e f o r t3h,e0 8co2l,l0a0p0s.e0 w0 a","s due to ash accumulation on the roof, which resulted in overl",oadin2g0 2o5f /t0h4e /s2t6ructu,ral steel 2m0e2m5b/0e4r/s2. 6 The coll,apse re2s0u2lt5e/d1 1in/ 0a3 numb,er of steel mReepmobrteerds being da,maged. This document provides the techni
833,Q1 2025/26,2025/05/30,Eskom Holdings TShOeC s iLtutda tion aros,e as a resultS ouf pfapillyu raen odf dtheelisvee rcyo omf pMoinll egnrtesa osne tshpea rceusr.rent plant ru,nning. NoneJ oHf Pth eD ilaisgtendo sstpicasres are avail,"a bRle a n d f a i l u r e 1 o,4f 7o6n,e5 7o7f .t0h0es",e components will lead to immediate unit load loss. These item,s are2 0u2s5e/d0 5a/s0 7prima,ry protec2ti0o2n5 c/0o6m/1p3onents fo,r the m2il0l g2i5rt/h0 6g/e2a0r grea,se system Ranepdo wrtielld shut the m,ill down if either are faulty with no replacem
een8 3e4xper,iencQin1g 2 n0u2m5/e2r6ous,incide2n0t2s5 o/0f 5cr/3im0inal,activities tEhastk homav eH oglodnineg usn SdOetCec Ltetdd . There,are cUurrgreenntctl yaP m1ro6ec rcu aar sem amet erRanset dfino Zrs otIan nls elet sad l a laa ntt d ior en Pd eo zrf i omCnC eetsT e rVt hF saeutn racvreee.i lnlaont chea vin,g a signCif3ic Sanhta ereffde cSt eornv icthees s(Pitutya)t iLotnd. This,"is Rsu e i s n o w e2s8c,a9l2a8ti,n0g3 1re.0s0u lt",ing in serious losses to Eskom and leading to production loss,es du2e0 t2o5 u/0n5a/v0a7ilabil,ity of criti2c0a2l 5ca/0b5le/3s0. The pu,rpose o2f 0th2e5 /s1c0o/3p1e is to i,nstall a SeRcuerpitoyr tseydstem at th,e Perimeter and selected Redzone areas to
835,Q1 2025/26,2025/05/30,Eskom Holdings SOC Ltd,Supply and delivery of MotorTs.utuka unit 1 retur,n toM saerrtvhicineu wDseaivnsi s apionlandn onC fe o Adu C tftoTsr O C1Ml8e vAeplarinl 2d0 a2 5.,"TRh e c u r r e n t o 1u,t2a0g6e ,i9s2 o9n.0 s0li p",which influences generation capacity and planning. Current,gene2r0a2tio5n/0 l5o/a1d4 loss,is 2306M20W25 w/0it5h/ 1T4utuka Un,it 1 con2t0ri2b5u/t0in6g/ 0a9t 585M,W of the toRteapl solritpe.d,
ose8 a3s6 a r,esulQt o1f 2v0ah2l5e/ 2ra6ils,comin2g0 a2d5r/i0ft5 a/3n0d cau,sing hugeE asmkoomun Htso lodfi npgrosd SuOctCio nL tddo wntime i,"Supply, delivering, installation and Commissioning of Vahle
n thRea tirl aSnysspteomrta Etioqnu iopfm ceonatl fforor mC ocaola Sl stataitihthee 2 p 7oEck aentsd o7nFt or othtaer y7 E
feeders.",and 7F cUonrwveayaoyr Tbrealdtsin. g T (hPisty i)s L ptdutting Uni,"t R5 a n d U n i t 6 a3t, 5ri5s8k ,o0f8 c4o.0a0l b",unkers related load losses due to the repair plan being excess,ive a2n0d2 c5o/0s5tly/1 d5ue t,o overtim2e0 a2n5d/0 r5e/s1o5urce allo,cations2. 0T2h6e/0 s5it/u1a4tion re,quired thaRt tehpeo croteadl staithe b,e blanked off from pocket 1 to pocket 38 du
837,Q1 2025/26,2025/05/30,Eskom Holdings SOC Ltd,Procurement of variouMs Tobu Sirlb teai n tpioeun rPi.fliaenrst saprea ruesse adt tKo rpieul rPifioewr ethr e o,il thAapt pisli eodu tF oilft rsapteiocnif iScaetrivoince/dsi r(tPy toyi)l .L tMdost,"o Rf t h e u n i t ’ s M O1,T8s9,0 B,2F7P6T.0s0 a",nd EFPs are running with oil that is out of specification which,will ca2u0s2e5 d/0a5m/1a3ges t,o the com20p2on5e/0n5ts/2 t1hat are u,sing the2 0o2il6 a/n0d4 /t2h0is will l,ead to premReaptuorrete fdailures an,d unit trips.
838,Q1 2025/26,2025/05/30,Eskom Holdings SOC Ltd,"Supply anAdn d uerlgiveenrty s oitfu vaatiroionu asr otosoel sa at tH Heennddrirninaa P Poowweer rS Statatiotionn, .th",e situation aroseM aosn ad rweisnult of the release,"o Rf f u n d s t o p r o c u4r2e6 a,9ss9e5t.s0 0a n",d the equipment is crucial for the chemical services departme,nt to 2th0e2 5su/0r3ve/3il1lance,"requirem20e2n5ts/,0 m4/a1i7ntain hig",h qualit2y0 s2ta5n/0d4a/r1d7s and t,o control aRnedp morotneditor chemis,try processes efficiently.
e c8o3n9tract,for Q6 1m 2o0n2th5s/2 w6hils,t wait2in0g2 5fo/0r 5th/3e0 5 yea,rs contracEt stkoo bme Hino pldlaincges w ShOicCh iLst de nvisaged,to be ready end of SCeopatel mPlbaenrt 2m0a2in5t.e nOannccee .o ff Purchase Order (,POR) a(6ta Mmoanntgh sE)n wg (hPinitce yhe ) riLisn t dsgu abnjedc Steudp tpol itehse t,"e rRm i n a t i o n i n c a8s,3e6 th6e,0 52-6y.e0a0r",contract is ready within the period of the PO is requested for th,e ma2i0n2te5n/0a5n/c0e8 of C,oal plant 2fo0r2 t5h/e0 5s/u0s8tenance,of the c2o0a2l 5s/u1p1p/0ly7 to the,units. CoaRl epplaonrtte ids the critic,al plant for the power generation and requir
evi8o4u0s ou,tageQ. 1 C 2a0g2e5s/ 2w6ere,confir2m0e2d5 /t0o5 b/3e0 avail,"able at stoEressk oams pHeorl dOinugtasg Se OPCC MLt,d u pon insp",ecStiuopnp thlye ayn wde dree lfioveurnyd o tfo c baeg en8:o. 2 tb 5ian0g .a f islteerrv sicpeIiat;b lwe dc o1n6d0i tmionm. ; T lgh is,is wThhaat nddriovlewse tthheu rMefiunrinbgis hanmde nPtr oojfe dcetsfecti,"v eR c a g e s a s w 2e9ll, 1a8s4 p,6ro3c5u.r0e0m",ent of balance required. The current K1 Inspection Outage pr,esen2ts0 2a5n/ 0op5p/0o8rtuni,ty to refur2b0is2h5//r0e5p/l1a2ce the de,fective 2c0a2g5e/s0 i5n/ 3o0rder to,maintain tRhee psoerrtveicdeability a,nd reliability of the Fabric Filter Plant. The p
d b8e4e1n to,"rn sQev1e 2re0ly2,5 r/e2n6der",ing it 2o0u2t 5o/f0 s5e/r3v0ice.,Therefore Ethsek oremd uHnodldainncgys oSf OthCe Lctoda l supply,"system to the units has Hbeireen R siicghnieif iccaranntley. compromised, leaving",SYR3 and SRYRitc2h sietr Cearamnse a Hsi rthee sole opera,"t iRon a l p a t h w a 2y4 o,6f 1th5e,0 c6o0a.l0 s0u",pply to all operation 6 units. The unavailability of SYS2 introd,uces 2o0th2e5r/ 0c5h/a0l5lenge,s such a2s0 n2o5 s/0ta5c/0k8ing from t,he stra2te0g2ic6 /o0p5e/0ra8tional,stockpiles.R Tephoerstee dcranes are,"essential for maintenance activities, partic"
842,Q1 2025/26,2025/05/30,Eskom Holdings SOC Ltd,Critical spare OsTu hf to aer gs u eep aicteto mKm usin s wig lee o rPueo tma wgeeear nr Sett q atou ti i obre ned . p arot cUunriet d3 wINit h th,e current sparesN ckoonnttrwacatn weith materials ma,"n Ra g e m e n t f o r v5a,2lv1e7s,.4 8U2n.0fo0r t","unately, the current supplier has been unable to deliver the sp",ares 2o0n2 t5im/0e5. / 0U5nava,ilability o2f 0s2p5a/r0e5s/ 1m2ay result,in elec2tr0ic2i5ty/ 0s6u/p3p0ly inter,ruptions bReecapuosrtee dthis may le,ad to outage slip.
843,Q1 2025/26,2025/05/30,Eskom Holdings SOC Ltd,Assembling of knee joints. Effe,"ctiMve In Se sEsn ogfi noeuetarigneMg si( tcP aoktyp)e L etxde, ctruatdioinng a ansd f","o rR p r o d u c t i o n 1to2 b,8e9 r4e,s2t0o5re.0d0 f r",om unforeseen plant failure events. To prevent UCL's due to,unav2a0ila2b5i/l0it5y /o1f4 spar,es that w2il0l 2le5a/d0 5to/1 p5roductio,n losse2s0 a2n5d/1 lo0a/0d3sheddi,ng. Reported,
844,Q1 2025/26,2025/05/30,Eskom Holdings SOCO Lntd 3 October,2023 an urSguepnpt lsyi taunadtio dne alivroesrye oaft SKouosti lbe loPwowere lra Snctaetsio.n. The urg,ent arose as aC reBsZu Slt oolfu stiooonts blower remain,"cRri t i c a l p a r t o 2f 6th,5e 7b9o,i8le8r7 h.0e0a lt","h care,. They prevent overtime heating on the boiler that caus",es th2e0 2b5o/il0e5r /t1o4 leak,. This ha2s0 p2o5s/0it5iv/e1 5impacts,on ensu2r0in2g5 /r0e6d/u3c0ed UC,"LF as theyR beopoosrtt eBdU EAF, su",pporting the KPI needed to comply with as
al fa8u4lt5y co,ntroQl c1a 2rd0s2 5w/2h6ich a,ffect 2th0e2 n5o/0rm5/a3l0 oper,"ation of thEe suknoimt. HToo lmdiintiggsa tSeO thCis L rtids k, we bor","rowmedo dmuolS ed:uucploep nsl t y rfo oarlln lFedGr ;d 2De 0 lp-iv 3lea3rn y vt doacfn mda nosddo mu Rleee: pcfraooin rm/t sr eoUrl;nv2iitc4 e6 v 0db7co, 1i le7r5 w73h i ch","is due to be Mink sheurlvainced lseo Gonro, uthpis module h","a sR b e e n i d e n t i f1ie,4d8 a7s, 0c1ri0ti.c0a0l d",ue to the application in the plant a failure of one module can a,ffect 2u0p2 t5o/ 0145/ 1d6iffere,nt types o2f0 f2ie5l/d0 5in/1st4ruments.,In ord2e0r 2to5 r/1e0d/u3c1e cost,of procuremReepnot rotef dbrand new,ABB DCS which has high cost and lead tim
846,Q1 2025/26,2025/05/30,Eskom Holdings SOC Ltd,Repairs of the Unit 1 FGD Absorber recirc pump motors.,Mbita ElectIrfi cUanl iat n1d is C uonnasbtrlue cttoio bne on,"lo Rad o n 2 0 M a y3 ,2500295,8 d3u4e.0 t0o","FGD unavailability, Eskom reputation can be damaged due to",poss2ib0le2 5lo/0a5d/ 1s5hedd,ing becau2s0e2 5o/f0 p5r/o1l5onged do,wntime2.025/05/15,Reported,
847,Q1 2025/26,2025/05/30,Eskom Holdings SOC Ltd,Supply and delivery of Seal Air fan system spares.,Bongza Extra Miles Trading OEnnt e2r4p Arisperil,"2 0R2 5 a n u r g e n1t6 s,6it1u3a,t0io7n9 a.0r0os",e at Majuba Power Station. The situation arose as a result of u,nava2il0a2b5il/it0y5 o/0f 8seal,air fan sy2s0te2m5 /s0p5a/2re6s.,2025/06/23,Reported,
gina8l4 d8ate,3 ApQr1il 22002255 /t2o6 4 O,"ctobe2r0 22052/045, t/h3e0 focu",s was on EUsnkiot m1 MHOol dtoin egnss SurOeC th Lattd a ll the sp,"ares were madeS uapvapillya balned, Odeultiavgeery h oafd p elanteosu gmhe rteasl.erved and avai",lable in theL esctohraeb fioler EAnirg hineeaeterrins gand Ductin,"g R, h o w e v e r s i n c e4 6th4e,0 a8b6o.0ve0 s","tock item is shared with Welding workshop, only 15 0000 was",able2 0to2 b5e/0 s4e/2c3ured,for Unit 32 G02O5 /o0u5t/a2g2e and ha,ving a 2sh0o2r5ta/0g6e/ 3o0f 20 00,0 based onR eopuotsrttaendding rese,"rvation: (117579565 -SSC , 117679733 Du"
it w84a9s fo,und Qth1a t2 t0h2e5re/2 w6ere,delay2s0 2fo5r/ 0m5o/r3e0 than,35 days aEnsdk oitm w oHuolldd ijnegosp aSrOdiCze L tthde organiz,"CW Pipes coating and supply and deliver of Outage
atcioonn saunmd afubrlethse (rP aFff eBcutr enleercst,r iBciotyil esru apnpdly T. uTrhbein Be uvsailnveesss, Vseasws eit lsfi,t
Draught plant and CW system).",for the OutPagree Etemamin eant tG Hroolodtivnlegis to execute,"tRhe U n i t 3 o u t a4g,5e4 f9or,0 ID90:4.0001 9",5 (Which was initially planned to start 11 July 2025) prior the,Unit 220 a2n5d/0 t5h/e2n2 furt,her plan a2n0d2 5p/r0e5p/a2r2e for its i,mmedia2t0e2 r5e/t0u7rn/3 d1ue to t,"he short duRreaptioonrt.e dHowever,",this sudden change affected the procureme
850,Q1 2025/26,2025/05/30,Eskom HoAldni nugrgse SnOt iCss Luted at Hendri,naS uPpopwley ra Sntda tdioenli vhearsy aorfi sbeonil edsr pu a aen r tedos t .tuhreb iunnea avuaxilialibairliietys onfo snp-astroecsk r e,quirSeda sfcoor mU nMit a6in atennda Unnceit 7S eoruvtiacgees sC. C Time,"l yR d e l i v e r y o f t h2e,7s0e2 s,0p0ar0e.0s 0is",critical for completing outages as planned. Any delay in deliv,ery w2il0l 2a5ffe/0c5t /t2h3e sco,"pe execu2t0io2n5 ,/e0x5t/e2n3d the ou",tage du2ra0t2io5n/0 a6n/3d0 risk pr,"oduction loRsespeos,r tleedading to si",gnificant financial and operational impacts
851,Q1 2025/26,2025/05/30,Eskom Holdings SOC Ltd,Supply CIC filters.,CJCIQ C Ooial lFeisltcraetriso nare used to pu,"ri fRy E F P o i l t o p r e9v0e4n,t4 d1i0rt.y0 0o il",from damaging the pump parts. Currently some EFPs are ru,nning2 0w2it5h/ 0d4ir/t2y5 oil a,nd most C2J0C25s/ 0n4ee/3d0 filters to,clean t2h0e2 o5il/.11/28,Reported,
gaw8a5tt2s at,Six QU1n i2ts0.2 T5/h2e6 dru,"m rec2l0ai2m5e/0rs5 /(3D0R1,2",&3) are usEesdk ofomr rHeoclldaiimnginsg S oOf Cst aLctdk ed coal t,"o feed the conveyCoorasl tShatot cskuypaprdly mcoaaclh tion eth ree puaniirtss.. Currently, one",StaAcfrkicear n(S CTo1m) amnodd DityR H1a anrdel ionugt Pofr osjeercvtisce,"d uRe t o a H y d r a 6u,l4ic0 v0a,3lv0e8 b.0a0n k","failure and structural damages respectively. On ST1, the Bo",om C2o0n2v5e/y0o4r/ 2ta9ke u,p system2 h0a2s5 f/a0i4le/3d0 due a da,maged2 v0a2l5ve/0 b5a/3n0k (This,valve is oRbseoploertete adnd has a,"lead time of 18 weeks), whereas on DR1, th"
853,Q1 2025/26,2025/05/30,Eskom Holdings SOC Ltd,"Supply and delivery of Compressor Air: 52.36 M3/MIN; 760
KPA; 3.3 AT Duvha Power Station.","Ingersoll-Rand Company South Africa
(Pty) Ltd","R 3,678,994.0E0s",kom has a Sole Source justification approval with Ingersoll-Ra,nd.2025/04/30,2025/05/05,2025/11/28,Reported,
ge 8C5o4mp,Air sQcr1e w20 c2o5m/2p6ress,ors; 2a0n2d5 r/e0c5ip/3ro0catin,"g compreEsssokrosm. THhoeldsien gusn iStsO, Cal oLntdg with thei","r Sasuspopclyia atendd pdaaeriltrisv 2 ea(rnCyd eo nef tqP aucni ep2um) m Ceanottmi,c ap Drreer a smi snao n( rN ureDfapLca tiIurI sr2e.8d) aatn vda Triouurbso I n",geInrsgoellr sRoalln-Rd afancdi( lC Pititoeyms) Lwp taodnrlyd wSioduet.h IAnfgriecras ol,"l RRa n d h o ld s t h 1e, 0p2r0op,5r1ie0ta.0ry0 d",esigns and technical specifications for all its compressors and,is th2e0 2so5l/e0 5e/n2t6ity au,thorized 2to0 2d5e/p0l5o/y2 f6ully train,ed and 2c0e2rt5if/i1e1d/ 2p8ersonn,el to servicRe eapnodr tmedaintain the,se compressors and their accessories acro
855,Q1 2025/26,2025/05/30The,market foErs pkootmen Htiaoll dsiunpgpsl iSerOsC o fL stdu pply and,"Supply and delivery of pulse jet fabric filter plant (PJFF) PPS/PI
dbelaivgesr yo no f“ apsu lasned j ewt hfaebnr irce qfiluteirre pdl”a bnat s(PisJ aFtF K) uPsPilSe /PPoI wbaegr sS itna tSioonu t
for a period of three (3) years.",h AfIrnicdau sistr imala Ftuilrteer asn &d Fwaebllr iecsst a(Pbltiys)h Letdd con,"s Rtit u t e d b y in5t6e3rn,0a7ti0o,n0a1l5 s.0u0p p","liers with local representation, local suppliers that sometimes",play 2th0e2 r5o/l0e4 o/0f 8agen,ts. The i2d0e2n5tif/i0e5d/ 0s1upplier b,ase was2 0in2f8o/r0m4e/3d0 by the,fabric filterR pelpaonrtt ebdag standar,d (240-53113965). All suppliers met the fu
856,Q1 2025/26,2025/05/30,Eskom Holdings SOC Ltd,NNR payment purposes.,National Nuclear Regulator,"R 138,725,368.00",Payments to NNR are gazetted.,2025/05/12,2025/05/12,2026/03/31,Reported,
857,Q1 2025/26,2025/05/30,Eskom Holdings SOC Ltd,"Refurbishment, supply and delivery of gearboxes.",Bearing International,"R 77B,5e7ar0in,9g6 I9n.t0e0rn",ational a Division of Hudaco is the approved sole supplier for,the g2e0a2rb5o/0xe5s/1.0,2025/05/12,2030/05/11,Reported,
tme8n5t 8Hol,dingQs 15 22 0(P2t5y/)2 L6td (,herea2ft0e2r 5r/e0fe5r/3re0d to a,s OIH) is Ethsek oamut hHoorlidziendg sd iSstOribCu Ltotdr and repr,"esHen2t aptliavnet fsoer rtvhiec es aolneac ate nM odaf/fot ls aro cPleao lis wboreuarrt ic Soe tna f/tosioer nrav. ipceersio odf oEf- O5 nmeo, natlhl sP a",raOmaektlreicasf Iannvde sNtmOeVnAt Hprooldduincgts 5 i2n (SPotyu)t hL tAdfr,"ic Ra. O I H a s t h e 3 a,3u0th2o,1ri2se3d.0 r0e",presentative forementioned OEMs. OIH with the support of the,OEM2 0c2a5n/ 0fu5r/t1h6er iss,ue warra2n0ti2e5s/ 0an5d/2 p0erforma,nce gua2r0a2n5te/1e0s/ 1on9 all sp,ares supplRieedp aonrtde dservices p,rovided. It has been proven that they posse
Pow85e9r St,"ationQ, 1U n2i0t 225, /w2a6s p",erform2i0n2g5 a/0 D5e/3m0and,Mode chaEnsgkeo (mD MHCol)d firnogms SGOenC MLtodd e to SCO,"-PDurmy pIc Me oCdleea. n Dinugri ano ngf dP t hAhea s s sDe oM cR iCae t,v e te dhr es B i uPn sgrod Ituseo cctlta sio.tonr sS,y Lsoteamd Siswsiutcehd a","n EmeArgcteonmcy H Sighhu tVdoolwtang e(E ESqDu)i ptom Uenntit 2, o","p eRn i n g t h e 4 0 0 4k,V3 3B5r,e7a9k5e.r0 t0o",isolate the fault. The Pump Direction Phase Reversing Isolato,rs fai2le0d2 5(p/0h5a/s1e6-to-p,hase) ca2u0si2n5g/ 0s5e/c1o6ndary da,"mage t2o0 t2h5e/ 0b5u/s3d0ucts, re",ndering thRee upnoirtt eudnavailable,. The unit requires extensive repairs and re
freq8u6e0nt f,ailurQes1 o2f0 t2h5e/ 2a6sh c,onvey2o0r2 b5e/0lt 5(P/3r0oject,underwayE tsok roemfu rHboisldhi nthges pSlaOnCt) .L tWd hen ash,"pSlaunptp flayi las,n Ad sinhs htaolplapteiorns ao thnf esdc bare ose ihlen cr ob pma larpr niae t.rrt mreesntrtisc tg felyt sa fsuhll ,e tnhtiesr itnrigg",gers a protecIztiaonnd wrah Ticrha dtriinpgs 1th8e DHP plant,"tRo a v o i d o v e r f i l li n3g4 0th,4e8 a9s.0h0 c",ompartments and causing spillage. In this case fly ash will be,pum2p0ed2 5th/0r5ou/1g5h the,smokes2ta0c2k5 t/o0 5th/2e2 environm,ent. T2h0is2 5h/a0s6 d/2ir0e effec,ts of damaRgienpgo trhteed environm,ent and affecting local communities. In Mat
ntai8n6e1d la,"ndscQa1p e2,0 b2o5t/h2 6for a",esthe2ti0c2 p5u/0rp5o/3s0es an,"d for ensuErisnkgo sma fHe,o eldffinicgiesn ScOy Can Ldt dre gulatory",compliant to environmHeonrttaicl ulaltwusre. STehrevriec easre areas where employ,ees areE uansat bAlferi ctoa na cGcreosusp e (qPutiyp)m Letdnt and d,"a Rm s , w h i c h i s 8le,a9d9i0n,g5 0to0 .l0o0ad","loses, the grass is growing under conveyor belts which also c",ause2d0 m25a/l0fu5n/1c3tione,d on idler2s0 e2t5c/.0 S5/n1a3kes was,identifi2ed0 2b5y/ 0e9m/1p2loyees,working atR BeOpoPr taendd reported,a near miss due to the grass around the b
862,Q1 2025/26,2025/05/30,Eskom Holdings SOC Ltd,U1 & UA3n SuSrgCe nRt esfiuturbaitsiohnm aernots.e at Majuba Pow,er StationS tweiinthm thuelle pr eAnfdriicnag ( UPt3y )o Luttdage plan,"n eRd t o s t a r t o n2 09, 1Ju7l4y, 823032.50 0w i",th the SSC refurbishment works planned during this period. T,he s2it0u2a5tio/0n5 a/2ro6se a,s result o2f 0c2a5p/i0ta7l /f0u9nding co,nstraint2s0 p2r6e/v0e7n/0ti9ng the,start of theR neoprmoratel cdommercia,l process.
lin8g6 P3lan,t. ThQe1 u 2r0g2e5n/t2 p6rocu,reme2n0t 2o5f /t0h5e/ 3s0pares,speed seEnsskoorsm f oHr othldein DgHs PS OsyCs tLetmd conveyo,rs isS curiptipclayl aton den dseulirvee trhye o cf othneti nCu&oIu ssp aavrea ilDaHblPe asnpdee rde lsiaebnleso pre.rfor,mancLeu roifc oth Ee lpelcatnr Sitc u.a p lW pa len ie dhr aMveec bheaennic eaxl peri,"e nRc i n g h i g h f a i l1u,r3e4 r4a,t7e5s5 d.0u0e t",o ash leaks on the plant. Matimba Power Station is in the pro,cess 2o0f 2p5la/c0i4n/g2 9a 5-y,ears spa2re0s2 c5o/0n4tr/a3c0t which i,s antici2p0a2te5d/1 to2 /b2e3 finaliz,ed by the Renedp oorft eNdovember,"2025, all C&I spare contracts are in step 10"
ocu8re6m4en,t of cQa1li b2r0a2ti5o/n2 6gas,for the2 0O225 /m05a/t3ri0x anal,yser and Eceslkl ocmon Hnoelcdtoinrg iss cSrOitiCca Ll ttdo S eunpspulrye at,hned cDoenlitvineurye do fa tchceu Cra&te I asnpda cree licaablilber paetiorfno rGmaasn caen do fS oeurrv oemqueixp mceelln,ct.o nWnee chtoarve Eelxehmaeunstteadl A onuarl ystuicpsply of calibr,"a tRio n g a s f r o m b o 4rr8o2w,8in4g7 .f0ro0m","other Stations, leaving us with no reserves. The cell connect",or co2m0e2s5 i/n0 5tw/1o5 type,"s, the av2a0ila2b5l/e0 5ty/1p5e at store",s does 2n0o2t 5m/0e8e/t0 t8he requ,irements oRf ewphoartte ids needed,"at the at U1, U4 and U6 as we are still using"
nsit8io6n5 of,the wQe1i g2h0b2r5id/2g6e se,rvices2 0fr2o5m/0 E5n/3e0rgy d,epartmentE tsok tohme mHaoilndtienngasn ScOe Cde Lptadr tment re,suMlteadin itne nthaen cdee olafy 3 ixn wpelaig 4chi nmbgr o iad n g tcheossn ptareta rCciota dfmo.rd “ethne P roewpaeirr sS atantido nm faoirn t,enancKe uozf othkwe awnedigah Hborilddgineg”.s (DPutyri nLgtd this tr,"a nRs i t i o n , t h e m a1i,n4t7e7n,a7n5c0e. 0d0e p",artment indicated that they were not capacitated to execute su,ch a2 s0c2o5p/e0.4 /T3h0is le,ft weighb2ri0d2g5e/ 0u4n/a3t0tended an,d subs2e0q2u5e/n0t6ly/ 3b0roke do,wn. The SRteaptioornte udrgently ne,eds a reliable weighbridge to be able to pro
ns 8o6f 6the,planQt.1 T 2h0e2s5e/ 2s6pare,s are2 r0e2q5u/i0re5d/3 t0o elim,inate the Erisskk oomf t rHipopldiningg tsh eS OunCit sL tddu e to sho,rtage oSf tuhpep slyp aarneds .d eTloiv eernys oufr em tihsacte wllaen deoonu'st iBnocuiler rl osapda rloesss.es on,mills due to uNnkaavtaainlaab Tilirtayd oinf gPA dampers a,"c Rtu a t o r s a n d 1g4ea,0r0b9ox,0e7s0, .i0t i0s",essential to have the availability of the S03 plant spares which,cont2ri0b2u5te/0s4 t/o3 0envir,onmental2 l0e2g5a/l0 c4o/n3t0ravention,when 2d0a2ily6 /r0e4g/u2l9ation re,quiremenRtse aproer tneodt met and,have high exceeding in emissions. Having
867,Q1 2025/26,2025/05/30,Eskom Holdings SOC Ltd,"The supply of the new FFP cages, refurbishment of FFP plant
bag for unit 7 outage.",Sozicube The ab,"s eRn c e o f s e r v i1c7e, 7co1n8t,r8a9c0t .f0o0r t","he refurbishment of FFP plant, FFP bag change and unavaila",bility 2o0f 2F5F/P0 5c/a0g2es d,uring the2 o0u2t5ag/0e5./02,2025/06/30,Reported,
868,Q1 2025/26,2025/05/30,Eskom Holdings SOC Ltd,Water discharge charge.,Department of Water and Sanitation,"R P38a,y0m0e3n,5t 9a4s. 0p0e r",national raw water pricing strategy to the Department of Wate,r and2 S02a4n/it1a0ti/o0n1.,2024/10/01,2029/09/30,Reported,
869,Q1 2025/26,2025/05/30,Eskom Holdings SOC Ltd,Unit 1 & 2 Milling Plant Maintenace service.,Enflotech The unavaila,"b ilRity o f t h e m il2ls2 ,w2i2ll0 i,n2c6u9r. 0h0ig",h usage of fuel oil and load losses and contributes to high stati,on U2C0L2F5 /a0n5d/0 c2ould,result in 2lo0a2d5s/h0e8d/3d1ing.,2025/10/31,Reported,
870,Q1 2025/26,2025/05/30,Eskom Holdings SOCTh Let dU rgent Pr,ocurement procesSs eisc utori teyn Isnuterleli geeanrlcye d seelirvveicrye ss.ince the invitation,of comBpiedtviteivset Pbirdoste ias Cimopino s(Psitbyl)e L otdr imprac,"t iRca l a n d t h a t 1th6i,s4 7is9 n,2o7t 0d.u0e0 t",o improper planning to acquire the required Specialised Secu,rity In2te0l2li5g/e0n5c/e1 6led In,vestigati2o0n2 S5e/0rv5i/c1e7s that wo,uld res2o0lv2e6 t/h0e5 /u1r6gent si,tuation andR etop oardteddress manip,ulation of coal stockpiles and samples at E
",an8 u7r1gen",t sitQua1t i2on0 2a5ro/2s6e at,Hend2r0in2a5 P/0o5w/3e0r Stat,ion. The sEistukaotmio nH aorldosineg ass S aO rCes Lutldt lack of pl,"ant redTuhned saunpcpy lyd,u dee tloiv sehryo ratangde r eopf aaisrsh opfl aAnsth s ypslatenmt s sppaareress.. If th","e ash plant syIcsotesmea fla (iPlst,y w) Let dare prone to s","h uRt d o w n a l l t h e2 ,u6n6i5ts,5. 0W5.i0th0o","ut ash plant system available, the boilers cannot function indef",initel2y0 a2n5d/ 0e5v/e2n3tuall,y will resu2l0t 2in5 /p0r5o/d2u3ction los,s(Mega2w0a2t5ts/0 lo6s/0s2) and lo,ss of incoRmeep (oMrteegdawatts sal,e). Ultimately the whole Station will shut do
872,Q1 2025/26,2025/05/30,CuErrseknotlmy tHheo lmdiintiggsa tSioOnC o fL utdn reliability,oSf unpopnl-yre atunrdn d veallivveesry t hoaf tN wRaVs’ sim apnlde mpreenstseudr ein s tuhset aCinPiRng i sv aplovseisn.g,a safety riskIz taon tdhrea o Tpreardaitnogrs 1. 8 Due to unre,"li aRb l e N R V ’ s t h i s 4 p9o3s,e2s2 0a. 0ri0sk","of high wear rate on the piping system, which is risky and an",injury2 0h2as5 /a0l4re/2a4dy oc,"curred. 2C0u2rr5e/0n5tly/1, 4there is n",o resin2 r0e2g5e/n0e7r/a3t0ion taki,ng place inR ethpeo rCtePdR B progr,am due to the unavailability of the NRV’s an
873,Q1 2025/26,2025/05/30,Eskom Holdings SOC Ltd,Service/calibration of Metrohm Instruments.,Metrohm SA,"R 144,799.00",Metrohm SA,2025/05/08,2025/06/30,2025/06/30,Reported,
874,Q1 T2h0e2 5h/v2a6c ch,illers2 a0r2e5 r/e0s5p/3on0sible,for maintEaisnkinomg tHheo lddeinsgigsn S tOemCp Letrda ture and,ventilation requirements Soef rtvhiec em Cehnitliloenrse.d building poor temperat,ure coAnHtrI oCl aarnrdie rv eSnotuilathti oAnfr iccaan(P letya)d l ttdo pre,"m aRtu r e f a il u r e o 1f ,p5la4n7t, 3e2q5u.i0p0m",ent therefore it is critical that these system are always availabl,e and2 0re2li5a/b0l5e/ 0o5ffice,space an2d0 b2u5il/d0i6n/g0 2must me,et the re2q0u2i5re/0m8e/0n1ts of sa,ns 10400 Rneaptioonrtaeld building r,egulations to ensure that health and safety o
is 8cu7r5ren,tly inQ e1x 2ec0u2t5io/2n6 of m,ajor 2ov0e2r5h/a0u5l/ 3w0hich i,ncludes mEasjkoorm re Hfuorbldisinhgmse SnOt pCr oLjtedc ts such a,s the refurbisRhmepeanirt ooff e1l eEc-tEro EstSaPtic d parmecaigpeitda tcoar bplleasn.t. While refu,"rbishment theA EcsSePn gp la(Pntty a) tL utdnit 1, a thorou","g hR a s s e s s m e n t6 o,6f 1th0e,1 e5l8e.c0tr0ic",al auxiliary plant cables on the Electrostatic Precipitator (ESP),roof 2(2082m5/l0) 5u/n2v6eiled,"multiple2 d0a2m5/a0g5e/2s7, particul",arly con2c0e2rn6i/n0g5 /t2h7e insul,ator heaterR aenpdo rintesdulator tem,perature switching cabling the LV isolator at
876,Q1 2025/26,2025/05/30The,ash plant Emsakionmte nHaonlcdein tgesa mSO isC c Lutrdre ntly exp,eriencing challIennsgtaelsla itnio rne omf oFvAinBg 1 a-n3d C rreainwsl tBalelianmg sm.echanical co,mBpoanbecnotcsk fNoltluowthiunkgo m Eaningtineneearninceg a(Pcttiyv)i tLietds.,"ARt p r e s e n t , a f1a,b5r4ic4a,9te3d3 c.0ra0w","l beam is being used. However, this system has not been loa",d tes2te0d2 a5n/0d5 i/t0 d8oesn,’t comply2 0w2it5h/ 0e5s/t1a0blished r,egulatio2n0s2 a5n/0d6 s/3ta0ndards,. The struRcetuproer theads not bee,n designed and approved by a professional
877,Q1 2025/26,2025/05/30,Eskom Holdings SOC Ltd,"Coal Stock yard., supply and delivery of coal.",Seriti Power,"R 578,L2e0t9h,a2b3o7 .i0s 0in","need of coal supply, Seriti Power is the only supplier providin",g the2 s0e2r5v/i0ce5./23,2025/05/23,2026/04/30,Reported,
us f8a7ilu8res,on Qth1e 2d0e2g5ri/t2 s6um,p pum2p0s2 d5u/0e5 t/o3 0high,ash contenEts fkloowmi nHgo ilndtion gthse S sOuCm pLstd t hus caus,ingP rdoavmisaiogne otof Dtheeg priut mSupms pa sr ethsoeuy recneds autp K buesinileg Psuobwmere Srgtaetdio inn.to,ash due to lacMkb oufy misoenloit oGrrinogu.p Operating r,"es Rou r c e s c o n d u5c,8t r3o3u,0n8d9s .a0t0 t h","e degrit sump, but it has proven not to be adequate as the pu",mps 2a0re2 5fa/i0li5n/g1 9frequ,ently. Cu2r0r2e5n/t0ly5 t/h1e9re is one,person2 0p2e6r /s0h5i/f1t t8o moni,tor all StatRioenp 5o rsteudmps. The,person is also allocated the other areas of t
879,Q1 2025/26,2025/05/30,Eskom Holdings SOC Ltd,Supply and Rde Pl Mive ;Try Q o Hf Am 8o 5t 2o ;r 2 E 9l .eO8c nA: . 1254 5A ukgwu;9s8t 260 24 an u,rgenTt soimtucaoti oEnle aEcrt nori gsc iea n l ea a et n rHid ne gMndercinhaa nPicoawle r St,"a Rtio n . T h e s i t1u4a,t4io7n0 ,a6r4o1s.e0 a0s",a result of units delayed return to service due to repairs or un,availa2b0i2lit4y/ 1o2f /c0r3itical,spare mo2t0o2rs5 /a0n4d/2 p3ossible fl,ooding2 o0f2 a5s/h0 4p/l2a3nts and,many othRere pcoonrtdeidtions.,
880,Q1 2025/26,2025/05/30,Eskom Holdings SOC Ltd,"Supply, delivery and repair Reclaimer 1, cable reDeul est rtou cthtuer elasck",SofG teMrr Macaen caogaelm setonrta Cgeo ncsauplatacnittys i(nP Mtye) dLutdp,"i, Ra c o n s i s t e n c e2 ,s8u7p5p,l0y0 o0f. 0c0oa",l to the Station is critical to ensure bunker levels are maintain.,The2 r0e2q5u/i0re4m/3e0nt to,have bot2h0 D25ru/0m5s/1 a3vailable i,s key to2 0e2n5s/u0r7e/ 0c4onsiste,nce coal feReedp.orted,
881,Q1 2025/26,2025/05/30,Eskom HoldTinhgiss s SitOuaCti oLntd i s not due,to impropeSr pulpapnlnyi nagn.d Wdeeli vweeryre o rfe Plyeintrgo l oOnc tthaen eh e(9a5d) o.ffice contra,"ct to proceed, bQut- Tit ieqnuceo 2u7n tered unforese","e nR d e l a y s , l e a d i n 5g1 t8o, 2a 5r9eq.0u0e s","t for an extension. Consequently, the contract is now set to c",omme2n0c2e5 /o0n1 /11 9Febr,"uary 20252.0 2In5 /p0a1r/a2l0lel, the lo",cal esta2b0li2s5h/m01e/n2t0 t for Le,thabo conRtreapcto hrtaesd already s,tarted and is currently in an advanced stage
882,Q1 2025/26,2025/05/30,Eskom Holdings SOC Ltd,The supply of 10 x vacuum t aru sc hTk .hse p Setra stihoinft ifso re txhpee rrieemncoivnagl aosf h,backlogs on MvaRriMouSs Iunndiutss ttrhiaalt cause non r,"u Rnn i n g o f u n i1ts1. , 6T7h2e, 5u0rg0e.0n0c y",is due to the dust handling plant that failed and is not due to,impro2p0e2r5 p/0la5n/2n7ing.,Most of th2e0 2c5o/m05p/o2n7ents for t,he dus2t 0h2an5d/0li6n/g2 0plant a,re old and Rneepeodr tteod be replace,d.
"ed, 8to8 3tran","sforQm1e r2s0, 2H5P/2 p6ipin","g Boil2e0r,2 H5/P0 5P/3ip0ing T","urbine, AuExsilkiaormy pHipoilndgin,g Hsa SnOgeCr LStudp ports, flo","ors, roofs, vesUs6e lRs,e ehleecattr piciaple c haebalitn fga,i lCur&eI riencsotrvuemrye.nts, etc. The",damage alsoS atfefeincmteudl ltehre A ofrpicearation of near,"b Ry u n i t 5 w h 1ic9h6 w,0a1s7 e,6v4e7n.t0u0a l",ly tripped manually from 220MW due to the MV switchgear ro,om be2i0n2g5 a/0ff5e/c1te9d by,the dust2 a0n2d5 /s0t5ea/1m9 from th,e burst 2p0ip2e6./ 0 D5u/1e8 to the,extent of thRee dpaomrteadge. Matla,U6 will remain off for an extended period. B
884,Q1 2025/26,2025/05/30,Eskom Holdings SOC Ltd,"Supply and deliver of valve, bend pipe, valve globe, thermostat
and heater.",Blueprint IndTuhset rrieacl eSnotl uintisopnesctions,"u nRd e r t a k e n b y2 2th,5e4 s4y,s6t8e3m.0 e0n",gineer on outage opportunities illustrate premature failures of,critica2l0 c2o5m/0p4o/n3e0nts s,uch as g2a0s2k5e/t0s 4a/n3d0 bend pi,pes. 2026/04/29,Reported,
the8 O85EM,for tQhe1 g2e0a2r5b/o2x6es i,nstalle2d0 2o5n/ 0th5e/3 C0oal S,tockyard ECsoknovme yHoor lDdirnivgess S aOs Cw eLltld a s the Au,xiliary Cooling TSouwpepr lFy aannsd adnedli vSeurmy oitfo gmeoa risb othxee sO. EM for the gea,rboxes Binesatrailnlegd M oann t hGer oAusph (SPttayc) kLetrds at Me,"d Rup i a n d K u s 4ile9 ,P26ow1,e5r8 S7t.a0t0io",n. Bearing Man Group (BMG) is the Authorised Sole Distribut,or of 2b0o2th5 /H01an/1s5en a,nd Sumit2om02o5 g/0e5a/r2b3oxes. Th,ese ge2a0rb2o5x/1es1 /a1r2e regar,ded as esRseenptoiarlt ecdomponent,s within these systems to ensure consistent
886,Q1 2025/26,2025/05/30,Eskom Holdings SOC Ltd,Supply and install claddFeirde f idreo odroso -r .no sufficient fir,e proofing tAo nthdee rpsloannbtsro rwisnk iCngC fire outbrea,"k Rs t o u n i t s a n 1d8 o,5u1ts1id,1e8 p5l.a0n0t s",. Roller doors - Being the main entrances to transport huge pl,ant e2q0u2ip5m/0e4n/2t 9and,preventin2g0 w2a5t/e0r4 i/n2g9ress to p,"lants a2n0d2 w5o/1rk0s/3h1ops, m",alfunctioniRnge p oofr ttehde doors.,
887,Q1 2025/26,2025/05/30,Eskom Holdings SOC Ltd,Supply and delivery of Vacuum trucks.,Rockent Industrial Service (Pty) LtdUni,"t 1R d u s t p l a n t i s1 s,1ta5n0d,0in0g0 .d0u0e","to conveyor breakdown, vacuum truck is required. Unit shutd",own d2u0e2 5to/0 d4u/1st7 plan,t breakdo2w0n2.5/04/18,2025/05/09,Reported,
888,Q1 2025/26,2025/05/30,Eskom Holdings SOC Ltd,Majuba PowSeurp Spltya t&io nd ehliavse rbye oefn s iena tlh rein pgrso.cess of placing c,"ontracts, the pKrolicnegsesr iMs zina npsroi gress and no","t Rye t f i n a l iz e d . T 3h3e0 n,0ee0d2 .t0o0 b",uy spares is in the interim while the process of contracts place,ment2 i0s2 b5e/0in2g/2 c0oncl,uded. Th2e0 s2p5a/0re5s/0 c8overed o,n this u2r0g2en5t/ 0o6rd/2e7r will b,e sufficientR uenptoilr ttheed contracts,for the spares will be placed.
889,Q1 2025/26,2025/05/30,Eskom Holdings SOC Ltd,Supply & delivery classify material.,Bazil Technologies (Pty) Ltd,"ORn 2 4 t h A p r i l 42,082356 ,a9n3 8u.r0g0e n",t situation arose at Kusile Power Station. The situation arose,as a 2re0s2u5l/t0 o5f/ 1M6ill Ins,pection.2025/05/19,2025/05/19,Reported,
890,Q1 2025/26,2025/05/30,Eskom Holdings SOC Ltd,SinkIth hoaless b Receopmaiers e (vUidneitn 2t tShaStC u ragnedn Et pnrtoracnucreem deonotr oSridnekrh iosl ense)e.d,ed to remedCy SthAe Csuornfsatcreu cwtihoinc h is damage,"d R b y t h e e m e r g1e,7n1c9y, 7of7 t7h.e0 0S i",nkholes at unit 2 and that cannot wait for a contract to be in pl,ace s2in0c2e5 i/t0 i5n/v1o2lves,the safet2y 0r2is5k/.0 5S/i2n6kholes ar,e critica2l0 t2o5 b/0e5 r/e2p6aired ti,meously aRse tphoisr tiesd safety iss,ue on the people and the plant.
891,Q1 2025/26,2025/05/30Gx En,gineeringE usnkdomer Hthoel daiunsgpsi cSeO oCf tLhted FunctiPorno,"avl isLieoand oefr ,S GAxI MGEMC EHnEg iEnCeeSrAin g T, riasi nreinsgp ofonrs iab lpee troio gdu oidf eth trheee E(3n)g yine",eaersrSi.nogu tDh eApfrairctamn Ee Innntgsst i niatu et t eaio rllin nt hgoef Msiteecsh iann tiecraml s,"oRf r e q u i r e d t r a i n 1in5g7 ,n2e4e8d.0ed0 t","o look after the plant. To fulfil this role, the Gx Engineering Sp",ecial2is0t2s 5a/n0d4 /C23onsu,ltants whNo oatr es ttahtee dspecialist,"s for plaNnot tc ostmatpeodnents,",develop anRde pproersteednt in-hous,e technical training courses to share experie
tan8d9a2rds,and Qre1g u2l0a2ti5o/n2s6 an,d as s2u0c2h5 f/o0ll5o/w30ing th,e normal PErsokcoumre Hmoeldnitn pgrso cSeOssC c Latnd take long,er andC hCaTvVe Apostseenstsiaml eton ct oamndp rroempaisires tohfe t hsee cCuCriTtyV i nSfoyrsmteamti.on by i,ntroducing dI Diff eSre Tnet cshunpoplloiegrise sto work on a,"s Rec u r i t y s y s t e m .8 4T7h,e8 9u7n.a0v0a i",lability of the security system will compromise Kendal Power S,tatio2n0 a2s5 a/0n5 N/1K2P. T,he ident2if0ie2d5 s/0u5p/p1l2ier is alre,"ady vet2te0d2 5b/y0 5E/s3k0om, an",d they havRee ipnosrttaellded the CC,TV cameras onsite this will minimize the du
893On,"07 MQa1r c2h0 2250/2246, an",urge2n0t 2si5tu/0a5ti/o3n0 aros,e at EvereEsst kMomak aHluol d1i n2g7s5 kSVO aCn dL tEd verest Sn,owdon 1 275kVT Toowweer rCs o8ll2a ptos e8 7R. eTchoev esriytu Patrioojne catrose because of,a severe Msteolreme sin E tlheec tarirceaal. LFinivees t owers co,"ll aRp s e d o n t h e4 0E,v4e1r8e,s5t6 M8a.0k0a l",u 1 275kV line and three towers on the Everest Snowdon 1 27,5kV l2in0e2.5 N/0o3 c/3o1ntrac,t is requi2re0d2 5a/s0 t3h/e3 1appointe,"d contra2c0t2o5r,/ 0M8e/3le1es is p",art of the FRraempoerwteodrk Agreem,ents for Recovery of Transmission lines an
894,Q1 2025/26,2025/05/30,Eskom Holdings SOC Ltd,"PowerFactory and StationWare Licenses, Maintenance and
Support",DigSilent Buyisa (Pty) Ltd DigS,"il eRn t B u y is a i s 1 t1h,e9 8p2ro,5v9id1e.r0 0of",the PowerFactory and StationWare products and DigSilent is,the L2ic0e2n5c/e0s3 /o0w1ner,of the pro2d0u2c4ts/03/01,2026/04/17,Reported,
895,Q1 2025/26,2025/05/30,Eskom Holdings SOC Ltd,IFRS17 Subledger solution,Ernst & Young Services (Pty) Ltd,"RBo t h c o m p a n 6ie,s3 1w3e,5re0 0on.0 a0 s",oftware contract that came as a panel and there is a need to,conti2n0u2e5 u/0s3in/2g5 the s,oftware.2025/05/19,2028/05/18,Reported,
896,Q1 2025/26,2025/05/30,Eskom Holdings SOC Ltd,Provision of SEIFSA membership,SEIFSAProvision of SEI,"F RS A ( S t e e l E n g i n1e9e6r,i5n6g8 I.n0d0u",stry's Federation of South Africa) membership to act as emplo,yer's 2re0p2r5e/s0e4n/3ta0tive i,n the Me2ta0l2 E5n/0g4in/3e0ering.,2026/06/30,Reported,
897,Q1 2025/26,2025/05/30,Eskom Holdings SOC Ltd,Provision of Software,Baker Baynes,"R 120,000.00",Provision of Autodesk Software,2025/05/02,2025/05/02,2026/04/30,Reported,
898,Q1 2025/26,2025/05/30,Eskom Holdings SOC Ltd,Provision of Generator Services,General Electric Vernova,"R 748,706,183.00",Provision of Generator Services,2025/05/09,2025/05/09,2028/05/08,Reported,
899,Q1 2025/26,2025/05/30,Transnet SOC Ltd,"For the single source confinement of the renewal of thinkcell
license for a period of one (1) year",Titus Corporation (Pty) Ltd,"R 37,562.22",Specialisation: Goods or services are highly specialised,2024/02/20,2024/02/20,2025/02/19,Reported,
900,Q1 2025/26,2025/05/30,Transnet SOC Ltd,"The Provision of Cura Softwate Maintenance and Support for a
period of one (1) year",Cura Risk Management (Pty) Ltd,"R 966,996.37",Specialisation: Goods or services are highly specialised,2024/05/22,2024/05/22,2025/05/22,Reported,
901,Q1 2025/26,2025/05/30,Transnet SOC Ltd,"For the renewal of Thinkcell license for a period of twelve (12)
months",Titus Corporation (Pty) Ltd,"R 37,562.22",Specialisation: Goods or services are highly specialised,2024/07/22,2024/07/25,2025/07/22,Reported,
902,Q1 2025/26,2025/05/30,Transnet SOC Ltd,"Provision of licensing, maintenance and support of MDRM8
Application for a period of six (6) months in Transnet
Johannesburg",Polig SA (Pty) Ltd,"R 1,753,140.02",Specialisation: Goods or services are highly specialised,2024/11/05,2024/11/11,2025/03/31,Reported,
903,Q1 2025/26,2025/05/30,Transnet SOC Ltd,"Provision of additional forensic investigation services for
Transnet for a period of four (4) months",Funduzi Forensic Services (Pty) Ltd,"R 1,461,575.80",Specialisation: Goods or services are highly specialised,2024/09/09,2024/09/09,2025/01/08,Reported,
904,Q1 2025/26,2025/05/30,Transnet SOC Ltd,"Appointment of a single source confiement for a specialist
executive advisor and board advisory services for a period of
two (2) years as and when required",YSA Consulting Pty Ltd,"R 56,476.95",Specialisation: Goods or services are highly specialised,2025/04/15,2025/04/15,2027/04/27,Reported,
905,Q1 2025/26,2025/05/30,Transnet SOC Ltd,"Provision of staff transport services at the Cape Town
Container Terminal (CTCT) for a period of forty (40) days",WCL Trading cc,"R P r1e,v6io9u6s,0 S0p0e.0c0if i",cation: Goods or services are identical to previously procured,good2s 0o2r 5s/e0r5v/i0c5es,2025/06/05,2025/06/15,Reported,
906,Q1 2025/26,2025/05/30,Transnet SOC Ltd,"Provision of Labour services to assist with maintenance works
at Transnet Port Temrinals:Saldanah for a period of three (3)
months on an as and requied basis",AR Jones Engineering Pty Ltd,"R In u r g e5n,5t 1s4itu,2a5ti0o.n0s0 w","here the early or timeous delivery of goods, services and/or in",frast2ru0c2t5u/r0e5 i/s0 c2ritica,l 2025/05/05,2025/08/05,Reported,
907,Q1 2025/26,2025/05/29,Public Protector South Africa,2025/26 Website Subscription to all 13,Parliamentary Monitoring,"R 15,180.00",Sole suppliers,2025/05/19,2025/06/01,2026/05/31,Reported,
908,Q1 2025/26,2025/06/02,Companies Tribunal,Single source,Redember,"R 5,220.00",EMP 501 and COIDA submission,2025/05/14,Not stated,Not stated,Reported,
909,Q1 2025/26,2025/05/30,"Municipal Infrastructure Support Agent
(MISA)","Deviation for the appointment of a service provider (NOSA PTY
LTD) for SAMTRAC training.",NOSA,"R 33,884.75",Sole Service Provider,2025/03/04,Not stated,Not stated,Reported,
910,Q1 2025/26,2025/05/30,"Municipal Infrastructure Support Agent
(MISA)",Deviation for Membership renewal,"The Institute of Risk Management South
Africa","R 5,971.95",Sole Service Provider,2025/08/04,Not stated,Not stated,Reported,
911,Q1 2025/26,2025/05/30,"Municipal Infrastructure Support Agent
(MISA)","Deviation for the appointment of a service provider (Robert
Edwin Conferences) for drafting, negotiating and managing
commercial contracts workshop",Robert Edwin Conferences,"R 25,297.70",Sole Service Provider,2024/07/06,Not stated,Not stated,Reported,
912,Q1 2025/26,2025/06/04,"South African National Accreditation
System (SANAS)",PharmaConnect Africa NPC,Nexia SAB & T,"R 15,898.00",Sole Service Provider,2025/05/21,2025/05/21,2026/05/21,Reported,
913,Q1 2025/26,2025/06/06,"Department of Correctional Services
(DCS)",Groceries,DIBUSENG HOLDINGS (PTY) LTD,"R 364,242.00",No contract,2025/03/07,2025/03/07,2025/05/06,Reported,
914,Q1 2025/26,2025/06/06,"Department of Correctional Services
(DCS)",Brown Bread,Thabzlet Trading Cc,"R 411,000.00",No contract,2025/03/19,2025/04/18,2025/03/31,Reported,
915,Q1 2025/26,2025/06/06,"Department of Correctional Services
(DCS)",Groceries,BOTHSHELO FOODCOR (PTY) LTD,"R 365,007.50",No contract,2025/03/18,2025/03/18,2025/05/17,Reported,
916,Q1 2025/26,2025/06/06,"Department of Correctional Services
(DCS)",Bread (Perishables),Chiboz Consortium,"R 807,648.00",No contract,2025/03/14,2025/03/16,2025/04/30,Reported,
917,Q1 2025/26,2025/06/06,"Department of Correctional Services
(DCS)",Fruits And Vegetables,Gypsy Jangle Trading120,"R 52,080.00",No contract,2025/03/19,2025/03/20,2025/03/31,Reported,
918,Q1 2025/26,2025/06/06,"Department of Correctional Services
(DCS)",Maize Products,Sox & Sophy Trading & Products,"R 550,000.00",No contract,2025/03/24,2025/03/01,2025/04/30,Reported,
919,Q1 2025/26,2025/06/06,"Department of Correctional Services
(DCS)",Brown Sugar,Aj Unlimited Project (Pty) Ltd,"R 94,000.00",No contract,2025/03/07,Not stated,Not stated,Reported,
920,Q1 2025/26,2025/06/06,"Department of Correctional Services
(DCS)",Maltabella,Aj Unlimited Project (Pty) Ltd,"R 18,600.00",No contract,2025/03/07,Not stated,Not stated,Reported,
921,Q1 2025/26,2025/06/06,"Department of Correctional Services
(DCS)",Oats Meal,Aj Unlimited Project (Pty) Ltd,"R 64,170.00",No contract,2025/03/07,Not stated,Not stated,Reported,
922,Q1 2025/26,2025/06/06,"Department of Correctional Services
(DCS)",Full Cream Milk Powder,Aj Unlimited Project (Pty) Ltd,"R 64,200.00",No contract,2025/03/07,Not stated,Not stated,Reported,
923,Q1 2025/26,2025/06/06,"Department of Correctional Services
(DCS)",Sugar Beans,Aj Unlimited Project (Pty) Ltd,"R 48,000.00",No contract,2025/03/07,Not stated,Not stated,Reported,
924,Q1 2025/26,2025/06/06,"Department of Correctional Services
(DCS)",Soup Powder Mixed,Aj Unlimited Project (Pty) Ltd,"R 16,200.00",No contract,2025/03/07,Not stated,Not stated,Reported,
925,Q1 2025/26,2025/06/06,"Department of Correctional Services
(DCS)",Super Maize Meal,Aj Unlimited Project (Pty) Ltd,"R 182,000.00",No contract,2025/03/07,Not stated,Not stated,Reported,
926,Q1 2025/26,2025/06/06,"Department of Correctional Services
(DCS)",Powder Fruit Drink,Aj Unlimited Project (Pty) Ltd,"R 20,800.00",No contract,2025/03/07,Not stated,Not stated,Reported,
927,Q1 2025/26,2025/06/06,"Department of Correctional Services
(DCS)",Rice(Brown),Aj Unlimited Project (Pty) Ltd,"R 16,000.00",No contract,2025/03/07,Not stated,Not stated,Reported,
928,Q1 2025/26,2025/06/06,"Department of Correctional Services
(DCS)",Tomato Puree,Aj Unlimited Project (Pty) Ltd,"R 47,880.00",No contract,2025/03/07,Not stated,Not stated,Reported,
929,Q1 2025/26,2025/06/06,"Department of Correctional Services
(DCS)",White Vinegar,Aj Unlimited Project (Pty) Ltd,"R 3,000.00",No contract,2025/03/07,Not stated,Not stated,Reported,
930,Q1 2025/26,2025/06/06,"Department of Correctional Services
(DCS)",Maize Rice,Aj Unlimited Project (Pty) Ltd,"R 24,300.00",No contract,2025/03/07,Not stated,Not stated,Reported,
931,Q1 2025/26,2025/06/06,"Department of Correctional Services
(DCS)",Tea Rooibos,Aj Unlimited Project (Pty) Ltd,"R 3,900.00",No contract,2025/03/07,Not stated,Not stated,Reported,
932,Q1 2025/26,2025/06/06,"Department of Correctional Services
(DCS)",Margarine Yellow Spread,Aj Unlimited Project (Pty) Ltd,"R 85,800.00",No contract,2025/03/07,Not stated,Not stated,Reported,
933,Q1 2025/26,2025/06/06,"Department of Correctional Services
(DCS)",Samp,Aj Unlimited Project (Pty) Ltd,"R 23,652.00",No contract,2025/03/07,Not stated,Not stated,Reported,
934,Q1 2025/26,2025/06/06,"Department of Correctional Services
(DCS)",Sunflower Oil,Aj Unlimited Project (Pty) Ltd,"R 39,600.00",No contract,2025/03/07,Not stated,Not stated,Reported,
935,Q1 2025/26,2025/06/06,"Department of Correctional Services
(DCS)",Peanut Butter,Aj Unlimited Project (Pty) Ltd,"R 35,400.00",No contract,2025/03/07,Not stated,Not stated,Reported,
936,Q1 2025/26,2025/06/06,"Department of Correctional Services
(DCS)",Jam Assorted,Aj Unlimited Project (Pty) Ltd,"R 21,600.00",No contract,2025/03/07,Not stated,Not stated,Reported,
937,Q1 2025/26,2025/06/06,"Department of Correctional Services
(DCS)",Soya Mince,Aj Unlimited Project (Pty) Ltd,"R 21,240.00",No contract,2025/03/07,Not stated,Not stated,Reported,
938,Q1 2025/26,2025/06/06,"Department of Correctional Services
(DCS)",Spices,Aj Unlimited Project (Pty) Ltd,"R 130,000.00",No contract,2025/03/07,Not stated,Not stated,Reported,
939,Q1 2025/26,2025/06/06,"Department of Correctional Services
(DCS)",Table Salt,Aj Unlimited Project (Pty) Ltd,R 106.00,No contract,2025/03/07,Not stated,Not stated,Reported,
940,Q1 2025/26,2025/06/06,"Department of Correctional Services
(DCS)",Disinfictant Liquid,Amathunzi Amahle,"R 31,379.40",No contract,2025/03/07,Not stated,Not stated,Reported,
941,Q1 2025/26,2025/06/06,"Department of Correctional Services
(DCS)",Bleach,Amathunzi Amahle,"R 14,388.00",No contract,2025/03/07,Not stated,Not stated,Reported,
942,Q1 2025/26,2025/06/06,"Department of Correctional Services
(DCS)",Payne Gel,Amathunzi Amahle,"R 79,695.60",No contract,2025/03/07,Not stated,Not stated,Reported,
943,Q1 2025/26,2025/06/06,"Department of Correctional Services
(DCS)",Dishwashing Liquid,Amathunzi Amahle,"R 39,858.00",No contract,2025/03/07,Not stated,Not stated,Reported,
944,Q1 2025/26,2025/06/06,"Department of Correctional Services
(DCS)",Plastic Refuse Bag,Amathunzi Amahle,"R 30,900.00",No contract,2025/03/07,Not stated,Not stated,Reported,
945,Q1 2025/26,2025/06/06,"Department of Correctional Services
(DCS)",Jays Fluid,Bravopelx 371,"R 33,343.20",No contract,2025/03/07,Not stated,Not stated,Reported,
946,Q1 2025/26,2025/06/06,"Department of Correctional Services
(DCS)",Floor Polish,Bravopelx 371,"R 34,764.60",No contract,2025/03/07,Not stated,Not stated,Reported,
947,Q1 2025/26,2025/06/06,"Department of Correctional Services
(DCS)",Steel Wool,Bravopelx 371,"R 10,660.00",No contract,2025/03/07,Not stated,Not stated,Reported,
948,Q1 2025/26,2025/06/06,"Department of Correctional Services
(DCS)",Animal Feed Supplements,Alc Group Holdings,"R 98,000.00",No contract,2025/03/15,Not stated,Not stated,Reported,
949,Q1 2025/26,2025/06/06,"Department of Correctional Services
(DCS)",Sugar Beans,Netcon Group,"R 56,000.00",No contract,2025/03/20,Not stated,Not stated,Reported,
950,Q1 2025/26,2025/06/06,"Department of Correctional Services
(DCS)",Soya Mince,Netcon Group,"R 42,000.00",No contract,2025/03/20,Not stated,Not stated,Reported,
951,Q1 2025/26,2025/06/06,"Department of Correctional Services
(DCS)",Brown Sugar,Loleni Trading Cc,"R 102,500.00",No contract,2025/03/26,Not stated,Not stated,Reported,
952,Q1 2025/26,2025/06/06,"Department of Correctional Services
(DCS)",Maltabella,Loleni Trading Cc,"R 17,000.00",No contract,2025/03/26,Not stated,Not stated,Reported,
953,Q1 2025/26,2025/06/06,"Department of Correctional Services
(DCS)",Oats Meal,Loleni Trading Cc,"R 70,431.25",No contract,2025/03/26,Not stated,Not stated,Reported,
954,Q1 2025/26,2025/06/06,"Department of Correctional Services
(DCS)",Full Cream Milk Powder,Loleni Trading Cc,"R 65,688.00",No contract,2025/03/26,Not stated,Not stated,Reported,
955,Q1 2025/26,2025/06/06,"Department of Correctional Services
(DCS)",Sugar Beans,Loleni Trading Cc,"R 83,110.00",No contract,2025/03/26,Not stated,Not stated,Reported,
956,Q1 2025/26,2025/06/06,"Department of Correctional Services
(DCS)",Soup Powder Mixed,Loleni Trading Cc,"R 14,127.75",No contract,2025/03/26,Not stated,Not stated,Reported,
957,Q1 2025/26,2025/06/06,"Department of Correctional Services
(DCS)",Super Maize Meal,Loleni Trading Cc,"R 198,252.75",No contract,2025/03/26,Not stated,Not stated,Reported,
958,Q1 2025/26,2025/06/06,"Department of Correctional Services
(DCS)",Powder Fruit Drink,Loleni Trading Cc,"R 27,048.00",No contract,2025/03/26,Not stated,Not stated,Reported,
959,Q1 2025/26,2025/06/06,"Department of Correctional Services
(DCS)",Rice(Brown),Loleni Trading Cc,"R 28,980.00",No contract,2025/03/26,Not stated,Not stated,Reported,
960,Q1 2025/26,2025/06/06,"Department of Correctional Services
(DCS)",Tomato Puree,Loleni Trading Cc,"R 43,397.75",No contract,2025/03/26,Not stated,Not stated,Reported,
961,Q1 2025/26,2025/06/06,"Department of Correctional Services
(DCS)",White Vinegar,Loleni Trading Cc,"R 4,588.50",No contract,2025/03/26,Not stated,Not stated,Reported,
962,Q1 2025/26,2025/06/06,"Department of Correctional Services
(DCS)",Maize Rice,Loleni Trading Cc,"R 26,582.00",No contract,2025/03/26,Not stated,Not stated,Reported,
963,Q1 2025/26,2025/06/06,"Department of Correctional Services
(DCS)",Tea Rooibos,Loleni Trading Cc,"R 17,629.50",No contract,2025/03/26,Not stated,Not stated,Reported,
964,Q1 2025/26,2025/06/06,"Department of Correctional Services
(DCS)",Margarine Yellow Spread,Loleni Trading Cc,"R 93,750.70",No contract,2025/03/26,Not stated,Not stated,Reported,
965,Q1 2025/26,2025/06/06,"Department of Correctional Services
(DCS)",Samp,Loleni Trading Cc,"R 15,214.50",No contract,2025/03/26,Not stated,Not stated,Reported,
966,Q1 2025/26,2025/06/06,"Department of Correctional Services
(DCS)",Sunflower Oil,Loleni Trading Cc,"R 34,395.00",No contract,2025/03/26,Not stated,Not stated,Reported,
967,Q1 2025/26,2025/06/06,"Department of Correctional Services
(DCS)",Peanut Butter,Loleni Trading Cc,"R 44,453.00",No contract,2025/03/26,Not stated,Not stated,Reported,
968,Q1 2025/26,2025/06/06,"Department of Correctional Services
(DCS)",Jam Assorted,Loleni Trading Cc,"R 27,965.70",No contract,2025/03/26,Not stated,Not stated,Reported,
969,Q1 2025/26,2025/06/06,"Department of Correctional Services
(DCS)",Soya Mince,Loleni Trading Cc,"R 67,412.50",No contract,2025/03/26,Not stated,Not stated,Reported,
970,Q1 2025/26,2025/06/06,"Department of Correctional Services
(DCS)",Spices,Loleni Trading Cc,"R 12,878.75",No contract,2025/03/26,Not stated,Not stated,Reported,
971,Q1 2025/26,2025/06/06,"Department of Correctional Services
(DCS)",Table Salt,Loleni Trading Cc,"R 3,622.50",No contract,2025/03/26,Not stated,Not stated,Reported,
972,Q1 2025/26,2025/06/06,"Department of Correctional Services
(DCS)",Bath Soap,Mshika A Investment,"R 210,000.00",No contract,2025/03/26,Not stated,Not stated,Reported,
973,Q1 2025/26,2025/06/06,"Department of Correctional Services
(DCS)",Toothpaste,Mshika A Investment,"R 388,560.00",No contract,2025/03/26,Not stated,Not stated,Reported,
974,Q1 2025/26,2025/06/06,"Department of Correctional Services
(DCS)",Toothbrush,Mshika A Investment,"R 28,800.00",No contract,2025/03/26,Not stated,Not stated,Reported,
975,Q1 2025/26,2025/06/06,"Department of Correctional Services
(DCS)",Disposable Razor,Global Pest,"R 29,250.00",No contract,2025/03/26,Not stated,Not stated,Reported,
976,Q1 2025/26,2025/06/06,"Department of Correctional Services
(DCS)",Air Freshner,Global Pest,"R 6,285.00",No contract,2025/03/26,Not stated,Not stated,Reported,
977,Q1 2025/26,2025/06/06,"Department of Correctional Services
(DCS)",Deodorant Block,Global Pest,"R 8,500.00",No contract,2025/03/26,Not stated,Not stated,Reported,
978,Q1 2025/26,2025/06/06,"Department of Correctional Services
(DCS)",Grocereies,Reminisce Group,"R 362,850.00",No contract,2025/03/04,Not stated,Not stated,Reported,
979,Q1 2025/26,2025/06/06,"Department of Correctional Services
(DCS)",Grocereies,Kwadonga Holdings,"R 242,100.00",No contract,2025/03/04,Not stated,Not stated,Reported,
980,Q1 2025/26,2025/06/06,"Department of Correctional Services
(DCS)",Cleaning Material,Sgududlebe Pty Ltd,"R 53,328.00",No contract,2025/03/17,Not stated,Not stated,Reported,
981,Q1 2025/26,2025/06/06,"Department of Correctional Services
(DCS)",Cleaning Material,White Paper Projects,"R 84,476.00",No contract,2025/03/17,Not stated,Not stated,Reported,
982,Q1 2025/26,2025/06/06,"Department of Correctional Services
(DCS)","Beetroot ,Vegetable,External",Muvhuso Fresh Produce (Pty)Ltd,"R 99,900.00",No contract,2025/03/11,Not stated,Not stated,Reported,
983,Q1 2025/26,2025/06/06,"Department of Correctional Services
(DCS)","Cabbage, Vegetables, External",Muvhuso Fresh Produce (Pty)Ltd,"R 113,250.00",No contract,2025/03/11,Not stated,Not stated,Reported,
984,Q1 2025/26,2025/06/06,"Department of Correctional Services
(DCS)","Carrots, Vegetables, External",Muvhuso Fresh Produce (Pty)Ltd,"R 106,650.00",No contract,2025/03/11,Not stated,Not stated,Reported,
985,Q1 2025/26,2025/06/06,"Department of Correctional Services
(DCS)","Apple,Fruit,External",Muvhuso Fresh Produce (Pty)Ltd,"R 11,400.00",No contract,2025/03/11,Not stated,Not stated,Reported,
986,Q1 2025/26,2025/06/06,"Department of Correctional Services
(DCS)",Maize Meal,Mutshidzi Logistics And Projects,"R 98,800.00",No contract,2025/03/14,Not stated,Not stated,Reported,
987,Q1 2025/26,2025/06/06,"Department of Correctional Services
(DCS)",Toiletries,Samz & Asanda Constructions,"R 377,000.00",No contract,2024/06/21,Not stated,Not stated,Reported,
988,Q1 2025/26,2025/06/06,"Department of Correctional Services
(DCS)",Mattresses,Absolute Renovations,"R 662,500.00",No contract,2025/10/04,Not stated,Not stated,Reported,
989,Q1 2025/26,2025/06/06,"Department of Correctional Services
(DCS)",Perishables,Lamagcina Ent,"R 848,000.00",No contract,2025/11/26,Not stated,Not stated,Reported,
990,Q1 2025/26,2025/06/06,"Department of Correctional Services
(DCS)",Mattresses,Medifoam,"R 802,060.00",No contract,2025/01/16,Not stated,Not stated,Reported,
991,Q1 2025/26,2025/06/06,"Department of Correctional Services
(DCS)",Toiletries,Ishuna Agencies,"R 989,000.00",No contract,2025/03/18,Not stated,Not stated,Reported,
992,Q1 2025/26,2025/06/06,"Department of Correctional Services
(DCS)",Toiletries,Lytum Trading,"R 217,000.00",No contract,2025/03/14,Not stated,Not stated,Reported,
993,Q1 2025/26,2025/06/06,"Department of Correctional Services
(DCS)",Perishables,Tugals,"R 808,000.00",No contract,2025/03/14,Not stated,Not stated,Reported,
994,Q1 2025/26,2025/06/06,"Department of Correctional Services
(DCS)",Non-Perishables,Tura Tura,"R 565,500.00",No contract,2025/03/27,Not stated,Not stated,Reported,
995,Q1 2025/26,2025/06/06,"Department of Correctional Services
(DCS)",Perishables,Lenipoint Pty Ltd,"R 997,600.00",No contract,2025/03/26,Not stated,Not stated,Reported,
996,Q1 2025/26,2025/06/06,"Department of Correctional Services
(DCS)",Cleaning Material,Bhuba Plant Hire,"R 30,000.00",No contract,2025/03/28,Not stated,Not stated,Reported,
997,Q1 2025/26,2025/06/06,"Department of Correctional Services
(DCS)",Cleaning Material,Lytum Trading,"R 213,200.00",No contract,2025/03/28,Not stated,Not stated,Reported,
998,Q1 2025/26,2025/06/06,"Department of Correctional Services
(DCS)",Cleaning Material,PTA Agencies,"R 170,100.00",No contract,2025/03/28,Not stated,Not stated,Reported,
999,Q1 2025/26,2025/06/06,"Department of Correctional Services
(DCS)",Perishables,Ipirani,"R 188,000.00",No contract,2025/03/27,Not stated,Not stated,Reported,
1000,Q1 2025/26,2025/06/06,"Department of Correctional Services
(DCS)",Non-Perishables,KWSET,"R 149,790.00",No contract,2025/03/13,Not stated,Not stated,Reported,
1001,Q1 2025/26,2025/06/06,"Department of Correctional Services
(DCS)",Non-Perishables,Jakkata,"R 42,000.00",No contract,2025/03/19,Not stated,Not stated,Reported,
1002,Q1 2025/26,2025/06/06,"Department of Correctional Services
(DCS)",Perishables,Hawson,"R 430,511.40",No contract,2025/03/10,Not stated,Not stated,Reported,
1003,Q1 2025/26,2025/06/06,"Department of Correctional Services
(DCS)",Perishables,Dombu,"R 732,700.00",No contract,2025/03/19,Not stated,Not stated,Reported,
1004,Q1 2025/26,2025/06/06,"Department of Correctional Services
(DCS)",Non-Perishables,Jakkata,"R 187,864.00",No contract,2025/03/18,Not stated,Not stated,Reported,
1005,Q1 2025/26,2025/06/06,"Department of Correctional Services
(DCS)",Non-Perishables,Enkosi Kakhulu,"R 1,520.00",No contract,2025/03/18,Not stated,Not stated,Reported,
1006,Q1 2025/26,2025/06/06,"Department of Correctional Services
(DCS)",Perishable Provisions,Fluffdog,"R 768,000.00",No contract,2025/03/25,Not stated,Not stated,Reported,
1007,Q1 2025/26,2025/06/06,"Department of Correctional Services
(DCS)",Non-Perishables,Xavron,"R 239,060.00",No contract,2025/03/25,Not stated,Not stated,Reported,
1008,Q1 2025/26,2025/06/06,"Department of Correctional Services
(DCS)",Non-Perishables,Kholoma,"R 44,275.00",No contract,2025/03/25,Not stated,Not stated,Reported,
1009,Q1 2025/26,2025/06/06,"Department of Correctional Services
(DCS)",Cleaning Material,Intlantsi Shine,"R 32,625.00",No contract,2025/03/11,Not stated,Not stated,Reported,
1010,Q1 2025/26,2025/06/06,"Department of Correctional Services
(DCS)",Non-Perishables,Inhle Cleaners,"R 388,310.00",No contract,2025/03/03,Not stated,Not stated,Reported,
1011,Q1 2025/26,2025/06/06,"Department of Correctional Services
(DCS)",Non-Perishables,Bottie Trading,"R 304,749.00",No contract,2025/03/03,Not stated,Not stated,Reported,
1012,Q1 2025/26,2025/06/06,"Department of Correctional Services
(DCS)",Perishables,Robskin,"R 33,000.00",No contract,2025/03/03,Not stated,Not stated,Reported,
1013,Q1 2025/26,2025/06/06,"Department of Correctional Services
(DCS)",Non-Perishables,Ipirani Pty Ltd,"R 128,600.00",No contract,2025/03/28,Not stated,Not stated,Reported,
1014,Q1 2025/26,2025/06/06,"Department of Correctional Services
(DCS)",Coal Peas,Noah Security Service And Repond,"R 89,600.00",No contract,2025/03/24,Not stated,Not stated,Reported,
1015,Q1 2025/26,2025/06/06,"Department of Correctional Services
(DCS)",Coal Peas,Dynamo Stars,"R 410,400.00",No contract,2025/03/11,2025/03/11,2025/05/03,Reported,
1016,Q1 2025/26,2025/06/06,"Department of Correctional Services
(DCS)",Coal Peas,Traffic Capital,"R 682,000.00",No contract,2025/03/24,Not stated,Not stated,Reported,
1017,Q1 2025/26,2025/06/06,"Department of Correctional Services
(DCS)",Chicken Giblets,Zanele And Mzoxolo Trading,"R 67,454.00",No contract,2025/03/10,Not stated,Not stated,Reported,
1018,Q1 2025/26,2025/06/06,"Department of Correctional Services
(DCS)",Groceries,New Heights,"R 231,405.50",No contract,2025/03/31,Not stated,Not stated,Reported,
1019,Q1 2025/26,2025/06/06,"Department of Correctional Services
(DCS)",Groceries,Nosizozo Trading,"R 68,050.00",No contract,2025/03/31,Not stated,Not stated,Reported,
1020,Q1 2025/26,2025/06/06,"Department of Correctional Services
(DCS)",Chicken Giblets,Smartdome Consulting,"R 184,350.00",No contract,2025/03/12,Not stated,Not stated,Reported,
1021,Q1 2025/26,2025/06/06,"Department of Correctional Services
(DCS)",Fish Massbanker,Smartdome Consulting,"R 282,400.00",No contract,2025/03/15,Not stated,Not stated,Reported,
1022,Q1 2025/26,2025/06/06,"Department of Correctional Services
(DCS)",Beef Meat,Olesedilaka Pty Ltd,"R 411,100.00",No contract,2025/03/12,Not stated,Not stated,Reported,
1023,Q1 2025/26,2025/06/06,"Department of Correctional Services
(DCS)",Oats And Maltabella,Mrobhozo Trading Enterprise,"R 463,390.00",No contract,2025/02/03,Not stated,Not stated,Reported,
1024,Q1 2025/26,2025/06/06,"Department of Correctional Services
(DCS)",Beef Meat,Pavest Holdings,"R 863,625.00",No contract,2025/02/06,Not stated,Not stated,Reported,
1025,Q1 2025/26,2025/06/06,"Department of Correctional Services
(DCS)",Fruit And Vegetables,Amy's Cleaning Projects,"R 41,000.00",No contract,2025/02/14,Not stated,Not stated,Reported,
1026,Q1 2025/26,2025/06/06,"Department of Correctional Services
(DCS)",Chicken,Inathi Inkosi Investment,"R 43,200.00",No contract,2025/02/14,Not stated,Not stated,Reported,
1027,Q1 2025/26,2025/06/06,"Department of Correctional Services
(DCS)","Jam, Peanut Butter & Margarine",Nompumezo And Sbulnam,"R 618,525.00",No contract,2025/02/21,Not stated,Not stated,Reported,
1028,Q1 2025/26,2025/06/06,"Department of Correctional Services
(DCS)",Bread,Pillar Of Strength,"R 35,000.00",No contract,2025/02/06,Not stated,Not stated,Reported,
1029,Q1 2025/26,2025/06/06,"Department of Correctional Services
(DCS)",Perishables,Maphisa Group,"R 567,006.00",No contract,2025/03/11,2025/03/11,2025/05/03,Reported,
1030,Q1 2025/26,2025/06/06,"Department of Correctional Services
(DCS)",Bread Brown,Estapath,"R 188,480.00",No contract,2025/03/11,2025/03/11,2025/05/03,Reported,
1031,Q1 2025/26,2025/06/06,"Department of Correctional Services
(DCS)",Bread Flour,Ikhaya Traders,"R 789,210.00",No contract,2025/03/13,Not stated,Not stated,Reported,
1032,Q1 2025/26,2025/06/06,"Department of Correctional Services
(DCS)",Powders,Olgathina Projects,"R 490,568.00",No contract,2025/03/25,Not stated,Not stated,Reported,
1033,Q1 2025/26,2025/06/06,"Department of Correctional Services
(DCS)",Supply And Delivery Of Brown Bread,Talljan Pty Ltd,"R 98,900.00",No contract,2025/03/26,Not stated,Not stated,Reported,
1034,Q1 2025/26,2025/06/06,"Department of Correctional Services
(DCS)",Supply And Delivery Of Animal Feed For Pigs,Ash Man Group,"R 895,045.00",No contract,2025/03/20,Not stated,Not stated,Reported,
1035,Q1 2025/26,2025/06/06,"Department of Correctional Services
(DCS)",Groceries,Nlz Shuttles And Tours,"R 348,144.00",No contract,2025/03/10,Not stated,Not stated,Reported,
1036,Q1 2025/26,2025/06/06,"Department of Correctional Services
(DCS)",Soya Beans And Soups,Solution Hub Corp,"R 848,680.00",No contract,2025/03/12,Not stated,Not stated,Reported,
1037,Q1 2025/26,2025/06/06,"Department of Correctional Services
(DCS)",Power Milk,Nohlay Trading And Projects,"R 234,000.00",No contract,2025/03/25,Not stated,Not stated,Reported,
1038,Q1 2025/26,2025/06/06,"Department of Correctional Services
(DCS)",Groceries,Gifted Projects,"R 197,800.00",No contract,2025/03/25,Not stated,Not stated,Reported,
1039,Q1 2025/26,2025/06/06,"Department of Correctional Services
(DCS)",Groceries,Encemeni Enterprise,"R 332,600.00",No contract,2025/03/25,Not stated,Not stated,Reported,
1040,Q1 2025/26,2025/06/06,"Department of Correctional Services
(DCS)",Chicken Giblets,Kay O Logistics,"R 104,546.80",No contract,2025/03/24,Not stated,Not stated,Reported,
1041,Q1 2025/26,2025/06/06,"Department of Correctional Services
(DCS)",Maize Meal,Ikageng Foods Enterprise And Projects,"R 480,000.00",No contract,2025/03/06,Not stated,Not stated,Reported,
1042,Q1 2025/26,2025/06/06,"Department of Correctional Services
(DCS)",Chicken,Saphotantsi Trading And Projects,"R 940,000.00",No contract,2025/03/24,Not stated,Not stated,Reported,
1043,Q1 2025/26,2025/06/06,"Department of Correctional Services
(DCS)",Fruits And Vegetables,Kopanong Distributions,"R 699,557.50",No contract,2025/03/24,Not stated,Not stated,Reported,
1044,Q1 2025/26,2025/06/06,"Department of Correctional Services
(DCS)",Maize Meal (Emergency),Engymak Distributors,"R 93,500.00",No contract,2025/03/12,Not stated,Not stated,Reported,
1045,Q1 2025/26,2025/06/06,"Department of Correctional Services
(DCS)",Giblets Chicken,Kopano Cleaning And Groceries,"R 998,250.00",No contract,2025/03/04,Not stated,Not stated,Reported,
1046,Q1 2025/26,2025/06/06,"Department of Correctional Services
(DCS)",Chicken Halaal,Ariama Innovation,"R 996,800.00",No contract,2025/03/13,Not stated,Not stated,Reported,
1047,Q1 2025/26,2025/06/06,"Department of Correctional Services
(DCS)",Bread External,4gaming,"R 989,430.00",No contract,2025/03/06,Not stated,Not stated,Reported,
1048,Q1 2025/26,2025/06/06,"Department of Correctional Services
(DCS)",Coal Peas,Untapped Business,"R 996,500.00",No contract,2025/03/06,Not stated,Not stated,Reported,
1049,Q1 2025/26,2025/06/06,"Department of Correctional Services
(DCS)",Jam & Peanut Butter,Badjie Enterprise,"R 918,600.00",No contract,2025/03/20,Not stated,Not stated,Reported,
1050,Q1 2025/26,2025/06/06,"Department of Correctional Services
(DCS)",Bread External,Bomphile Enterprise,"R 996,138.00",No contract,2025/03/28,Not stated,Not stated,Reported,
1051,Q1 2025/26,2025/06/06,"Department of Correctional Services
(DCS)",Supply And Delivery Of Chicken Giblets,Nels And Daughter Enterprise,"R 896,000.00",No contract,2025/03/03,Not stated,Not stated,Reported,
1052,Q1 2025/26,2025/06/06,"Department of Correctional Services
(DCS)",Supply And Delivery Of Brown Bread Flour,Botlhale Hlompho,"R 958,750.00",No contract,2025/03/11,Not stated,Not stated,Reported,
1053,Q1 2025/26,2025/06/06,"Department of Correctional Services
(DCS)",Repair Of Two Stand-By Generators It Offices,Prepobyte,"R 58,533.77",No contract,2025/03/04,Not stated,Not stated,Reported,
1054,Q1 2025/26,2025/06/06,"Department of Correctional Services
(DCS)",Chicken,Manamela Industries,"R 724,500.00",No contract,2025/03/03,Not stated,Not stated,Reported,
1055,Q1 2025/26,2025/06/06,"Department of Correctional Services
(DCS)",Repair And Service Of Air Conditioners,Godile Holdings,"R 12,400.00",No contract,2025/03/11,Not stated,Not stated,Reported,
1056,Q1 2025/26,2025/06/06,"Department of Correctional Services
(DCS)",Repair Of Kitchen Equipment,Vuhluri Holdings,"R 74,989.78",No contract,2025/03/26,Not stated,Not stated,Reported,
1057,Q1 2025/26,2025/06/06,"Department of Correctional Services
(DCS)",Repair Of Kitchen Freezer,Voice Comm Projects And Services,"R 23,246.10",No contract,2025/03/24,Not stated,Not stated,Reported,
1058,Q1 2025/26,2025/06/06,"Department of Correctional Services
(DCS)",Frozen Chicken Wholebirds And Chicken Afvai,Malangeni Investment Projects,"R 530,025.00",No contract,2025/03/07,Not stated,Not stated,Reported,
1059,Q1 2025/26,2025/06/06,"Department of Correctional Services
(DCS)",Cleaning Materials (Various Items),Greatlinking Management Services,"R 374,232.00",No contract,2025/03/18,Not stated,Not stated,Reported,
1060,Q1 2025/26,2025/06/06,"Department of Correctional Services
(DCS)",Repair Of Two Stand-By Generators,Kwetsimani Business Enterprise,"R 142,282.48",No contract,2025/03/07,Not stated,Not stated,Reported,
1061,Q1 2025/26,2025/06/06,"Department of Correctional Services
(DCS)",Supply And Repair Of Cold Room,Black Quire,"R 14,538.88",No contract,2025/02/25,Not stated,Not stated,Reported,
1062,Q1 2025/26,2025/06/06,"Department of Correctional Services
(DCS)",Supply And Delivery Of Pauper Burial Services,Zamokuhle Funeral Services,"R 201,503.40",No contract,2025/03/20,Not stated,Not stated,Reported,
1063,Q1 2025/26,2025/06/06,"Department of Correctional Services
(DCS)",Removal Of Medical Waste,Compass Medical Waste Services,"R 68,240.00",No contract,2025/03/20,Not stated,Not stated,Reported,
1064,Q1 2025/26,2025/06/06,"Department of Correctional Services
(DCS)",Supply And Delivery Of Bread,Alrinet,"R 900,000.00",No contract,2025/03/20,Not stated,Not stated,Reported,
1065,Q1 2025/26,2025/06/06,"Department of Correctional Services
(DCS)",Supply And Delivery Of Brown Bread,Muzirams Business Enterprise,"R 289,881.80",No contract,2025/03/13,Not stated,Not stated,Reported,
1066,Q1 2025/26,2025/06/06,"Department of Correctional Services
(DCS)",Supply And Delivery Of Maize Meal,Kgosi Ya Ka Holdings,"R 533,600.00",No contract,2025/03/19,Not stated,Not stated,Reported,
1067,Q1 2025/26,2025/06/06,"Department of Correctional Services
(DCS)",Perishable Provisions (Poultry - Chicken),Burger Boys (Pty) Ltd.,"R 977,500.00",No contract,2025/03/04,2025/03/04,Not stated,Reported,
1068,Q1 2025/26,2025/06/06,"Department of Correctional Services
(DCS)","Bread Brown, Sliced, 700 grams",AL Mabroor Group (Pty) Ltd.,"R 927,500.00",No contract,2025/03/04,2025/03/04,Not stated,Reported,
1069,Q1 2025/26,2025/06/06,"Department of Correctional Services
(DCS)","Non-Perishable Provisions (Porridge, Oats)",Abelompofu Trading Services (Pty) Ltd.,"R 584,600.00",No contract,2025/11/03,2025/11/03,Not stated,Reported,
1070,Q1 2025/26,2025/06/06,"Department of Correctional Services
(DCS)","Non-Perishable Provisions (Porridge, Maltabella)",Athiri Athoro (Pty) Ltd.,"R 299,000.00",No contract,2025/03/17,2025/03/17,Not stated,Reported,
1071,Q1 2025/26,2025/06/06,"Department of Correctional Services
(DCS)","Bread Brown, Sliced, 700 grams",Pink Lindz Projects (Pty) Ltd.,"R 875,000.00",No contract,2025/03/17,2025/03/17,Not stated,Reported,
1072,Q1 2025/26,2025/06/06,"Department of Correctional Services
(DCS)",Perishable Provisions (Fruit & Vegetables),Cherry Enterprises (Pty) Ltd.,"R 807,320.00",No contract,2025/03/20,2025/03/20,Not stated,Reported,
1073,Q1 2025/26,2025/06/06,"Department of Correctional Services
(DCS)",Groceries,Gigantic Wholesaler,"R 33,500.00",No contract,2025/03/07,2025/03/17,2025/05/30,Reported,
1074,Q1 2025/26,2025/06/06,"Department of Correctional Services
(DCS)",Fruits And Vegetables,Vhasiki Construction And Projects,"R 470,500.00",No contract,2025/03/07,2025/03/06,2025/07/06,Reported,
1075,Q1 2025/26,2025/06/06,"Department of Correctional Services
(DCS)",Supply And Delivery Of Soya Mince,Mqondisi Trading Enterprise,"R 287,000.00",No contract,2025/03/27,Not stated,Not stated,Reported,
1076,Q1 2025/26,2025/06/06,"Department of Correctional Services
(DCS)",Supply And Delivery Of Chicken Giblets,Almabroor Group,"R 640,000.00",No contract,2025/03/27,Not stated,Not stated,Reported,
1077,Q1 2025/26,2025/06/06,"Department of Correctional Services
(DCS)",Chicken,Wandeme Distributors,"R 458,000.00",No contract,2025/02/20,Not stated,Not stated,Reported,
1078,Q1 2025/26,2025/06/06,"Department of Correctional Services
(DCS)",Brown Bread,Phill Holdings,"R 797,500.00",No contract,2025/12/02,Not stated,Not stated,Reported,
1079,Q1 2025/26,2025/06/06,"Department of Correctional Services
(DCS)",Maize Meal,Traffic Transport,"R 420,000.00",No contract,2025/02/20,Not stated,Not stated,Reported,
1080,Q1 2025/26,2025/06/06,"Department of Correctional Services
(DCS)",Pea Coal (Grade-A),Ligciniwe Services (Pty) Ltd.,"R 856,500.00",No contract,2025/11/03,2025/11/03,Not stated,Reported,
1081,Q1 2025/26,2025/06/06,"Department of Correctional Services
(DCS)",Cleaning Material,Traffic Private Security,"R 447,725.00",No contract,2025/02/04,2025/02/04,2025/05/03,Reported,
1082,Q1 2025/26,2025/06/06,"Department of Correctional Services
(DCS)",Supply And Delivery Of Groceries,Munic Trading,"R 303,119.00",No contract,2025/03/06,Not stated,Not stated,Reported,
1083,Q1 2025/26,2025/06/06,"Department of Correctional Services
(DCS)",Supply And Delivery Of Groceries,Poulet Solar,"R 272,850.00",No contract,2025/03/06,Not stated,Not stated,Reported,
1084,Q1 2025/26,2025/06/06,"Department of Correctional Services
(DCS)",Supply And Delivery Of Groceries,Lethabole,"R 386,100.00",No contract,2025/03/06,Not stated,Not stated,Reported,
1085,Q1 2025/26,2025/06/06,"Department of Correctional Services
(DCS)",Supply And Delivery Of Beef Fore-Quarter,Newlook Cleaning Services,"R 381,000.00",No contract,2025/03/06,Not stated,Not stated,Reported,
1086,Q1 2025/26,2025/06/06,"Department of Correctional Services
(DCS)","Supply And Delivery Of Chicken, Fish & Giblets",Traffic Private Security Services,"R 158,650.00",No contract,2025/03/14,Not stated,Not stated,Reported,
1087,Q1 2025/26,2025/06/06,"Department of Correctional Services
(DCS)",Supply And Delivery Of Groceries,Kgabo De Beer,"R 457,355.00",No contract,2025/03/26,Not stated,Not stated,Reported,
1088,Q1 2025/26,2025/06/06,"Department of Correctional Services
(DCS)",Supply And Delivery Of Groceries,Batabile Trading Enterprise,"R 201,830.00",No contract,2025/03/26,Not stated,Not stated,Reported,
1089,Q1 2025/26,2025/06/06,Special Investigating Unit (SIU),IT Web Security Summit 2025,IT Web (Pty) Ltd,"R 48,300.00","Single source, the IT Web Seurity Summit 2025 is unique to
IT Web (Pty) Ltd",2025/05/26,Not stated,Not stated,Reported,
1090,Q1 2025/26,2025/06/06,Legal Aid South Africa,Advanced Risk Based Auditing Training,"Leadership Academy for Guardians of
Governance","R 80,500.00",Sole service Provider,2025/05/07,2025/05/08,2025/05/08,Reported,
1091,Q1 2025/26,2025/06/06,Legal Aid South Africa,Expert Witness King Williams Qonce LO,Iain Robert Reid,"R 35,237.12",Emegency,2025/05/07,2025/05/12,2025/05/12,Reported,
1092,Q1 2025/26,2025/06/10,National Gambling Board (NGB),Annual jurisdictional membership fees In,ternational Association of Gaming Regulat,"o rR 15,733.52",Sole service Provider,2025/05/30,2025/07/01,2026/06/30,Reported,
1093,Q1 2025/26,2025/06/12,Centurion Aerospace Campus,Syspro Support,Big 3 Evolution (Pty) Ltd,"R 2,852.00",Sole service Provider,2025/04/30,2025/04/30,Not stated,Reported,
1094,Q1 2025/26,2025/06/11,"South African Social Security Agency
(SASSA)",DSTV Description,Multi Choice South Africa,"R 62,370.00","DSTV subscription for the financial year 2025/2026. The
deviation approval is to make use of Multi Choice South
Africa for the remaining 2025/26 financial year. The
Communication Unit is dependant on news subscription to
ensure their daily tasks are carried out.",2025/05/28,2025/05/28,2026/03/31,Reported,
1095,Q1 2025/26,2025/06/11,"South African Social Security Agency
(SASSA)",Annual Fee Registration,"The Institute of Internal Auditors- South
Africa","R 57,178.00",Sole Supplier,2025/06/03,Not stated,Not stated,Reported,
1096,Q1 2025/26,2025/06/13,"South African Social Security Agency
(SASSA)",Emergency repair of Leakage sewerage pipe,NTC Plant Hire,"R 9,896.60","Emergency procurement for the leaking Sewerage pipe in
Smithfield Office",2025/05/29,2025/05/29,2025/05/29,Reported,
1097,Q1 2025/26,2025/04/15,"National Housing Finance Corporation
SOC Ltd (NHFC)","To advertise the Request for Information (RFI) for the provision
of a Cloud-based Enterprise Resource Planning (ERP) solution
(Print)",Arena Holdings,"R 36,742.50",To increase reach and visibility of the procurement process,2025/03/04,Not stated,Not stated,Reported,
1098,Q1 2025/26,2025/04/15,"National Housing Finance Corporation
SOC Ltd (NHFC)","To advertise the Request for Information (RFI) for the provision
of a Cloud-based Enterprise Resource Planning (ERP) solution
(Online)",IT WEB,"R 34,500.00",To increase reach and visibility of the procurement process,2025/03/04,Not stated,Not stated,Reported,
1099,Q1 2025/26,2025/04/15,"National Housing Finance Corporation
SOC Ltd (NHFC)","Annual renewal of the Loan Management System (Credit
Ease) subscription",KE Concepts,"R 626,002.09","To ensure the availabity of Loan Management System for
disbursements and client reporting",2025/04/08,Not stated,Not stated,Reported,
1100,Q1 2025/26,2025/04/15,"National Housing Finance Corporation
SOC Ltd (NHFC)","Provision of Employee Wellness Services for a period of 6
months",Workforce Health Care,"R 122,322.23","To assist the organisation to promote healthy working
enviroment",2025/04/08,Not stated,Not stated,Reported,
1101,Q1 2025/26,2025/05/06,"Social Housing Regulatory Authority
(SHRA)",Continuation of administrator services at Sondela Village,Elegant Line Properties,"R 905,752.12","To completely turnaround the Sondela Village, the
management services remain a pivotal requirement up until
there has been a handover to the new SHI.",2025/05/09,2025/05/01,2025/11/30,Reported,
1102,Q1 2025/26,2025/05/06,"Social Housing Regulatory Authority
(SHRA)",Ethics Training Workshop,The Ethics Institute of South Africa,"R 52,391.00","only Governance of Ethics Workshop Training of its kind
provided by The Ethics Institute of South Africa",2025/06/06,Not stated,Not stated,Reported,
1103,Q1 2025/26,2025/04/08,Denel,Provision of internal Audit Services,Thamani Assurance Incorporated,"R 1 0,108,500.00",Limited Bidding Process,2025/04/01,2025/04/01,Not stated,Reported,
"vid1e1r0, 4esp",eciaQll1y 2in0 t2h5e/ 2e6fficie,nt an2d0 c2o5s/t0-3ef/f1e7ctive,transportationN oaf tdioenleagl aTtreesa sbuertyween OR Tam,"Appointment of Gautrain Management Agency as the Sole
boP w rIono rtv kei idrnne gar tgfioororn uath pl eA m tirr epa enotrs itnp agonsrtd a a tHnio dan ttf hioeefl d d p eSroletcag utairot eenms. Wea nttitte han nad d isn atgrdo t vnh age n tG crae2cd0k r
payment for the Gautrain Cards","ecord of punctuaGlitya,u straafienty, and operation","al Ref f i c i e n c y , G a u 2tr6a8in,0 h0a0s. 0b0e",come the preferred mode of transport for delegates attending t,he up2c0o2m5i/n0g3 /m17eetin,gs. To enNsoutr es tsaeteadm less tran,sit and Nmoitt isgtaattee da ny pote,"ntial logisRticeaplo crhteadllenges, it",is recommended that the National Treasury
1105,Q1 2025/26,2025/03/18,Brand South Africa,Caseware license fee,Adapt IT,"R 1 35,209.35",Impractical to invite competitive bidders,2025/02/21,2025/03/01,2026/02/28,Reported,
1106,Q1 2025/26,2025/03/19,South African Revenue Service (SARS),Liberty Building Parking Space,Delta Prperty Fund A,"ddRiti o n a l p a r k in 3 g,4 b0a8y,6s 0fo0r. 0th0e",Trescon staff for two (2) years and two (2) months at 0% esca,"lation2,0 e2ff5e/c0t3iv/1e4 15 M",arch 202250.25/03/15,2027/05/14,Reported,MAAA0022748
1107,Q1 2025/26,2025/03/19,Gov Ine fr on rm me an tit o C n o Sm ysm teu mni c (Gat Cio In S )and U,IF Multimedia Campaign(UIF Benefits Campaign)Community Ra,"Alfred nzo, Enkhenphini FM,Engcobo
commmunity radio,Isjonisi youth
radio,KhululekaFM, Kouga FM, kumkani
FM ,Mbashe FM, Abusekho Ubunzima ,
GoodNews FM,HIT FM, Lzwi
Lomzansi,Megazone, Nongoma FM,
North Coast radio , Ugu youth FM,
Cummter FM, EK FM,Elods, Impact FM
di,oPoort FM, Kansel FM ,TUT/TshwaneFM
,Westbury ,Kaboesna ,Ulwazi ,Eden
,Overberg FM ,786 FM ,WRFM
,Inakekelo,Kanyamazane,Mash FM ,
RFM, Botlokwa FM, Jou FM, Moletsi FM,
Aganang FM , Bojanala FM ,Life
Brodcasting,Kgatleng FM, PulseFM
,CUT FM ,KSFM, Metsimaholo , Thenga
FM","R 5 88,000.00T",he medium selected will best meet the intended larger audian,ce 2025/03/11,2025/03/12,2025/03/12,Reported,
1108,Q1 2025/26,2025/03/19,"Government Communication and
Information System (GCIS)",G20 (Commercial Television),SABC TV,"R 2 3,000,000.00T",he medium selected will best meet the intended larger audian,ce 2025/03/05,2025/03/06,2025/03/16,Reported,
1109,Q1 2025/26,2025/03/19,"Government Communication and
Information System (GCIS)",Legal Service,"Arena Holdings(Sunday
times),Bemas(Daily Voice,Cape
Times,Cape Argus,),Media 24","R 7 79,922.84T",he medium selected will best meet the intended larger audian,ce 2025/03/12,2025/03/16,2025/03/16,Reported,
1110,Q1 2025/26,2025/03/19,"Government Communication and
Information System (GCIS)",GCIS- Government Priorty Campaign 2024/25 (MDTP),SABC RADIO,"R 1 ,995,930.00T",he medium selected will best meet the intended larger audian,ce 2025/03/06,2025/03/06,2025/03/15,Reported,
1111,Q1 2025/26,2025/03/19,"Government Communication and
Information System (GCIS)",Public Notice_Notice of RMEC chairperson(ARC),"Arena Holdings,BEMAS,Fududzi
Media,Media24","R 2 20,558.22T",he medium selected will best meet the intended larger audian,ce 2025/03/14,2025/03/16,2025/03/16,Reported,
1112,Q1 2025/26,2025/03/19,"Government Communication and
Information System (GCIS)",UIF -North West Labour Activation Programme Campaign,SABC RADIO,"R 2 53,000.00T",he medium selected will best meet the intended larger audian,ce 2025/03/14,2025/03/14,2025/03/14,Reported,
1113,Q1 2025/26,2025/03/19,"Government Communication and
Information System (GCIS)",Food Borne Illness JCPS Cluster,Rena Fela (Senenza),"R 3 ,795,000.00T",he medium selected will best meet the intended larger audian,ce 2025/03/14,2025/03/14,2025/03/27,Reported,
1114,Q1 2025/26,2025/03/19,Gov Ine fr on rm me an tit o C n o Sm ysm teu mni c (Gat Cio In SS )aunbdsc ripti,on to IPSOS Governmemnt Performance Barometer & Socio Polit,ical Trends IPSOS,"R 6 32,500.00",Deviating as per 1.11b of SCM Delagtions.,2025/03/14,2025/03/14,2025/03/14,Reported,
1115,Q1 2025/26,2025/03/20,Statistics South Africa (Stats SA),Cura software licenses,CURA Risk Management (Pty) Ltd,"R 1 ,117,564.44",Sole supplier,2025/03/13,2025/04/01,2028/03/31,Reported,
1116,Q1 2025/26,2025/03/20,Statistics South Africa (Stats SA),SAS software licences,SAS Institute Inc,"R 2 7,689,569.58",Sole supplier,2025/03/13,2025/04/01,2028/03/31,Reported,
1117,Q1 2025/26,2025/03/20,"Independent Regulatory Board for Auditors
(IRBA)",FlowCentric Annual License for two year,FlowCentric Resourcing (Pty) Ltd,"R 4 92,975.00",Single source,2025/03/20,2025/03/20,2027/04/30,Reported,
1118,Q1 2025/26,2025/03/20,South African Revenue Service (SARSSu)pp,ly & delivery of Thermo scientific TruNarc handheld narcotics an,alyzer DRLM Innovations,"R 1 ,290,000.0Q0u",otations not within the threshold determined by National Treas,ury2025/03/07,Not stated,Not stated,Reported,MAAA0519025
1119,Q1 2025/26,2025/03/20,Financial Intelligence Centre (FIC),"Approval for the renewal of the i2 Analyst Notebook and iBase
software licenses and support services on a sole source basis
for a period of three years",Hidden LinksH (iPdtdye) nL tLdinks (Pty),"LtdR i s t h e o n l y 2 a,p8p5r8o,v6e3d7 .r7e1-se","ller for i2 Group, with authorisation to re-sell the i2 software pr",oduc2ts0 a2n5d/0 a3s/1s7ociat,ed suppo2rt0 i2n5 S/0o4u/t0h1 Africa.,2028/03/31,Reported,
1120,Q1 2025/26,2025/03/20,Financial Intelligence Centre (IFt IiCs )impra,"Approval for the appointment of various publishers on a single
cticaadlv ts eoo r otu isbrc etae mi nb e a ncsotsims , epfo der it tit othirve iea p lqsla ,u c aoe dtem vsee rfnototr r oiinaf ldc suo asm ntrp dyl i asa rpn tiec cce lei fr siec fl a opt rue tbd hl irceaet io
years",ns due the spVeacriaioliusse dS unpatpulirees of the sector,"s aRnd l i m i t e d s u 3 p,p7l5ie5r,s2 4th5e.8re0in",.The publications selected represent targeted selection of spe,cific i2n0d2u5st/r0ie3s/1. 7Each,publicat2io0n2 a5l/s0o4 /h0a1s a differ,"ent ma2rk0e2t 8r/e0a3c/h3,1 and th",e publicatiRoneps osreteledcted are t,hose that have higher readership numbers.
1121,Q1 2025/26,2025/03/24,"Independent Regulatory Board for Auditors
(IRBA)",Iress annual subscription,Ires MD RSA Pty Ltd,"R 2 97,237.75",Single source,2025/03/20,2025/01/04,2025/03/30,Reported,
1122,Q1 2025/26,2025/03/24,"Independent Regulatory Board for Auditors
(IRBA)",Iress aocal analysist terminal add-on subscription,Ires MD RSA Pty Ltd,"R 2 88,572.83",Single source,2025/03/20,2025/01/04,2025/03/30,Reported,
1123,Q1 2025/26,2025/03/24,"Independent Communications Authority of
South Africa (ICASA)","Support and maintenance of Skymanager Automated Spectrum
Management System for a period of 2 years",GEW Technologies,"R 3 ,584,182.00",Sole service provider,2024/12/01,2025/01/01,2025/12/31,Reported,MAAA0011275
1124,Q1 2025/26,2025/03/25,National Treasury,"Request for approval to deviate from normal supply chain
process and host the post-meeting events for all working group
meetings: internatiForneael daorcmh iPteacrtku Hree, riintafrgaes tSruitcet uhraes a bnede gnl oidbeanl tif
partnership for financial inclusion working group at Freedom
Park Heritage Site and museum",ied as the venuFere teod hooms tP thaerk delegates line,"wRith t h e G 2 0 t h e 9 m51e,.8 F2r9e.e0d0o",m Park is a space that honours South Africa’s rich history and,the s2tr0u2g5g/l0es3 /f1o7r free,"dom, justNicoet, satnatde de quality. T",he purpNooste s itsa tteod s howca,se the natRioenp'so rhtiesdtory and di,verse cultures.
s w1e1r2e5 un,dertQak1e n2 0to2 5id/2e6ntify,the m2o0s2t5 s/u0i3ta/2b5le are,a aDnedp vaertnmueen wt iothf Erem (gDpaElrodLys)m toe nlot gainsdti cLsa. beocuorn o,"Hilton Garden Inn Umhlanga Arch in Durban for the 2nd G20
mEicm fapclotoyrms eanntd W inofrraksintrgu cGturorue,p e (tEc.W DGu)e Mtoe teimtineg c foronmst r0a7in-t1s1 w Aep driild
2025",not hHailvtoen a Gn aorpdeenn bInidn bUumt Uhlmanhglaan Agarc wh as c,"hoRs e n a s t h e 1 p5r,e1f0e3rr,e8d2 1a.r5e0a f",or this high level meeting as it is well-suited for business due t,o its 2s0tr2a5te/0g3ic/ 2lo0catio,"n, excell2en0t2 i5n/f0ra4s/0tr7ucture. a",nd prox2im02it5y/ 0to4 k/1e1y econ,omic hubsR aenpdo Krteindg Shaka I,nternational AirMpoArAt. AW12h2ile0 8u3M1hIanga remain
1126,Q1 2025/26,2025/03/25,"Department of Employment and Labour
(DEL)","procure the human anatomical parts, namely the ear and
unisex whole-body torso for the Directorate: OHH",Anatomical parts and Charts cc,"R 4 0,842.48",Sole provider,2025/03/24,Not stated,Not stated,Reported,
1127,Q1 2025/26,2025/03/25,"Department of Employment and Labour
(DEL)","procure promotional items (tablecloths, country flag, wooden
table name plate, golf-shirt) for the G20 meeting",SEE,"DRe p a r t m e n t o f E2 m02p,l7o4y6m.7e0nt",and Labour handle the logistical and administrative arrangem,ents f2o0r 2h5o/s0t3in/2g4 G20,contries2025/04/07,2025/04/11,Reported,MAAA0470690
1128,Q1 2025/26,2025/03/25,Department of Em (Dp Elo Ly )ment aTnhde L faabcot uthra t,"SITAC SisI Ra tsbot rac etoean cind hsu wtcithtu iF ctio horn e tr,n ans nei sccp eIn isrv ese dits att htieg oda u ttgiho hen S eo Inn Tg ACa ygVbePemNr erS anet couf rCityS IR",due to the competeCnSceIRs t hat it has as well,"asR t h e f a c t t h a t5 a,4s2 a7n,2 o4r9g.a1n2 o","f state, it will be able to comprehend the complexity and the cla",ssific2a0t2io5n/0 o3f/ 2th0e inf,ormation Nthoatt sthtaetye dn eed to n,avigatedN tohtr osutagtehd a s SITA,deals withR eapll ogrotevdernment d,epartments (thMe AseAcAu0ri0ty1 4o7f 7th1e state is at sta
1129,Q1 2025/26,2025/03/25,"Development Bank of Southern Africa
(DBSA)",Emergency: Security Services,Cyhle Security Solutions,"R 2 88,048.2S4e","curity Services at Khandisa Primary School, Kwadlangezwa, K",ZN2025/03/19,2025/03/01,2025/05/30,Reported,MAAA0460838
1130,Q1 2025/26,2025/03/25,"Development Bank of Southern Africa
(DBSA)",Forensic Investigation,"Cliffe Dekker Hofmeyr & Webber
Wentzel","R 1 0,496,500.00",Confidential investigation,2025/03/10,2025/03/10,Not stated,Reported,"MAAA0000150
MAAA0140668"
1131,Q1 2025/26,2025/03/25,"Development Bank of Southern Africa
(DBSA)",Forensic Investigation,Edward Nathan Sonnenbergs,"R 1 ,460,500.00",Confidential investigation,2024/11/30,2024/12/05,Not stated,Reported,MAAA0008495
1132,Q1 2025/26,2025/03/25,"Development Bank of Southern Africa
(DBSA)",Forensic Investigation,Bowmans,"R 6 52,671.00",Confidential investigation,2025/03/18,2025/03/25,Not stated,Reported,MAAA0000238
1133,Q1 2025/26,2025/03/25,"National School of Government
(NSG)National Department",Catering for minister's meeting,Food and Beverage,"R 5 0O,0b0t0a.i0n0 le",ss than three quotations for goods and services due to securit,y reas2o0n2s5 /03/24,2025/03/25,2025/05/28,Reported,
1134,Q1 2025/26,2025/03/26,"Department of Communications and
Digital Technologies (DCDT)",Catering,Maribelo,"R 8 7,055.00",Urgent Case,2025/03/25,2025/03/26,2025/03/28,Reported,
1135,Q1 2025/26,2025/03/26,"Department of Communications and
Digital Technologies (DCDT)",Membership Fees,"South African Institute of Government
Auditors","R 5 ,637.30",Sole Source,2025/03/17,2025/04/01,2026/03/31,Reported,
1136,Q1 2025/26,2025/03/26,"Department of Communications and
Digital Technologies (DCDT)",Subscription Fees,Omdia,"R 1 ,094,225.00",Sole Source,2025/03/20,2025/04/01,2026/03/31,Reported,
1137,Q1 2025/26,2025/03/26,"Department of Communications and
Digital Technologies (DCDT)",Membership Fees S,outh African Institute of Electrical Engineer,"s R 3 ,065.00",Sole Source,2025/03/25,2025/03/26,2026/03/31,Reported,
1138,Q1 2025/26,2025/03/26,South African Revenue Service (SARS),"The appointment of Wolters Kluwer Tax & Accounting Southern
Africa (Pty) Ltd for the renewal of Teammate Plus Maintenance
and Support of 707 licenses (used by Internal Audit and
Enforcement), amounting to R 6 249 569.55 VAT Inclusive and
a contingency amount of R 1 242 408.83 VAT Inclusive, CPI
adjusted to cater for growth. (The deviation request is for a
period of two (2) years from 01 April 2025 to 31 March 2027 at
a total amount of R 7 492 050.38 VAT Inclusive.","Wolters Kluwer Tax& Account Southern
Africa (Pty) Ltd","R 7 ,492,050.38",Sole Source (Limited Bid),2025/03/13,2025/04/01,2027/03/31,Reported,
1139,Q1 2025/26,2025/03/27,"Development Bank of Southern Africa
(DBSA)",sole Source: SIP Trunk Solution Renewal,CoTnetilnkoumity/ BoXf Services and th,"e RS I P s o l u t i o n i s b 8 a1s,e6d4 8o.n0 0Te",lkom/BCX infrastructure which can only be maintained and su,ppor2te0d2 5b/y0 T3/e2lk4om/,BCX as th2e0 2o5w/n0e4r/0 o1f the infr,astructu2r0e2.8/03/31,Reported,MAAA0001820
1140,Q1 2025/26,2025/03/27,"Land and Agricultural Development Bank
of South Africa (Land Bank)","Single Source Appointment of Enterprise University of Pretoria
to conduct a workshop on the BF90 and Norms findings",Enterprise University of Pretoria (UP),"R 5 1,000.00",Single Source Deviation,2025/03/11,Not stated,Not stated,Reported,
1141,Q1 2025/26,2025/03/27,"Land and Agricultural Development Bank
of South Africa (Land Bank)",Excalsoft debt collection system,"Excalsoft Development (PTY) Ltd t/a
FutureSoft","R 1 ,010,944.00",Sole Source Deviation,2025/09/03,2024/08/01,2025/07/31,Reported,
1142,Q1 2025/26,2025/03/28,"Commission for Conciliation, Mediation
and Arbitration (CCMA)",Caseware Licenses,Adapt IT (Pty) Ltd It is imp,"racRti c a l t o o b t a i n 6 t7h1re,8e0 q2u.6o7tat",ions for Caseware since Adapt IT(Pty) is the only sole reseller,of Ca2s0e2W5/a0r3e/ 1s7oftwa,re in Sou2t0h2 A5f/r0ic4a/01,2028/03/31,Reported,
1143,Q1 2025/26,2025/03/28,"Commission for Conciliation, Mediation
and Arbitration (CCMA)",Membership Fees,"Institute of Risk Management South
Africa (IRMSA)","R 1 1,974.95I",t is impractical to obtain three quotations for membership fees,. 2025/03/17,Not stated,Not stated,Reported,
1144,Q1 2025/26,2025/03/28,"Commission for Conciliation, Mediation
and Arbitration (CCMA)",Membership Fees,"Public Relations Institute of Southern
Africa (PRISA)","R 2 ,420.00I",t is impractical to obtain three quotations for membership fees,. 2025/03/26,Not stated,Not stated,Reported,
1145,Q1 2025/26,2025/03/31,"Government Communication and
Information System (GCIS)",Key Milestone Campaign 2024,SABC RADIO,"R 1 ,901,772.T0h0e",medium selected will be the best meet the intented larger audi,ence2025/03/19,2025/03/21,2025/03/21,Reported,
1146,Q1 2025/26,2025/03/31,"Government Communication and
Information System (GCIS)",DHET_Call For Nominations,"Arena Holdings(Sunday
times),Fundudzi(Sunday world),Media
24","R 6 2,882.T0h0e",medium selected will be the best meet the intented larger audi,ence2025/03/21,2025/03/23,2025/03/31,Reported,
1147,Q1 2025/26,2025/03/31,"Government Communication and
Information System (GCIS)",NHC Risk And Audit Committee Campaign,"Arena Holding(Sunday
times),Fundudzi(Sunday world)","R 3 6,811.T5h0e",medium selected will be the best meet the intented larger audi,ence2025/03/21,2025/03/23,2025/03/23,Reported,
1148,Q1 2025/26,2025/03/31,"Government Communication and
Information System (GCIS)",UIF Multimedia Campaign(UIF Benefits Campaign,"Alive Advertising,Premedia Outdoor","R 1 ,009,147.T4h9e",medium selected will be the best meet the intented larger audi,ence2025/03/21,2025/03/23,2025/05/18,Reported,
1149,Q1 2025/26,2025/03/31,"Government Communication and
Information System (GCIS)",GCIS-Climate change,SABC AND ETV,"R 2 ,006,598.T2h0e",medium selected will be the best meet the intented larger audi,ence2025/03/21,2025/03/21,2025/03/31,Reported,
1150,Q1 2025/26,2025/03/31,"Government Communication and
Information System (GCIS)",GBVF CARA Funded 2024/25 2nd Phase Campaign,"Aligned Media Holdings, Mophuthing
Media","R 9 20,000.T0h0e",medium selected will be the best meet the intented larger audi,ence2025/03/24,2025/03/24,2025/03/30,Reported,
1151,Q1 2025/26,2025/03/31,"Government Communication and
Information System (GCIS)",DCDT Cyber Security Campaign,"SABC ,Arena Holdings and BEMAS","R 7 00,207.T4h0e",medium selected will be the best meet the intented larger audi,ence2025/03/24,2025/03/25,2025/03/25,Reported,
1152,Q1 2025/26,2025/03/31,"Government Communication and
Information System (GCIS)",DFFE Public Notice _Nominations of NFA Council,"Arena Holdings(Sunday times) ,BEMAS
(Business Report ),Fundudzi Media
(Sundy World,The Citizen","R 1 55,962.T8h2e",medium selected will be the best meet the intented larger audi,ence2025/03/24,2025/02/27,2025/03/30,Reported,
1153,Q1 2025/26,2025/03/31,"Government Communication and
Information System (GCIS)",DWS 30 Years of celebration campaign TV campaign,"1KZN TV,Cape Twon TV,Mpuma Kapa
TV,MVM Media (Soweto TV)","R 3 98,978.T0h0e",medium selected will be the best meet the intented larger audi,ence2025/03/25,2025/03/26,2025/03/31,Reported,
1154,Q1 2025/26,2025/03/31,"Department of Employment and Labour
(DEL)","Requesting approval of catering service for 100 Workseekers
a Ltt Ae Pnd ce od n tM rain ctis st e thr aia tl w E av sTe hhn eet l f dMo r ai nJ t io Msbttes hr a Fota hf i aEr amSn tpadldo h iyuammned onli ntn ag thn edo v 2Le 8ar tb hoo f u
February 2025",r was hostiRnegn tghqe wEaa sIntevrens tCmaepnet sLAP Hand,"linRg o v e r E v e n t a n 1 d7 P,0r0o0v.in0c0ia","l Jobs Fair at Mthatha Stadium on the 28th February 2025,the",Prov2in0c2e5 w/0a2s/ 2g7iven,few days2 t0o2 p5r/e0p2a/2re8 for the e,vent an2d0 2d5u/e0 2to/2 ti8me con,straints wRe ehpaodr tteod advertise,for 2 days.
1155,Q1 2025/26,2025/03/31,"Department of Employment and Labour
(DEL)","Requesting approval of catering service for 100 Workseekers
atte cn od ne trd a cM tsin ti hs ate t r wia al s E hv eTe lhdne t a fMto Mri nJ tihosabtets hr F ao afS iEr t ama dnpid ulo mhya mon ned ntli htn eag n 2od8f tLL haA bPo u
February 2025",r was hostiRnegn tghqe wEaa sIntevrens tCmaepnet sLAP Hand,"linRg o v e r E v e n t a n 1 d7 P,0r0o0v.in0c0ia","l Jobs Fair at Mthatha Stadium on the 28th February 2025,the",Prov2in0c2e5 w/0a2s/ 2g6iven,few days2 t0o2 p5r/e0p2a/2re8 for the e,vent an2d0 2d5u/e0 2to/2 ti8me con,straints wRe ehpaodr tteod advertise,for 2 days.
1156,Q1 2025/26,2025/03/31,"Department of Employment and Labour
(DEL)","Requesting approval of catering service for 100 Workseekers
atte cn od ne trd a cM tsin ti hs ate t r wia al s E hv eTe lhdne t a fMto Mri nJ tihosabtets hr F ao afS iEr t ama dnpid ulo mhya mon ned ntli htn eag n 2od8f tLL haA bPo u
February 2025",r was hostiRnegn tghqe wEaa sIntevrens tCmaepnet sLAP Hand,"linRg o v e r E v e n t a n 1 d7 P,0r0o0v.in0c0ia","l Jobs Fair at Mthatha Stadium on the 28th February 2025,the",Prov2in0c2e5 w/0a2s/ 2g7iven,few days2 t0o2 p5r/e0p2a/2re8 for the e,vent an2d0 2d5u/e0 2to/2 ti8me con,straints wRe ehpaodr tteod advertise,for 2 days.
1157,Q1 2025/26,2025/03/31,"Department of Employment and Labour
(DEL)","Requesting approval of catering service for 100 Workseekers
atte cn od ne trd a cM tsin ti hs ate t r wia al s E hvTeehldne t a Mf to Mrin J tishotabetsrh oF af a SEir t maa dnpid ulo myhma onendn tlti h naegn 2do 8 fL tL haA bPo ur
February 2025",was hostiRnge nthgeq wEaa sIntevrens Ctmaepnet sLAP Handl,"inRg o v e r E v e n t a n 1d 7 P,0ro0v0i.n0c0ia","l Jobs Fair at Mthatha Stadium on the 28th February 2025,the",Provi2n0c2e5 w/0a2s/ 2g7iven,few days2 to0 2p5re/0p2a/r2e8 for the e,vent an2d0 d2u5e/0 t2o/ 2ti8me con,straints weR ehpaodr tteod advertise f,or 2 days.
1158,Q1 2025/26,2025/03/31,"Department of Employment and Labour
(DEL)","Requesting approval of catering service for 100 Workseekers
atteTcn ohd nee t rMd a ciMntsiisn tti hes art e to r wfi aEal sm E hpv eleoldny tma f toe Mrn tJ t hoaabntsdh F aL aaSibr t aoa dun ird u w mhaa son nhd otli hsn etgi n 2og8f ttL hhA eP E a
February 2025",steTrnh eCleakpae C LaAtPer iHn Fagno S ode dlirnsvgic oevse Tr /EAv Denivti naen d,"PrRov i n c i a l J o b s F a 1 i8r ,a7t5 M0t.h0a0th","a Stadium on the 28th February 2025,theProvince was given",few d2a0y2s5 t/o0 2p/r2e7pare,for the ev2e0n2t5 a/0n2d/ 2d8ue to tim,e constr2a0in2t5s/ 0w2e/ 2h8ad to a,"dvertise foRr e 2p o drtaeyds,two quot",ations recieved and evaluated.
1159,Q1 2025/26,2025/03/31,"Department of Employment and Labour
(DEL)","Requesting approval of catering service for 100 Officials
atte cn od ne trd a cM tsin ti hs ate t r wia al s E hvTeehldne t a Mf to Mrin J tishotabetsrh oF af a SEir t maa dnpid ulo myhma onendn tlti h naegn 2do 8 fL tL haA bPo ur
February 2025",wTash ehloesktain Cga ttheer inEFgao sS otee drr snv icCeasp Te /LAA DPi vHinaen d l,"inRg o v e r E v e n t a n 2d 9 P,2ro5v0i.n0c0ia","l Jobs Fair at Mthatha Stadium on the 28th February 2025,the",Prov2in0c2e5 /w0a2s/2 g7iven,few days2 t0o2 p5r/e0p2a/2re8 for the,event an2d0 2d5u/e0 2to/2 t8ime co,nstraints wRee hpaodrt etod advertise,for 1 days.
1160,Q1 2025/26,2025/03/31,"Department of Employment and Labour
(DEL)","Requesting approval of catering service for 100 Stakeholders
ha an ndTd Bhlie nen g Me ofii fnc Liisa AtrePier s co ofa nEtt temranpcdlteosdy tm h M aetni n wti s aat sne dr hi a eLl la d bE aov tu e Mrn wtt h faaostr h hJ aoo Sbsts tian F dga i utirhm ea n oEd na
the 28th February 2025",steTrnh eCleakpae CLAatPe rHinaFgno Sdole dinr svgi coevse Tr E/Av eDnivt ianned,"PrRov i n c i a l J o b s F a 2 ir9 a,2t 5M0t.h0a0th","a Stadium on the 28th February 2025,theProvince was given",few d2a0y2s5 t/o0 2p/r2e7pare,for the ev2e0n2t 5a/n0d2 /d2u8e to time,constr2a0in2t5s /w02e/ 2h8ad to a,"dvertise foRr e1p odrateyds, two quo",tations recieved and evaluated.
1161,Q1 2025/26,2025/03/31,"Department of Employment and Labour
(DEL)","Requesting approval of catering service for 100 Security
oC f l LuTAsht Pee r c Ma ot nitne tirnsatd cee trsd o t fhM Eain tm wispatleosry i hamel el dEn vta eat nnMtd tf h oLara tJ hbo aob uSsr tFwadaaiisur mahno odsnt ihn ta hgn e td h2lei 8n Etg h a
February 2025",stern Cape LAPB Hilalionnd lJinugd zover Event and,"PrRov i n c i a l J o b s F a 3 ir1 a,0t 0M0t.h0a0th","a Stadium on the 28th February 2025,theProvince was given",few d2a0y2s5 t/o0 2p/r2e7pare,for the ev2e0n2t 5a/n0d2 /d2u8e to time,constr2a0in2t5s /w02e/ 2h8ad to a,"dvertise foRr 3e pdoarytesd , two quot",ations received and evaluated.
1162,Q1 2025/26,2025/03/31,"Department of Employment and Labour
(DEL)","Requesting approval of catering services for 100 VIP`s
atte cn od ne trd a cM tsin ti hs ate t r wia al s E hv eTe lhdne t a fMto Mri nJ tihosabtets hr F ao afS iEr t ama dnpid ulo mhya mon ned ntli htn eag n 2od8f tLL haA bPo u
February 2025",r was hosting thBe iElliaosnt eJrund Czape LAP Hand,"linRg o v e r E v e n t a n 2 d8 P,5r0o0v.in0c0ia","l Jobs Fair at Mthatha Stadium on the 28th February 2025,the",Prov2in0c2e5 w/0a2s/ 2g7iven,few days2 t0o2 p5r/e0p2a/2re8 for the e,vent an2d0 2d5u/e0 2to/2 ti8me con,straints wRe ehpaodr tteod advertise,for 2 days.
1163,Q1 2025/26,2025/03/31,"Department of Employment and Labour
(DEL)","Requesting approval of catering service for 100 Workseekers
atteTcnhodene tMrd a icMntisisn ttei hsrat eot rfwi aEal ms E phvleoe lydnm t a feto nMr tJ tahonabdts h LF aa a Sbir to aaudnri d uw mhaa son nhd otli hsntegin 2og8f ttLhhAe PE a
February 2025",sternJ Calai-pMea LmApPu kHua nTdralidnign go vEenr tEervpernist eand,"PrRov i n c i a l J o b s F a 1 ir7 a,5t 0M0t.h0a0th","a Stadium on the 28th February 2025,theProvince was given",few d2a0y2s5 t/o0 2p/r2e7pare,for the ev2e0n2t 5a/n0d2 /d2u8e to time,constr2a0in2t5s /w02e/ 2h8ad to a,"dvertise foRr 2e pdoarytesd , two quot",ations received and evaluated.
1164,Q1 2025/26,2025/03/31,"Department of Employment and Labour
(DEL)","Requesting approval for a hired structured framed tent with
double deck tent flooring, wood-plastic composite flooring,•50
chairs, 1 rectangular tables with white table cloths and air
conditioner for cold aTnhde wMainrmis taeirr owf hEicmhp wloaysm uetnilits aendd f oLra bou
employment counselling of 50 attendees on the day of the
Ministerial visit that was held at Mthatha Stadium on the 28th
February 2025",r wasM hpoeslwtinagn dthee D Eeavsetleorpnm Ceanpt eP rLoAjePc tHsand,"linRg o v e r E v e n t a n 4 d8 P,5r8o7v.in5c0ia","l Jobs Fair at Mthatha Stadium on the 28th February 2025,the",Prov2in0c2e5 w/0a2s/ 2g7iven,few days2 t0o2 p5r/e0p2a/2re7 for the e,vent an2d0 2d5u/e0 2to/2 ti8me con,straints wRe ehpaodr tteod advertise,for 2 days.
1165,Q1 2025/26,2025/03/31,"Department of Employment and Labour
(DEL)","Requesting approval for a hired 100 kva mobile Generator
(preferable a silent Generator, 11 x 20 metre extension cords,3
x 50 metre heavy duty extension cord, 30m Shure Power cable
cle oa vd e r/ (D pB la sB to ica srd h em eu tinst g a Ttl osh o ce o bMve ei np r ir tso htveeir d p oe ofd wE f emo rr p colaou byt llmee ste )pn,1ot w 0a enxrd , 5F L wloaaobyro u
multi plugs ,the generator must come with a full tank of diesel,
assisted with power on the day of the Ministerial visit that was
held at Mthatha Stadium on the 28th February 2025",r wasM hpoeslwtinagn dthee D Eeavsetleorpnm Ceanpt eP rLoAjePc tHsand,"linRg o v e r E v e n t a n 9 d2 P,4r6o0v.in0c0ia","l Jobs Fair at Mthatha Stadium on the 28th February 2025,the",Prov2in0c2e5 w/0a2s/ 2g7iven,few days2 t0o2 p5r/e0p2a/2re7 for the e,vent an2d0 2d5u/e0 2to/2 ti8me con,straints wRe ehpaodr tteod advertise,for 2 days.
1166,Q1 2025/26,2025/03/31,"Department of Employment and Labour
(DEL)","Requesting approval for hired 39 X 19 seater Taxi
tran ths ep o er vte ed n t p we ho icp hle w a at ste hTn edhle ded Ma tf inr Moistm htea vrt haor afi oESumts a pdwliouaymrdm s oe non ftt hMaent hd2a 8Lth tahab otou
February 2025",r was hostingN gthoelo Esaes Tterarnn sCpaoprte LAP Hand,"linRg o v e r E v e n t a n 3 d7 P,8r8o0v.in0c0ia","l Jobs Fair at Mthatha Stadium on the 28th February 2025,the",Prov2in0c2e5 w/0a2s/ 2g7iven,few days2 t0o2 p5r/e0p2a/2re8 for the e,vent an2d0 2d5u/e0 2to/2 ti8me con,straints wRe ehpaodr tteod advertise,for 1 days.
1167,Q1 2025/26,2025/03/31,"Department of Employment and Labour
(DEL)","Requesting approval for 20 x Security Guards with Grade C
duh riiTnrehgde M Mto iin ns iisastfteeergri auolaf vrEd ism is tp t ta hlok aye tm h woealnd ste hars en, ld do Lf f ai acbti aoMlus tr ha wan tad hs ae hq Sou tsaiptdimniuge m nth t o en E
the 28th February 2025",astern CBauplceo Lf SAPec Huraitnyd alinndg Covleear nEinvegn t and,"PRro v i n c i a l J o b s F 1a 6ir, 5a8t M2.t7h7at","ha Stadium on the 28th February 2025,theProvince was given",few 2d0a2ys5 /t0o2 p/2re7pare,for the e2v0e2n5t /a0n2d/2 d8ue to tim,e const2ra0i2n5ts/0 w2e/2 h8ad to a,"dvertise foRre 2p odrateysd,two quot",ations recieved and evaluated.
1168,Q1 2025/26,2025/03/31,"Department of Employment and Labour
(DEL)","Requesting approval to pay the annual fees for membership
renewal of Professional bodies for the Director:Compensation
Fund and the Disability Manager for 2025/26 Financial Year",HPCSA,"R 4 ,930.00",Payment to Profesional bodies,2025/03/19,2025/04/01,2026/03/31,Reported,
1169,Q1 2025/26,2025/03/31,"Department of Employment and Labour
(DEL)","Requesting approval for Disability Manager who attended 7th
Annua l Workplace Disability Management Conference that
was held in Sadton, Johannesburg from 19 to 20 February
2025",Robert Edwin Conference,"R 1 2,073.85",Payment to Profesional bodies,2025/01/04,2025/02/19,2025/02/20,Reported,
1170,Q1 2025/26,2025/03/31,"Department of Employment and Labour
(DEL)",Annual membership fee,"Health Professions Council of South
Africa","R 5 ,090.00",Annual membership fees for officials under COIDA,2025/03/28,Not stated,Not stated,Reported,
1171,Q1 2025/26,2025/03/31,Border Management Authority (BMA),"Appointment of the University of Cape Town to offer an Online
compliance management course from 31 March to 23 May
2025",University of Cape Town,"R 1 6,600.00","There are currently two institutions of higher learning,
namely the University of Pretoria and University of Cape
Town, which offer an online courses on compliance
management University of Pretoria offers a cheaper option
at R14 670.00; however, the course content is not fit for
purpose as it includes other relevant courses such as
interpretation of statues University of Cape Town offers the
course at price of R16 600.00 which id R2000.00 higher
than that of University of Pretoria, however the course
content is more relevant and fir for purpose as its covers all
key area of compliance and in addition offers a student a
free one year membership with the Compliance Institute of
Southern Africa",2025/03/28,2025/03/31,2025/05/23,Reported,MAAA0080068
1172,Q1 2025/26,2025/03/31,Border Management Authority (BMA),"Procurement of additional Microsoft licenses and Renewal of
licenses for 2025/26 forBorder Management Authority using the
sinlge source or sole provider procurement",Mocrosoft Ireland Operations Limited,"R 2 6,167,073.95","Microsoft is the only provider of its products and this
procurement can be done with the organisation directly.",2025/03/31,2025/01/04,2026/06/26,Reported,MAAA0111819
1173,Q1 2025/26,2025/03/31,Border Management Authority (BMA),"Advertisement of Chief Officer: Corporate Affairs position on the
Sunday Times newspaper",Cut to Black Media,"R 9 6,791.13","Taking into the nature of the post as well as the time the
current incumbent will be leaving the organisation, HCM has
requested for the approval of the deviation for advertising
the RFQ for less than three (3) days.",2025/03/27,2025/03/30,2025/03/30,Reported,MAAA0080498
1174,Q1 2025/26,2025/03/31,Public Service Commission (PSC),"Request for approval of a deviation from competitive bidding
process to procure a security radio system for the Free State
Provincial Office.",Radio Rope/Call,"R 5 ,153.66",Security risk,Not stated,Not stated,Not stated,Reported,MAAA1459169
1175,Q1 2025/26,2025/05/02,National Treasury,"Request to procure Institute of Internal Auditors South Africa
(IIASA) as a sole provider for the public sector forum scheduled
to take place from 5-6 May 2025",Institute of Internal Auditors South Africa,"R 3 1,050.00","Employees in Internal Audit Support are required to
continuously keep abreast of developments regarding the
profession to be able to provide value added services to the
organisation when it comes to internal control, governance,
and risk management processes. The conference will assist
employees to be able to acquire the knowledge when faced
with challenges to be able to come up with interventions for
such challenges",2025/03/25,Not stated,Not stated,Reported,
1176,Q1 2025/26,2025/04/02,National Treasury,"Request for approval for deviation from standard procurement
procedures on the basis of single source to appoint Karabo
Parking Management (Pty) Ltd for parking facilities at Van
Erkom Parking arcade for a period pf three (3) months",Karabo Parking Management (Pty) Ltd,"R 5 40,000.00","The DPWI acquisition scheduled had showed that the
National Treasury relocation to alternate accomodation
would be complete by 31 March 2025. However, DPWI has
been unable to meet the 31 March 2025 deadline therefore
National Treasury has to renew the parking lease whilst
engaging DPWI on a revised relocation date that will assist
in negotiating a short to long lease with Karabo Parking
Management (Pty) Ltd",2025/03/31,Not stated,Not stated,Reported,
1177,Q1 2025/26,2025/04/02,South African Revenue Service (SARS),"The renewal of maintenance and support services of the
Vanguard solution for a period of two years (01 April 2025 to 31
March 2027) with an option to extend for a further one (1) year
from the 01 April 2027 to 31 March 2028",Blueturtle Technologies (Pty) Ltd,"R 4 ,847,308.56",Sole Source (Limited Bid),2025/03/27,2025/04/01,2028/03/28,Reported,MAAA0019678
1178,Q1 2025/26,2025/04/02,South African Revenue Service (SARS),"Deviation request to appoint International Frontier Technologies
SOC Limited ('Interfront""): For the maintenance and
development services of business process workflow covering
SARS’ contact centres, tax registration, audits, bank detail
changes and orchestration of processes necessary to ensure
accurate assessments and taxpayer compliance status.","International Frontier Technologies SOC
Limited ('Interfront"")","R 1 ,531,492,088.00",Single Source (Limited Bid),2025/03/31,2025/04/01,2030/03/31,Reported,MAAA0544131
1179,Q1 2025/26,2025/04/02,South African Revenue Service (SARS),"Deviation request to appoint Government Printing Works
(GPW) for:
▪Publication of Government Notices in the Government
Gazette,
▪SARS ID cards System maintenance, acquisition of the
encrypted devices, printing of Security Cards (including card
holding pouches), and
▪Customs Folders (i.e. Z20, Books, Labels and Registers), and
Printing paper and printing of Certificate of Origin. The
recommendation for appointment of GPW is for a period of five
(5) years",Government Printing Works (GPW,"R 2 4,500,000.00",Single Source (Limited Bid),2025/03/31,2025/05/01,2030/04/30,Reported,MAAA0090672
1180,Q1 2025/26,2025/04/02,South African Revenue Service (SARS),"The renewal of BarnOwl Risk Management Tool Licenses
support and maintenance at an amount of R 274,407.25 (Incl.
VAT) for a period of one year from 1 April 2025 – 31 March
2026.",IDI Technologies (Pty) Ltd,"R 2 74,407.25",Sole Source (Limited Bid),2025/03/31,2025/04/01,2026/03/31,Reported,MAAA0043888
1181,Q1 2025/26,2025/04/03,"Development Bank of Southern Africa
(DBSA)","Single Source: Develop A Long-Term Annual 30-Year Forecast
Model, With A Special Focus On Gross Fixed Capital
Formation And The Sectors Where The DBSA Operates In.",Quantec,"R 3 64,780.00",Subscription continuation,2025/03/27,2025/04/01,2025/10/31,Reported,MAAA0536152
1182,Q1 2025/26,2025/04/03,"Development Bank of Southern Africa
(DBSA)",Sole Source: Media Buying,Media 24 - Die Burger,"R 1 2,585.60",Media Buying,2025/04/01,2025/04/02,2025/04/02,Reported,MAAA0023907
1183,Q1 2025/26,2025/04/03,"Development Bank of Southern Africa
(DBSA)",Sole Source: Media Buying,Volt Africa,"R 3 5,273.49",Media Buying,2025/04/01,2025/04/02,2025/04/02,Reported,MAAA0856564
1184,Q1 2025/26,2025/04/04,Department of Home Affairs (DHA),"Rendering physical securtiy guarding services in Head Office
(Hallmark), Gauteng (Johannesburg), Free State, KwaZulu-
Natal and Northern Cape for the period of (6) months",Tikedi Holdings (Pty) Ltd,"R 1 6,142,400.00","Due to the basis of urgency to ensure safety and security of
assests",2025/03/31,2025/04/01,2025/09/30,Reported,
1185,Q1 2025/26,2025/04/04,Department of Home Affairs (DHA),"Rendering physical securtiy guarding services in Head Office
(Digitisation), Gauteng (Tshwane), Western Cape, Eastern
Cape, North West, Mpumalanga and Limpopo for the period of
six(6) months.","Tlhomphanang Business Enterprises
ccT/A TNG Security","R 3 4,109,928.94","Due to the basis of urgency to ensure safety and security of
assests",2025/03/31,2025/04/01,2025/09/30,Reported,
1186,Q1 2025/26,2025/04/09,National Treasury,"Sole Source Procurement for support and maintenance of AML
Balance sheet Manager Solution(software licences, hosting, for
a period of five (5) years..",FIS Systems South Africa,"R 1 3,374,557.50","The Assets and Liability Management Solution ""(ALM
Solution)"" was initially sourced through an open tender
process by the IDC in 2020. The solution has a functionality
that enables the full integration of the IDC's balance sheet
management across different Strategic Business Units
(SBUs) which allows combination of functionalities for IDC
supporting the end-to-end financial risk management
requirements. IDC has invested R22.1 Million in the last five
(5) years, which include licenses, implementation, support
and training of the team, integration to source systems (SAP
and Quantum) and an upgrade of the solution to version
24.1 in July 2024. If a different solution was to be procured,
it would involve a considerable effort from a technical
resource that has limited time available and not cost
effective. Therefore, based on this justification FIS System
South Africa is the Sole source supplier of the solution to
IDC, as, no other reasonable alternative or substitute
solution exists pertaining to intellectual property rights and
business continuity.",2025/03/27,2025/03/27,2028/03/26,Reported,MAAA0098640
1187,Q1 2025/26,2025/04/17,"Government Communication and
Information System (GCIS)",PLL Free State Community Radio Campaign,,"R 180,000.00","The medium selected will be the best meet the intended
larger audience",2025/04/11,2025/04/11,2026/04/30,Reported,"MAAA0077684
MAAA1533157
MAAA0713499"
1188,Q1 2025/26,2025/04/17,"Government Communication and
Information System (GCIS)",Catering for GSCI meeting with Community Media Secto,Bhobho Catering and events,"R 5,850.00","Deviating in line with Instruction Note No 03 of 2021/2022
para 4.2 (a), (b) and C and SCM Delegation 1.2. and SCM
Policy paragraph 88,7,3",2025/04/07,2025/04/08,2025/04/08,Reported,MAAA0083069
1189,Q1 2025/26,2025/04/17,"Government Communication and
Information System (GCIS)",Catering for GBV Dialogue to siyabusa student,Serufe (PTY Ltd,"R 10,200.00","Deviate from PFMA Instruction Note 3 of 20221/2022 para
4.2 and GCIS Catering and entertainment policy para 4.1.4",2025/04/03,2025/04/11,2025/04/11,Reported,MAA0939431
1190,Q1 2025/26,2025/04/17,"Government Communication and
Information System (GCIS)","Catering for the minister's with vice Chancellor on 15 April
2025",Dasimon (Pty Ltd,"R 8,050.00","Deviate from GCIS Catering and Entertainment paragraph
4.2.2 SCM Policy para 88.7 and 88.7.2. In conjuction with
the NT Instruction note 2 of 20221/2022",2025/04/11,2025/04/15,2025/04/15,Reported,MAAA0897338
1191,Q1 2025/26,2025/04/22,"State Information Technology Agency
(SITA)","ER 4999-2023 INC24179315 Emergency procurement to
source DELL services for the (Client) Northwest Office of the
Premier (NWOOP) DELL HCI Environment",Dell Computer (Pty) Ltd,"R 741,788.00","The reasons for the system failure were caused by
overheating due to abrupt power interruptions while
conducting routine maintenance and repairs and resulting in
immense data corruption and system failure of which
resulted in the unavailability of services that are crucial to
the functionality and productivity of the provincial
government.The exact damages are unknown and can be
determined by the Service Provider (DELL).], in restoring
the services from the backup solution.",2023/02/02,2023/02/15,2023/06/15,Reported,MAAA0081504
1192,Q1 2025/26,2025/04/22,"State Information Technology Agency
(SITA)","ER 5940-2024: WO27038: Emergency Procurement done for
the Northwest Office of the Premier (NWOOP) IBM Mainframe
environment outage experienced in the month of December
2024",IBM South Africa,"R 109,191.30","The unavailability of the IBM Mainframe had a negative
impact on the North West Office of the Premier’s ability to
provide mainframe services to the Provincial Department’s
affecting service delivery to its customers, Citizens of the
Republic of South Africa with the processing of payroll,
issuing of orders and invoicing, especially the pay run that
was expected to be processes on 05 July 2024.",2024/12/03,2024/12/03,2024/12/04,Reported,MAAA0061355
1193,Q1 2025/26,2025/04/22,"State Information Technology Agency
(SITA)","ER 5939-2024 WO16276: Emergency Procurement done for
the Northwest Office of the Premier (NWOOP) IBM Mainframe
environment outage experienced in the month of July 2024.",IBM South Africa,"R 109,191.29","The unavailability of the IBM Mainframe had a negative
impact on the North West Office of the Premier’s ability to
provide mainframe services to the Provincial Department’s
affecting service delivery to its customers, Citizens of the
Republic of South Africa with the processing of payroll,
issuing of orders and invoicing, especially the pay run that
was expected to be processes on 05 July 2024.",2024/01/07,2025/01/07,2026/01/07,Reported,MAAA0061355
1194,Q1 2025/26,2025/04/15,"Commission for Conciliation, Mediation
and Arbitration (CCMA)",Membership fees,"South Africa Institute Chartered
Accountants","R 1 7,889.34","It is impractical to obtain three quotations for membership
fees",2025/03/05,2025/03/05,,Report,MAAA0387424
1195,Q1 2025/26,2025/04/15,"Commission for Conciliation, Mediation
and Arbitration (CCMA)",Membership fees,"Internal Auditors throgh the Institu of
Internal Auditors South Africa (IIASA)","R 1 27,350.19","It is impractical to obtain three quotations for membership
fees",2024/04/04,2024/04/04,,Reported,MAAA0023483
1196,Q1 2025/26,2025/04/14,Department of Home Affairs (DHA),"To provide services to the Department on the issuance of smart
ID cards to naturalised citizens",WLM Analytics,"R 4,773,420.00",Due to the basis of emergency and urgency,2025/04/02,2025/01/01,2025/04/30,Reported,
1197,Q1 2025/26,2025/04/22,Industrial Development Corporation (IDCS)i,ngle source procurement: Free State office lease agreement rene,wal Allexiflex (Pty) Ltd,"R 2 ,959,230.22","This office is retined to ensure that IDC continues to serve
the clients in an easily accessible location in the Free State
region. The office is within a 3 minute walk to the nearest
taxi rank. It is an upmarket and well-kept office. The IDC has
alread invested about R500 000.00 in infrastructur
installations as part of Tenant Installation (TI) in this regional
office to mainten its ciorporate office look and feel and to
ensure a functional and complaint work environment for IDC
staff and customers visiting the regional office. It is for this
reason that the IDC enters into a new lease agreement for
this office on a single source basis to ensure continuity and
return on investment.",2025/07/01,2025/04/25,2025/06/30,Reported,
1198,Q1 2025/26,2025/04/22,South African Post Office (SAPO),Outsystems Licences,Amazon Web Service Inc,"$48,400","Urgent single source procurement for subscription licenses
to assist with Card Replacement Project for a period of 12
months.",2025/04/02,Not stated,Not stated,Reported,MAAA0777161
1199,Q1 2025/26,2025/04/22,South African Post Office (SAPO),Interchange Licenses,Payteq Pty Ltd,"R 3 ,659,043.28","Single Source for interchange licenses while IT
Modernisation contracting matters are being resolved for a
period of 12 months.",2025/03/12,Not stated,Not stated,Reported,MAAA0196649
1200,Q1 2025/26,2025/04/22,South African Post Office (SAPO),200 Laptops,Mastomax,"R 4 ,159,600.00","Once-off urgent procurement for additional laptops required
for Card Replacement Project once off.",2025/03/12,Not stated,Not stated,Reported,MAAA0023104
1201,Q1 2025/26,2025/05/02,Border Management Authority (BMA),"Appointment of the law firm to provide a legal opinion on tender
number H004L2501RFP00214.",A Vilakazi and Associates,"R 1 40,500.00","The request for a legal opinion emanates from the meeting
held by Minister of Home Affairs and BMA. Legal opinion is
required to respond to the Minister before the tender closes
on the 14th April 2025.",2025/04/09,2025/04/09,Not stated,Reported,MAAA0248369
1202,Q1 2025/26,2025/05/02,National Treasury,"Request to procure Institute of Internal Auditors South Africa
(IIASA) as a sole provider for the public sector forum scheduled
to take place from 5-6 May 2025",Institute of Internal Auditors South Africa,"R 5 5,331.10","Employees in Internal Audit Support are required to
continuously keep abreast of developments regarding the
profession to be able to provide value added services to the
organisation when it comes to internal control, governance,
and risk management processes. The conference will assist
employees to be able to acquire the knowledge when faced
with challenges to be able to come up with interventions for
such challenges",2025/04/25,Not stated,Not stated,Reported,
1203,Q1 2025/26,2025/05/05,"Independent Communications Authority of
South Africa (ICASA)",FlowCentric Disciplinary Process Enhancement,FlowCentric Resourcing (Pty) Ltd,"R 2 4,065,216.00",Single sorce,2025/04/24,Not stated,Not stated,Reported,MAAA0593801
1204,Q1 2025/26,2025/05/05,South African Revenue Service (SARS),"The appointment of DELL Computer (Pty) Ltd for the renewal of
the DELL EMC hardware and software maintenance and
support services for a period of three (3) years from 26 April
2025 to 26 April 228, at a total total value of R63 761 748.69
Inclusive of VAT. Retrieving data. Wait a few seconds and try to
cut or copy again.",DELL Computer (Pty) Ltd,"R 6 3,761,748.69",Single sorce,2025/04/24,2025/04/26,2028/04/26,Reported,MAAA0081504
1205,Q1 2025/26,2025/05/05,National Treasury,"The Converge Africa 2025 conference is a premier event
focused on e-commerce and digital transformation across
Africa. The event will bring together global experts, public
sector leaders, digital platform developers, and supply chain
innovators for knowledge exchange, practical workshops, and
strategic networking.",Converge Africa,"R 7 ,500.00","The Converge Africa 2025 conference is a premier event
focused on e-commerce and digital transformation across
Africa. The event will bring together global experts, public
sector leaders, digital platform developers, and supply chain
innovators for knowledge exchange, practical workshops,
and strategic networking.",2025/05/02,Not stated,Not stated,,MAAA0945479
1206,Q1 2025/26,2025/05/08,State Information Technology Agency,"WO000000002064: SSP 5876-2024 –request for renewal of
the provincial health information system (enterprise manager)
license maintenance and support services on a month-to month
basis for a period not exceeding twelve (12) months","DEDALUS SOUTHERN AFRICA (PTY)
LTD","R 1 9,460,278.66","The PHIS license maintenance and support services that
SITA will procure will be processed on behalf of the
department. PHIS support and maintenance services will be
required until the last hospital is migrated to the new
Centralized Health Information Systems (CHIS). SITA must
facilitate the procurement of PHIS licenses and maintenance
and support services, and these services will be provided on
a month-to-month basis not exceeding a period of twelve
(12) months.",2025/03/02,2025/03/15,2026/04/15,Reported,MAAA0024692
1207,Q1 2025/26,2025/05/08,State Information Technology Agency,"WO000000002064: SSP 5876-2024 –
Request for renewal of the Provincial Health Information
System (Enterprise Manager) licence maintenance and support
services on month-to month basis for a period not exceeding
twelve (12) months",Mysolutions (PTY) Ltd,"R 8 48,746.12","The purpose for the submission is to ensure that the
Limpopo Office of the Premier is adequately maintained and
supported with the HCL licenses and that SITA is able to
deliver on the department’s SLA requirements. The Limpopo
Office of the Premier current services for HCL Lotus notes
licenses are active until the 30 September 2024. In order to
ensure that services are maintained and function effectively
the department has requested SITA to renew the services for
a period of HCL Lotus notes licenses are active until the 30
September 2024. In order to ensure that services are
maintained and function effectively the OEM is as follows;
HCL Software currently has only one business partner in
South Africa who is authorised to resell HCL Digital
Solutions Software to organisations who wish to resell to
their end users. In this instance, my Solutions' contract
allows them to act as a reseller and resell to secondary
channel partners, who then resell HCL Software licenses.",2026/03/02,Not stated,Not stated,Reported,"MAAA0669716
MAAA0164623
MAAA0843716"
1208,Q1 2025/26,2025/04/08,Department of Labour,"Request approval for deviation on procurement for the PES job
fair and LAP activation programme",Mbombela Stadium,"R 2 ,279,668.29",Deviation on procurement of goods and service,2025/03/30,2025/03/31,2025/03/31,Reported,
1209,Q1 2025/26,2025/05/08,CATHSETA,CATHSSETa Delagates Attendance to The Labour Law andA,nnual Labour Law and Compliance Summ,"itR 1 0,500.00",Sole source,2025/03/28,2025/04/01,2028/03/03,Reported,
1210,Q1 2025/26,2025/05/12,South African Revenue Service (SARS),"Provision of turnkey office space at Brooklyn and surrounding
areas within 10km radius","All Top Properties and Broll Property
Group (Pty) Ltd (Property owned by the
Public Investment Corporation)","R 4 58,485,327.96",Single source (Limited bid),2025/05/06,2025/07/01,2028/06/30,Reported,MAAA0170705
1211,Q1 2025/26,2025/05/12,South African Revenue Service (SARS),"Provision of the venue hire, food, beverages and related
services by Century City Conference Centre and Hotels from
16 November to 20 November 2025.",Century City Conference Centre and Hotel,"sR 3 ,592,600.00",Single source (Limited bid),2025/05/07,2025/11/16,2025/11/20,Reported,
1212,Q1 2025/26,2025/05/15,"Government Communication and
Information System (GCIS)",Limpopo labour active programme campaignMSG Grou,"p Sale (Capricon fm), New voice Media(V","heRm b e F M ) 2 42,000.00","The medium selected will best meet the intended largest
audience",2025/05/02,2025/05/08,2025/05/08,Reported,
1213,Q1 2025/26,2025/05/15,"Government Communication and
Information System (GCIS)",Cara Fund Di,"hlabeng , Metsimagolo, Cut FM, Maluti Ra","dioR 2 61,000.00","The medium selected will best meet the intended largest
audience",2025/05/02,2025/05/08,2025/12/20,Reported,
1214,Q1 2025/26,2025/05/15,"Government Communication and
Information System (GCIS)",Marketing CSP Campaign (Mpumalanga),Bushbuckridge Community Radio,"R 3 5,000.00","The medium selected will best meet the intended largest
audience",2025/04/30,2025/05/08,2025/05/08,Reported,
1215,Q1 2025/26,2025/05/15,"Government Communication and
Information System (GCIS)",Travel management for GCIS,Various agencies,R -,Deviating from SCM Policy para 88.7.2,2025/05/07,2025/05/07,Not stated,Reported,
1216,Q1 2025/26,2025/05/14,"State Information Technology Agency
(SITA)","ER 2921-2020 emergency procurement of SITA Polokwane
office accommodation for a period not exceeding twelve (12)
months",East and West Investments (pty) Ltd,"R 4 ,253,313.87","The main reason was to ensure that the Limpopo office does
not function without the office. The request for emergency
procurement is required to enable the province to have a
Provincial Office Accommodation and switching centre for
the business continuity of SITA Limpopo and to fulfil its
mandate though service provision to the Provincial Clients.
The bid was published prior expiry of the contract and it
couldnt yield postive results and then SITA went on to
request singl source from National Treasury and it was not",2020/07/31,2020/06/01,2021/05/31,Reported,MAAA0182950
1217,Q1 2025/26,2025/05/20,Development Bank of Southern Africa (DBSA,) Emergency: Fixing and C r Ee Opa ’sir s o fo fif c t ehe entrance door to the,Dream Tec Projects,"R 3 6,961.00","Require an immediate action to ensure a conducive working
environment as well as to avoid any safety hazards to
employees",2025/05/05,2025/03/31,2025/04/08,Reported,MAAA0948059
1218,Q1 2025/26,2025/05/20,Development Bank of Southern Africa (DBSA,) Emergency: Fixing of water p il pea ek s and repairing of damaged,Burgess Plumbing,"R 9 ,681.25",Fixing and repairing work is crucial for business continuity,2025/05/05,2025/03/22,2025/04/08,Reported,MAAA0108331
1219,Q1 2025/26,2025/05/20,Development Bank of Southern Africa (DBSA,) Sole Source: Republish of notice of a road closure,Media 24 - Die Burger,"R 3 5,273.49",Media Buying,2025/05/06,2025/05/11,2025/05/11,Reported,MAAA0110296
1220,Q1 2025/26,2025/05/20,Development Bank of Southern Africa (DBSA,) Sole Source: Republish of notice of a road closure,Volt Africa,"R 1 2,585.60",Media Buying,2025/05/06,2025/05/11,2025/05/11,Reported,MAAA0856564
1221,Q1 2025/26,2025/05/20,Development Bank of Southern Africa (DBSA,")Sole Source: Attorney les t ao a pd rov cis ee do in ga snd represent DBSA in
g l e n",Cliffe Dekker Hofmeyr,"R 4 ,000,000.00",Continuation of Services,2025/05/07,2025/05/08,2025/05/08,Reported,MAAA0140668
1222,Q1 2025/26,2025/05/20,Development Bank of Southern Africa (DBSA,) Sole Source: Azure DevOps licenses,Microsoft,"R 2 1,340.87",License subscription,2025/05/14,2025/05/15,2025/09/15,Reported,MAAA0006117
1223,Q1 2025/26,2025/05/20,Development Bank of Southern Africa (DBSA,) Sole Source: Facilit Sat ti ro an te o gf y I n Sfr ea ss st ir ou ncture Fund's Annual,"Akwande Communications t/a
Conversation Strategists","R 1 72,500.00",Strategy Facilitator,2025/05/15,2025/05/19,2025/05/20,Reported,MAAA0128525
1224,Q1 2025/26,2025/05/14,Sasria SOC Ltd,Sole-Source: Appoitment of Twitter subscription Services,X'' Twitter,"R 1 ,902,806.00","Sasria specializes in insuring risks associated with riots and
unrest. Social media, particularly X, is the first platform
where people discuss and organize such events. Without
access to realtime insights, our risk assessment and
response strategies remain reactive rather than proactive.
Gaining access to real-time X data will enable our
organization to make datadriven decisions and assist the
organization in taking proactive measures to avoid claims.",2025/05/08,Not stated,Not stated,Reported,
1225,Q1 2025/26,2025/05/15,Public Service Commission (PSC),"Request for deviation from the normal supply chain
management process in respect of licenses to access the
digital newspaper and magazines newspaper direct",Mangaung Metro Municiplaity,"R 1 1,310.00","The venue provided by the Mangaung Metro Municipalitu
only available venue to host the Family Summit",Not stated,2025/05/14,2025/05/15,Reported,
1226,Q1 2025/26,2025/05/15,Public Service Commission (PSC),Family summit,Dlamini F Transport,"R 3 5,530.00","A quotation was sourced from the Free \state National Taxi
Alliance (Dlamini F Transport) for the transport of citizens to
the family summit. The office could not source three
quotations from other service providres since there is only
on Taxi Association operating in the aresa",2025/05/14,Not stated,Not stated,Reported,
1227,Q1 2025/26,2025/05/15,Public Service Commission (PSC),Family summit,Charley Pietersen,"R 5 ,000.00","to pay for honorarium for motivational speaking at the Family
Summit",Not stated,2025/05/15,2025/05/15,Reported,
1228,Q1 2025/26,2025/05/16,Industrial Development Corporation (IDC),Free State office lease agreement renewal,Alexflex (Pty) Ltd,"R 2 59,230.22",Single Source,2025/04/25,2025/07/01,2025/06/30,Reported,
1229,Q1 2025/26,2025/05/05,"Independent Regulatory Board for Auditors
(IRBA)",FlowCentric Disciplinary Process Enhancement,FlowCentric Resourcing (Pty) Ltd,"R 2 40,652.60",Single sorce,2025/04/24,Not stated,Not stated,Reported,MAAA0593801
1230,Q1 2025/26,2025/05/21,Department of Employment and Labour (DEL,) Request approval for ca ste er ri vn ig c es services from correctional,Barbeton correctional services,"R 7 6,000.00","Correctional services' venue was utilised for the meeting
and their catering services were acquired",2025/05/02,Not stated,Not stated,Reported,MAAA0997147
1231,Q1 2025/26,2025/05/21,Department of Employment and Labour (DEL,")Request approval t oo a gt rte en ssd it nh e a en sn teu ra nl s Cp ain pa el cord association
c n W",EO Africa,"R 8 ,850.00",Attending a congress hosted by a professional body,2025/05/18,Not stated,Not stated,Reported,MAAA0467600
1232,Q1 2025/26,2025/05/21,"Government Communication and
Information System (GCIS)",G20 Outreach and Youth Dialoque,Metsimaholo Radio,"R 3 5,000.00","The medium selcted will best meet the intended largest
audience",2025/05/13,2025/05/20,2025/05/20,Reported,MAAA1033503
1233,Q1 2025/26,2025/05/21,"Government Communication and
Information System (GCIS)",G20 work stream meeting O,"molemo Trust Revival FM, NFM and Ulwa","ziR 1 60,164.00","The medium selcted will best meet the intended largest
audience",2025/05/13,2025/05/13,2025/05/20,Reported,
1234,Q1 2025/26,2025/05/21,"Government Communication and
Information System (GCIS)",GBV & F Radio interview campaign,"Commuter fm, Impact fm, Pheli fm, Poort
fm, Sedibeng fm, Umphakhathi","R 1 92,953.00","The medium selcted will best meet the intended largest
audience",2025/05/13,2025/05/13,2025/10/31,"MAAA0R7e3p1o3r5te5d,MAAA017",
1235,Q1 2025/26,2025/05/21,"Government Communication and
Information System (GCIS)",PLL-Gauteng G20 Radio campaign,"Commuter fm, Impact fm, Pheli fm,
Sedibeng fm, Umphakhathi","R 2 16,492.00","The medium selcted will best meet the intended largest
audience",2025/05/13,2025/05/13,2025/12/13,"RMepAoArAte0d731355,M",
1236,Q1 2025/26,2025/05/21,"Government Communication and
Information System (GCIS)",Economic opportunity Radio Interview,"Commuter fm, Impact fm, Pheli fm, Poort
fm, Sedibeng fm, Umphakhathi","R 1 95,722.20","The medium selcted will best meet the intended largest
audience",2025/05/13,2025/05/13,2025/05/11,"RMepAoArAte0d731355,M",
1237,Q1 2025/26,2025/05/21,"Government Communication and
Information System (GCIS)",ERRP and GBV & F,"NFMA, Revival and Ulwazi","R 1 86,858.00","The medium selcted will best meet the intended largest
audience",2025/05/13,2025/06/02,2025/10/31,Reported,
1238,Q1 2025/26,2025/05/21,"Government Communication and
Information System (GCIS)",Radio Interview,"Intokozo fm, Vibe fm, Inanda fm, North
Coast fm, Icora fm, Siyathuthuka fm,
Radio Khwezi, Nqubeko fm, Maputaland
fm, Ugu Youth fm, Abaqulusi fm,
Umgungundlovu, Harry Gwala fm","R 2 08,934.07","The medium selcted will best meet the intended largest
audience",2025/05/09,2025/05/14,2025/06/30,Reported,"MAAA0541402,MAAA0105968,MAAA118
0089,MAAA0434239,MAAA0343857,MA
AA0773454,MAAA0954761,MAAA04296
15,MAAA0104581,MAAA0439234,MAAA
0712312,MAAA0406284,MAAA1002420"
1239,Q1 2025/26,2025/05/21,"Government Communication and
Information System (GCIS)",Northern Cape Strem,"Omolemo Trust Revival Fm, Ulwazi Fm,
NFM","R 5 6,427.00","The medium selcted will best meet the intended largest
audience",2025/05/15,2025/06/02,2025/10/31,Reported,
1240,Q1 2025/26,2025/05/21,"Government Communication and
Information System (GCIS)",DOJ Recruitment week 19,"Arean Holdings (Sunday Times), Media
24 (News 24)","R 4 1,666.80","The medium selcted will best meet the intended largest
audience",2025/05/15,2025/05/18,2025/05/18,Reported,"MAAA0076388,MAAA0023907"
1241,Q1 2025/26,2025/05/21,"Government Communication and
Information System (GCIS)",DOJ Recruitment week 18,Arean Holdings (Sunday Times),"R 3 5,552.25","The medium selcted will best meet the intended largest
audience",2025/05/15,2025/05/18,2025/05/18,Reported,MAAA0076388
1242,Q1 2025/26,2025/05/21,"Government Communication and
Information System (GCIS)",Catering for G20,Langa General Supply,"R 2 9,750.00","Deviating in line with PFMA Instruction Note 2 of 2021/2022
para 3.2.4 (a)",2025/05/13,2025/05/16,2025/05/16,Reported,MAAA0752371
1243,Q1 2025/26,2025/05/21,"Government Communication and
Information System (GCIS)",Procurement of Signinghub,Altron TMT,"R 9 48,758.31","Deviating in line with PFMA Instruction Note 2 of
20221/2022 para 3.2.4. (a) and SITA 1183/20222
engagement model para 6.1. (e)",2025/05/13,2025/04/01,2025/03/31,Reported,MAAA0990878
1244,Q1 2025/26,2025/05/21,"Government Communication and
Information System (GCIS)",Travel management for GCIS,Various Travel Management Agencies,R -,"Deviaing in line with Line SCM PFMA Instruction Note 3 of
20221/22 para 4.1,4.2 (a) (b) (c) and SCM PFMA Instruction
Note 2 of 2021/22 para 3.2.4 (a)",2025/05/14,2025/05/14,2025/05/14,Reported,
1245,Q1 2025/26,2025/05/21,"Government Communication and
Information System (GCIS)",Travel management for GCIS,Various Travel Management Agencies,R -,"Deviating in line with PFMA Instruction Note 2 of
20221/2022 para 3.2.4(a)",2025/05/15,2025/05/15,2025/05/15,Reported,
1246,Q1 2025/26,2025/05/21,"Government Communication and
Information System (GCIS)",Catering,Tiromogo Holding,"R 9 ,000.00","The medium selcted will best meet the intended largest
audience",2025/05/16,2025/05/16,2025/05/16,Reported,MAAA1349284
1247,Q1 2025/26,2025/05/21,"Government Communication and
Information System (GCIS)",Travel management for GCIS,Ultimate Travel,"R 1 3,704.07","The medium selcted will best meet the intended largest
audience",2025/05/16,2025/05/25,2025/05/28,Reported,MAAA0006977
1248,Q1 2025/26,2025/05/22,"State Information Technology Agency
(SITA)","Request to procure maintenance and support for BMC software
products, for a period of thirty-six (36) months",Blue Turtle Technologies (Pty) Ltd,"R 3 7,984,651.21","Business continuity for support and maintanance of existing
software.",2025/03/03,3/1/2025,2028/02/28,Reported,MAAA19678
1249,Q1 2025/26,2025/05/22,"State Information Technology Agency
(SITA)","Request for approval to enter into a twelve (12) months contract
with EOH as an ICT single source service provider",EOH Mthombo (Pty) ltd,"R 1 9,132,622.30","Due to EOH Mthombo (Pty) Ltd currently providing the
service to the Department and to ensure business
continuity.",2025/02/27,4/1/2025,2026/03/31,Reported,MAAA0004972
1250,Q1 2025/26,2025/05/22,"State Information Technology Agency
(SITA)","WOOOOOO21964: Contract extension of rfb 2299-2020: saps
hardware maintenance and support of all EUE related
equipment on a month to month basis not exceeding two (2)
months, from 01 May 2025 to 30 June 2025",Gijima Holdings/ Sizwe Africa IT Group,"R 1 4,201,423.00","Business continuity for hardware maintenance and support
for end[1]user equipment for the South African Police
Service (SAPS)",2025/04/30,2025/05/01,2025/05/30,Reported,MAAA3117 / MAAA0037117
1251,Q1 2025/26,2025/05/23,South African Revenue Service (SARS),"Renewal of IHS Regional eXplorer and Econostat Service
Subscription for Economic data and Software for a period of
thirty-six (36) Months from the 16 May 2025 until 15 May 2028
based on IHS Information & Insight (Pty) Ltd being the sole
provider of the service.",IHS Information & Insight (Pty) Ltd,"R 1 ,925,658.05",Sole Source (Limited Bid),2025/05/15,2025/05/16,2028/05/15,Reported,
1252,Q1 2025/26,2025/05/23,South African Revenue Service (SARS),"The renewal of 24 Powtoon licenses (subscription) for the
“Learning and Development” division (SATT). The period of the
licenses will be from 31 May 2025 - 30 May 2028",Neo Technologies Pty (Ltd),"R 1 ,634,430.60",Sole Source (Limited Bid),2025/05/16,2025/05/31,2028/05/30,Reported,
1253,Q1 2025/26,2025/05/23,Broadband Infraco,"Provision of CaseWare Working Papers software license to
Broadband Infraco.",Adapt IT (Pty) Ltd,"R 9 7,155.95","CaseWare Africa a division of Adapt IT Holdings is the only
licensed organisation in Africa that distributes the licenses to
service providers.",2025/04/24,Not stated,Not stated,Reported,
1254,Q1 2025/26,2025/05/23,Broadband Infraco,"Appointment of a legal firm with specialised expertise in labour
law to assist with workplace investigation and disciplinary
processes.",Cliffe Dekker and Hofmeyer Attorneys,"R 9 77,500.00","The company’s existing panel of legal service providers has
expired and a new procurement process is underway to
establish a new panel capable of managing diverse legal
matters, including labor relations",2025/03/11,Not stated,Not stated,Reported,
1255,Q1 2025/26,2025/05/28,"Government Communication and
Information System (GCIS)",DMV Call For Nomination Week 18,Arena Holdings and Fundudzi Media,"R 1 07,980.40","The medium selected will best meet the intended largest
audience",2025/05/16,2025/05/18,2025/05/18,Reported,"MAAA0076388,MAAA0819393"
1256,Q1 2025/26,2025/05/28,"Government Communication and
Information System (GCIS)",Sperkspruit Imbizo Campaign,Ekhephini Fm,"R 3 5,000.00","The medium selected will best meet the intended largest
audience",2025/05/22,2025/05/23,2025/05/23,Reported,MAAA0676011
1257,Q1 2025/26,2025/05/28,"Government Communication and
Information System (GCIS)",Addendum Compensation Fund_ 2024 Return of Earnings,Primedia,"R 1 72,500.00","The medium selected will best meet the intended largest
audience",2025/05/23,2025/05/23,2025/08/23,Reported,MAAA0009825
1258,Q1 2025/26,2025/05/28,"Government Communication and
Information System (GCIS)",Travel management for GCIS,XL Aero city travel,"R 7 ,737.00","Deviating in line with PFMA Instruction Note 2 of 2021/2022
para 3.2.4(a)",2025/05/15,2025/05/15,2025/05/16,Reported,MAAA0039472
1259,Q1 2025/26,2025/05/28,"Government Communication and
Information System (GCIS)",Travel management for GCIS,XL Aero city travel,"R 8 1,198.00","Deviating in line with PFMA Instruction Note 2 of 2021/2022
para 3.2.4(a) SCM policy in line with para 88",2025/05/15,2025/05/18,2025/05/22,Reported,MAAA0039472
1260,Q1 2025/26,2025/05/28,"Government Communication and
Information System (GCIS)",Catering,Adonis project (pty)LTD,"R 9 8,750.00","Deviation in Line with SCM Policy 75.3,88.1,88.6 and 88.8",2025/05/22,2025/05/26,2025/05/27,Reported,MAAA0936657
1261,Q1 2025/26,2025/05/28,"Government Communication and
Information System (GCIS)",Catering,Morati Enterprise,"R 8 ,100.00",Deviating in line with GCIS Catering Policy para 4.1.3,2025/05/22,2025/06/19,2025/06/19,Reported,MAAA0112344
1262,Q1 2025/26,2025/05/28,Sasria SOC Ltd,Sole-Source: Appoitment of Twitter subscriptiXon'' TSweritvteicre- sFore,"ign Company (The document warehouse,","DuRja C o n s u l t i n 1 g,902,806.00","Sasria specializes in insuring risks associated with riots and
unrest. Social media, particularly X, is the first platform
where people discuss and organize such events. Without
access to realtime insights, our risk assessment and
response strategies remain reactive rather than proactive.
Gaining access to real-time X data will enable our
organization to make datadriven decisions and assist the
organization in taking proactive measures to avoid claims.",2025/05/08,Not stated,Not stated,Reported,"MAAA0015694, MAAA0013052"
1263,Q1 2025/26,2025/05/28,Financial Intelligence Centre (FIC),"Reporting of the increase in the estimated financial implication
of the renovations project for phase 2 of the appointed current
landlord, Centurion Vision Development (Pty) Ltd, for the
Fusion Centre office renovations required at the Byls Bridge
Office Park, Centurion, to accommodate the SecFin team",Centurion Vision Development (Pty) Ltd,"R 1 50,221.66","On 26 September 2023 the acting Director granted approval
for the appointment of the current landlord, Centurion Vision
Development (Pty) Ltd, on a single source basis for office
alteration services required at Byls Bridge Office Park,
Centurion at an estimated value of R8 083 479.43 that was
subject to further negotiations. On 5 October 2023 the single
source deviation was reported to NT & AGSA as prescribed.
On 19 March 2024, the acting Director approved the
increased project cost of R12 693 134.02 that was still
within the budget of R14 million. The increase was reported
to NT and AG on 27 March 2024.
On 4 December 2024 the acting Director approved the final
project cost for the completion of Phase 2 of the renovation
project, to meet the requirements of the FIC, of R12 860
952,20 and still within the budget of R14 million. The
increase was reported to NT and AG on 12 December 2024.
The FIC were requested in March 2025 by the National
Treasury to accommodate the SecFin team of 8 members in
a secure area, for a period of four years. The existing Fusion
Centre area at the Byls Bridge Office Park, Centurion, was
identified as the most suitable area to accommodate the
SecFin team and to alter the offices with minimal
modifications to meet their requirements. On 16 May 2025
the Acting Director granted approval for the required office
alterations and renovations work to accommodate the",2025/05/16,2025/06/02,2025/06/30,Reported,MAAA0108786
1264,Q1 2025/26,2025/05/28,State Information Technology Agency (SITA,"Request for approval of the annual renewal of the NMS Oracle
)hardware maintenance & software support for a period of one
(1) year.",NMS Oracle,"R 4 ,455,634.99",Sole Source procurement,2024/12/17,2025/03/01,2026/02/28,Reported,MAAA0094612
1265,Q1 2025/26,2025/05/26,"Independent Regulatory Board for Auditors
(IRBA)",LMS Licensing,Yokufunda Consulting (Pty) Ltd,"R 3 31,200.00",Single source,2025/05/23,Not stated,Not stated,Reported,MAAA0049889
1266,Q1 2025/26,2025/05/26,Department of Employment and Labour (DEL,"Request for approval to deviate from the normal procurement
) pr po rc ee ds ics ae ts e a lon gd i se tn icte sr a i sn t to h ea sm oa lein ste on ua rcn ec e p ra og vr ie de em r fe on r t t hw eit h
provisioning of iqual.net for a period of twenty-four (24) months.",Predicate Logistics,"R 2 55,105.90","IQual provides a solution to various National, Provincial,
Local Governments and Institution’s need for a procurement
tool allowing registered CSD suppliers an equal opportunity
to submit quotations for goods and services.",2025/05/24,2025/05/24,2027/05/23,Reported,MAAA002320
1267,Q1 2025/26,2025/05/26,"Independent Regulatory Board for Auditors
(IRBA)",Investigation of Financial Crimes Training,"Enterprises University of
Pretoria","R 1 3,400.00",Single Source,2025/05/22,2025/06/02,2025/06/06,Reported,MAAA0031035
1268,Q1 2025/26,2025/05/30,"Department of Public Service and
Administration (DPSA)","Renewal of Six (6) Dell VXRAIL Server Hardware Warrantees
for Two (2) Years and VMware Vsphere License.",Leishan IT Consultancy,"R 2 ,024,566.95","Procurement through the SITA Transversal Contract RFB
2003/2014. Only two responses were received from the
eighteen engaged of which one service provider (Nambiti
Technologies) quoted through Nambiti Technologies
Limpopo which is not appointed to render these services on
the Transversal Contract and was disqualified. Deviation
approval obtained from the Accounting Officer in terms of
the normal three quotation process to which an order was
placed on 29 May 2025.",2025/05/26,2025/01/06,2027/05/31,Reported,MAAA0012685
1269,Q1 2025/26,2025/05/30,National Treasury,"Request for deviation from the normal supply chain
management procedures to procure by other means on basis of
urgency, limited bidding and written price quotations not within
the threshold, in order to invite a previously appointed panel of
domestic corporate legal experts to submit quotations for the
appointment of a service provider for the launch of the
infrastructure bond for a period of six (6) monhs","Allen and Overy, Bowman Gilfillan
incorporated, Coetzer Whitley inc t/a
White & Case LLP, Edqard nathan
Sonnenbergs incorporated, Sigma
Attorneys Incorporated, Webber Wentzel",,"This panel is recommended to be appointed for six months
to assist the National Treasury with quality and specialised
legal services, pending the advertisement of a tender for the
appointment of a new panel of domestic law firms",2025/05/25,Not stated,Not stated,Reported,"MAAA0040794,MAAA0000150,
MAAA1100363, MAAA0000238,
MAAA0944284, MAAAA0008495"
1270,Q1 2025/26,2025/05/29,"Independent Regulatory Board for Auditors
(IRBA)",FlowCentric ProcessWare upgrade,FlowCentric Resourcing (Pty) Ltd,"R 9 35,793.27",Single source,2025/05/29,Not Stated,Not stated,Reported,MAAA0593801
1271,Q1 2025/26,2025/04/29,State Information Technology Agency (SITA,"Procurement of open text solutions namely, mainframe
)toolse em tsu l la icto er a ses sw fe ol rl oa ns es -e yr ev ae rr aa nn dd tw hro er ek s yt ea atio rsn mm aa inn ta eg ne am nce en t
n a nd
support for the Department of Defence.",Axiz (Pty) Ltd,"R 121,999,263.92","Business continuity for support and maintanance of existing
software.",2025/01/31,2025/03/03,2028/03/31,Reported,MAAA0580016
1272,Q1 2025/26,2025/04/07,South African Revenue Service (SARS),"The appointment of an “Independent Technical Transactional
Adviser and Quality Assurer” to review the tender process for
the CMP smart boarder procurement of cargo scanners as a
single source",Nexia SAB & T Chartered Accountants Inc,"R 1 ,400,000.00",Single Source (Limited Bid),2025/05/30,2025/06/01,2026/05/31,Reported,MAAA0005300
1273,Q1 2025/26,2025/06/03,South African Revenue Service (SARS),"Renewal of Telephone Music on Hold License from South
African Music Performance Rights Association (SAMPRA)","South African Music Performance Rights
Association (SAMPRA)","R 3 0,186.86",Single Source (Limited Bid),2025/05/30,2025/06/01,2031/05/31,Reported,MAAA0163445
1274,Q1 2025/26,2025/06/03,South African Revenue Service (SARS),"The appointment of Cyanre The Digital Forensic Lab for the
renewal of Forensic Toolkit Central and standalone",Cyanre The Digital Forensic Lab,"R 2 ,024,128.23",Single Source (Limited Bid),2025/05/31,2025/06/01,2028/05/31,Reported,MAAA0003373
1275,Q1 2025/26,2025/06/03,Development Bank of Southern Africa (DBSA,) Sole Source: License renewal for Caseware,ADAPT IT,"R 1 57,105.76",Annual renewal of the software license,2025/05/23,2025/06/09,2026/06/08,Reported,MAAA0038240
1276,Q1 2025/26,2025/06/04,Development Bank of Southern Africa (DBSA,) Sole Source: Job Evaluation System,Remchannel │Old Mutual,"R 2 24,135.00","The REMeasure Job Evaluation System will be utilised to
evaluate and grade all the jobs in the DBSA",2025/06/02,2025/06/01,Not stated,Reported,MAAA0061271
1277,Q1 2025/26,2025/06/04,Film and Publication Board (FPB),"Appointment of SABC for provision of Durban Regional Office
Accomodation",SABC,"R 4 ,905,673.24","tender advertised twice with non-responsive hence organ of
state considered",2025/05/26,2025/06/01,2030/05/31,Reported,MAAA0076566
1278,Q1 2025/26,2025/06/04,"Independent Regulatory Board for Auditors
(IRBA)",Law of Evidence Training,Law Society of South Africa,"R 7 ,500.00",Single Source,2025/05/30,Not stated,Not stated,Reported,MAAA0053905
1279,Q1 2025/26,2025/06/04,"Government Communication and
Information System (GCIS)",GCIS Recruitment 20,"Arena Holdings, MEDIA24, Vuk'uzenzele","R 6 9,583.00","The medium selected will best meet the intended largest
audience",2025/05/29,2025/06/01,2025/06/01,Reported,MAAA0076388
1280,Q1 2025/26,2025/06/04,"Government Communication and
Information System (GCIS)",Procurement of Alarm Monitoring System,4Real Tech,"R 2 8,050.00","Deviating in line with PFMA Instruction Note 2 of 2021/2022
para 3.2.4(a) and SCM policy in line with para 70.1.2 and
70.1.3",2025/05/26,2025/05/26,2025/05/26,Reported,MAAA1244068
1281,Q1 2025/26,2025/06/04,"Government Communication and
Information System (GCIS)",MIE Smart Vetting,Managed Intergrity Evaluation,"R 2 8,903.12","Deviating in line with PFMA Instruction Note 2 of 2021/2022
para 3.2.4(a)",2025/05/23,2025/05/23,2025/05/23,Reported,MAAA0001104
1282,Q1 2025/26,2025/06/04,"Government Communication and
Information System (GCIS)",Printing of Funeral Programme for Gertrude Shope,Lebone Litho Printers,"R D e v ia 1t i7n,g1 4in6 .L5i0ne","SCM PFMA INT note 3 of 2021/22 para 4.1,4.2(a)(b)© and S",CM P20o2lic5y/0 858/2.79.2,2025/05/29,2025/05/29,Reported,MAAA0009580
1283,Q1 2025/26,2025/06/04,Sasria SOC Ltd,"Appointment of OMA Chartered Accountants Inc. as a Forensic
Investigator.",OMA Chartered Accountants Inc,"R 4 50,000.00","It will be uneconomical to appoint a new service provider to
make representations on an investigation conducted by
another forensic investigator (OMA Chartered Accountants
Inc.).",2025/05/30,Not Stated,Not stated,Reported,MAAA0036315
1284,Q1 2025/26,2025/06/06,Sasria SOC Ltd,"Design and facilitation of an Executive Management alignment
intervention for the Learning and Development Department.",YSA Consulting (Pty) Ltd,"R 3 62,480.00","The observations made in the initial phase are crucial to
embark on the next phase of the intervention.It is
undesirable that a new service provider be contracted as
that would mean conducting the interviews, assessments
and fact finding all over again, whereas the intention is a
continuation of the intervention.",2025/05/29,Not Stated,Not stated,Reported,MAAA0490659
1285,Q1 2025/26,2025/06/06,Sentech,"Motivation to request approval for OTT platform services for
Freevision Play for a period of 12 months","1. Mangomolo (OEM)
2. Broadsmart (Pty) Ltd","R 9 ,304,538.59","Support and Optimal Performance of the Freevison Play
OTT Platform",2025/05/06,2025/08/05,2026/08/05,Reported,"1. Mangomolo (OEM) (N/A)
2. Broadsmart (Pty) Ltd (Sole Authorised
Partner in SA)
(MAAA0002498)"
1286,Q1 2025/26,2025/06/09,"Independent Regulatory Board for Auditors
(IRBA)",Water Pump Repair,Thulanyathi,"R 6 ,637.69",Single source,2025/09/06,Not stated,Not stated,Reported,MAA1331955
1287,Q1 2025/26,2025/06/04,Electoral Commission (IEC) of South Africa,Software Maintenance,Deloitte,"R 2 ,766,141.00","Indenpendent candidates were included for the National
and Provincial Elections of 2024 (NPE 2024) and the
uncetainnties w.r.t the finalisation of the applicable
legislation, the existing Result System was not enhanced,
but a new system developed from strach. An audit of the
Results System used for general elections is always
performed and during preparation for NPE 2024, Deloitte
was the succesful service provider and duly performed a
though review of the Result System. The Result System
includes a component for not only identifying potential
issues, but also reviewing fixec applied by the ICT team
where applicable.",2024/10/24,Not stated,Not stated,Reported,
1288,Q1 2025/26,2025/06/12,"Independent Communications Authority of
South Africa (ICASA)",Support and maintenance of the existing WRAP software,GEW Technologies,"R 2 ,772,121.00",Sole service provider,2025/05/30,Not stated,Not stated,Reported,MAAA0011275
1289,Q1 2025/26,2025/06/13,Brand South Africa,On the Ground Services iun Swittzerland,Publics Live,"R 3 ,713,847,000.00","To procure services from a Switzerland based Publics Live
for the execution of the on the ground services for the 2026
World Economic Forum Annual Meeting Project",2025/06/02,2025/06/30,2026/01/26,Reported,
1290,Q1 2025/26,2025/06/04,Film and Publication Board (FPB),"Appointment of SABC for provision of Durban Regional Office
Accomodation",SABC,"R 4 ,905,673.24",,2025/05/26,2025/06/01,2030/05/31,Reported,
1291,Q1 2025/26,2025/06/04,"National School of Government
(NSG)National Department","Hosting, support, and maintenance services of the NSG
Moodle LMS for a period of six (6) months",The Training Room Online (Pty) Ltd,"R 1 ,866,387.90","Obtain less than 3 quotations - NSG embarked on a
compettive bidding process, after the evalaution phase was
completed bid prices were opened, amount exceed the NSG
budgetory amount for the project,therefore the process is in",2025/04/30,Not stated,Not stated,Reported,
1292,Q1 2025/26,2025/06/02,Department of Labour,"The appointment of CSIR to provide Cyber Security Service
Support for the Department & its Entities",CSIR,"R 4 1,850,467.90","To avert an incident of a high magnitude, appointing a
competent and resourceful government entity like CSIR will
go a long way in bringing stability and enhancing the inte",,,,,
1293,Q1 2025/26,2025/03/25,"Quality Council for Trades and
Occupations (QCTO)",Government Gazette Publication,Government Printing Works,"R 9,078.95",Sole Supplier,2025/03/19,Not stated,Not stated,Reported,
1294,Q1 2025/26,2025/03/31,"Quality Council for Trades and
Occupations (QCTO)",Placement fee,Interdot Solutions,"R 41,288.43",Single Provider,2025/03/26,Not stated,Not stated,Reported,
1295,Q1 2025/26,2025/03/28,"Department of Environment, Forestry and
Fisheries (DEFF)","Request to deviate from normal procurement process and
appoint Cape Town International Convention Centre as a single
source to provide the service for hosting of the third G20
Environment and Climate Sustatinable workshop group
meeting and ministerial meeting","Cape Town International Convention
Centre","R 5,606,076.87","The CTICC has been the only facility which can provide all
of the necessary venue requirements compliant with G20
Minimum Standards Document which was issued by the
Department of International Relations and Cooperation
(DIRCO).",2025/03/27,2025/10/12,2025/10/18,Reported,
1296,Q1 2025/26,2025/03/17,National Research Foundation (NRF),"Supply of passive electronic components and Population of
1032 Bricks for the SA-CERN ATLAS TileCal Phase-II Upgrade
Bricks",Jemstech Components (Pty) Ltd,"R 2,156,889.90","Single Source: The manufacturing process of these items
is highly specialised and must conform to strict quality
contro control. Jemstech Pty (Ltd) has been a reliable and
trusted partner of the local ATLAS group since the
commencement of the project assembling successfully
several prototypes.",2025/02/27,Not stated,Not stated,Reported,
1297,Q1 2025/26,2025/03/19,"South African National Space Agency
(SANSA)",SANSA stand design and build-up – SpaceOps 2025,GES Canada,"R 220,000.00","GES Canada is the organization responsible for stand
design and build-up for the SpaceOps 2025 conference",2025/03/04,Not stated,Not stated,Reported,
1298,Q1 2025/26,2025/03/20,"Council for Scientific and Industrial
Research (CSIR)",Gartner License Subscription for two (2) years,Gartner South Africa (Pty) Ltd,"R 5,820,018.90",Sole Source Procurement,2025/03/05,2025/03/05,2027/02/28,Reported,
1299,Q1 2025/26,2025/03/20,"Council for Scientific and Industrial
Research (CSIR)","Renewal of Bentley AssetWise ALIM Subscription on an “as
and when” required basis for a period of three (3) years.",Bentley systems International Ltd,"R 5,529,801.52",Single Source Procurement,2025/03/17,2025/03/18,2028/03/18,Reported,
1300,Q1 2025/26,2025/03/20,"Council for Scientific and Industrial
Research (CSIR)","Snode Gaudian tool used for security network detection and
response",Snode Technologies (Pty) Ltd,"R 2,071,738.80",Single Source Procurement,2025/03/14,2025/03/14,2025/03/14,Reported,
1301,Q1 2025/26,2025/03/20,"Council for Scientific and Industrial
Research (CSIR)",AS Helicopter UVH170H,Dinkwanyana Aerospace (Pty) Ltd,"R 10,000,000.00",Single Source Procurement,2025/02/25,2025/02/25,2025/02/25,Reported,
1302,Q1 2025/26,2025/03/27,Agrément South Africa,SABS Subscription,"South African Bureau of Standards
(SABS)","R 333,705.42",Sole Source Procurement,2025/03/18,2025/03/18,2025/03/18,Reported,
1303,Q1 2025/26,2025/03/27,Agrément South Africa,Manage Engine Log 360 Subscription Model,ITR Technology (Pty Ltd,"R 172,540.25",Sole Source Procurement,2025/03/26,2025/03/26,2025/03/26,Reported,
1304,Q1 2025/26,2025/03/28,"Human Sciences Research Council
(HSRC)","The implementation partner on the project titled “Community-
based adaptation of a peer-led Intervention to address alcohol
use and HIV risk in pregnant Women in South Africa (Mentor
Moms+)","Foundation for Alcohol Related Research
(FARR)","R 1,413,331.60",Single Source Procurement,2025/03/20,2025/09/15,2027/08/31,Reported,
1305,Q1 2025/26,2025/04/01,"Department of Public Works and
Infrastructure (DPWI)","Department Of Defence: Wynberg 2 Mil Hospital
Request For Emergency Procurement For Preventative
Maintenance Services From 1st– 30 April 2025",Overberg Water Board,"R 1,030,007.85","The new TFM Contract for Wynberg 2 Military hospital has
been awarded recently and the contractor is currently busy
with site establishment; therefore an interim measure is
required to ensure continuity of preventative maintenance
services to critical equipment.",2025/04/01,2025/04/01,2025/04/30,Reported,
1306,Q1 2025/26,2025/04/01,"Council for Scientific and Industrial
Research (CSIR)","Request for duct space lease, and provisioning of support and
maintenance of the Bloemfontein and Pietermaritzburg
Metropolitan Area Network dark fibre links for a 10-year period.",Dark Fibre Africa (Pty) Ltd,"R 22,323,128.20",Sole Source Procurement,2025/03/28,2025/04/01,2035/03/31,Reported,
1307,Q1 2025/26,2025/04/01,"Council for Scientific and Industrial
Research (CSIR)",Cluster Room CRAC unit replacement,Vertiv (South Africa) (Pty) Ltd,"R 3,856,459.19",Single Source Procurement,2025/03/24,2025/03/24,2025/03/24,Reported,
1308,Q1 2025/26,2025/04/01,"Council for Scientific and Industrial
Research (CSIR)","Renewal of MATLAB software commercial license annually for
a period of five (5) years",Opti-Num Solutions (Pty) Ltd,"R 21,218,248.65",Single Source Procurement,2025/03/27,2025/04/01,2030/03/31,Reported,
1309,Q1 2025/26,2025/04/01,"Council for Scientific and Industrial
Research (CSIR)",Licences for the PBSPro Scheduler for Lengau HPC cluster,Eclipse Holdings (Pty) Ltd,"R 9,142,500.00",Single Source Procurement,2025/03/19,2025/04/01,2026/03/31,Reported,
1310,Q1 2025/26,2025/04/01,"Council for Scientific and Industrial
Research (CSIR)","Renewal of the ESRI cloud servers, hosting, licenses, and
software for a period of three (3) years",Esri South Africa (Pty) Ltd,"R 4,198,378.03",Single Source Procurement,2025/03/31,2025/04/01,2028/03/31,Reported,
1311,Q1 2025/26,2025/04/04,"Department of Higher Education and
Training (DHET)","appointment of Next Generation Network Telecommunication
using single source selection for Business Management
system in the Technical and Vocational Education and Training
colleges","Next Generation Network
Telecommmunication","R 2,786,696.61",Single Source,2025/03/28,Not stated,Not stated,Reported,
1312,Q1 2025/26,2025/04/04,"South African Institute for Drug-Free Sport
(SAIDS)","Meeting between s tt ah ke e M hoin ldis et re sr :, 0N 5a Atio pn ria l l 2 F 0e 2d 5erations and kePy ee",rmont Mondior Hotel - Emporers Palace (J,"H RB) 3,090.00","Accommodation has been reserved at the same hotel as the
meeting venue to circumvent any additional charges/costs
relating to ground transportation.",2025/04/03,2025/04/04,2025/04/05,Reported,
1313,Q1 2025/26,2025/03/28,"Department of Public Works and
Infrastructure (DPWI)","Procurement of service related to tempary movable
infrastructure for a special official funeral of Dr Titus Mboweni,
which took place at Nkowankowa stadium on Saturday 19",Qualiday (Pty) Ltd,"R 1,257,760.00","Four service providers were invited to quote and all their
prices were exorbitantly high, which the nullified the first
process. Second invitation to quote was sent to only two",2024/10/18,Not stated,Not stated,Reported,
1314,Q1 2025/26,2025/04/02,Council for the Built Environment (CBE),"Approval sought to deviate from the normal procurement
process and use urgent
procurement to secure the supply and delivery of 15 Laptops
for the Interns
housed at the Department of Public Works Infrastructure
(DPWI)",Neo Technologies (Pty) Ltd,"R 515,962.68","An RFP process was followed. However, it was not
successful. The risk of following another RFP process and
the result being the same was considered too high in light of
the early delivery of the laptops being critical. The lack
thereof was severely disrupting business operations. Hence
a deviation process was followed in an attempt to secure a
suitable service provider.",2025/02/25,2025/02/25,2025/02/28,Reported,
1315,Q1 2025/26,2025/04/02,Council for the Built Environment (CBE),"Approval sought to deviate from the normal procurement
process and use multiple source procurement to secure the
venue for the Inaugural Public Works Infrastructure
Conference (IPWIC) 2025",Liberty Group (Pty) Ltd,"R 937,602.25","An RFQ process was followed wherein more than 15 service
providers were approached. However, the results were not
fruitful as the market is limited and the responses received
were not suitable. It was deemed feasible to target this
request to the limited-service providers in the market by
following a deviation from the normal procurement process
in an attempt to secure a suitable service provider.",2025/03/19,2025/04/01,2025/04/01,Reported,
1316,Q1 2025/26,2025/04/02,Council for the Built Environment (CBE),"Approval sought to deviate from the normal procurement
process due to multiple source procurement and appoint
DeafSA to provide Sign Language Services for the Inaugural
Public Works Infrastructure Conference (IPWIC) 2025",Deaf Federation of South Africa,"R 13,915.00","An RFP process was followed but it was not succesful. A key
priority of the CBE is to promote the
upliftment of persons with disabilities. Not having a sign
language service at this high profile event will
pose a reputational risk to the CBE hence a deviation
process was followed. in an attempt to secure a
suitable service provider",2025/03/19,2025/04/01,2025/04/01,Reported,
1317,Q1 2025/26,2025/04/02,"Department of Public Works and
Infrastructure (DPWI)","Khayelitsha: New office accommodation for the Department of
Employment and Labour (DOEL)",Oyena Property Management cc,"R 3,389,660.02","This project went out on an open tender 2 times with no
success due to lack of response from the market, which
resulted in the BSC seeking approval from the RBAC to
deviate from the normal procurement process in terms of
SCM Circular 220 of 2022/23 to shop around and follow the
negotiated procedure.",2025/03/27,Not stated,Not stated,Reported,
1318,Q1 2025/26,2025/04/03,National Research Foundation (NRF),"Maintenance, repairs and supply of spare parts for Nortek
ADCP equipment for a period of five years.",CLS Southern Africa,"R 2,642,252.00","Single Source: SAEON-Elwandle have numerous Nortek
Acoustic Doppler Current Profiler (ADCP) instruments. The
intension of this contract is to appoint a supplier for the
service/maintenance and provision of spare parts and
batteries for these instruments. CLS Southern Africa, are the
sole agents in Southern Africa of Nortek Instruments.",2025/03/03,2025/04/01,2030/03/31,Reported,
1319,Q1 2025/26,2025/04/03,National Research Foundation (NRF),"Supply of passive electronic components and Population of
1032 Bricks for the SA-CERN ATLAS TileCal Phase-II Upgrade
Bricks",Jemstech Components (Pty) Ltd,"R 2,156,889.90","Single Source: The manufacturing process of these items is
highly specialised and must conform to strict quality control
control. Jemstech Pty (Ltd) has been a reliable and trusted
partner of the local ATLAS group since the commencement
of the project assembling successfully several prototypes.",2025/02/27,Not stated,Not stated,Reported,
1320,Q1 2025/26,2025/04/04,"South African National Space Agency
(SANSA)",Calibration of Data Acquisition equipment,Concilium Technologies,"R 39,215.00","Calibration of Keysight instruments. This calibration can
only be done by the local agent in South Africa.",2025/03/27,2025/03/27,2025/04/30,Reported,
1321,Q1 2025/26,2025/04/07,"National Arts Council of South Africa
(NAC)",Praxis GMS Hosting,Praxis,"R 650,000.00",Single Source,2025/03/31,2025/04/01,2026/03/31,Reported,
1322,Q1 2025/26,2025/04/09,National Library of South Africa (NLSA),Additional 10 mobile licences,Oduim BA Business Solutions,"R 139,111.60",Sole Supplier,2025/03/28,2025/03/28,2025/03/28,Reported,
1323,Q1 2025/26,2025/04/10,"South African National Space Agency
(SANSA)","NewSpace Africa Conference2025 Exhibitions (21-24 April
2025) (Cairo, Egypt)",Space in Africa,"R 109,809.48",Sole Supplier,2025/03/31,2025/04/21,2025/04/24,Reported,
1324,Q1 2025/26,2025/04/11,South African Weather Service,"Procurement of Annual License for the UK Met License for the
Unified Model (UM) for the 2024/25 financial year",UK Met Office,"R 2,354,330.00","Met License Renewal for 2024/25, in accordance with the
Agreement between SAWS and the UKMO -To ensure the
continued utilization of the UM for operational and",2025/03/12,2025/03/31,2025/03/31,Reported,
1325,Q1 2025/26,2025/04/11,South African Weather Service,Maintenance contract for 1 year for the MeteoFactory softwar,Meteo France International (MFI),"R 1,128,600.00","Only service provider to provide maintenance and support
services for the system(Sole supplier)",2025/03/26,2025/05/01,2026/04/30,Reported,
1326,Q1 2025/26,2025/04/11,"Quality Council for Trades and
Occupations (QCTO)",Placement fee,Sheldon Recruitment,"R 73,278.00",Sole Supplier,2025/03/31,Not stated,Not stated,Reported,
1327,Q1 2025/26,2025/04/14,South African Tourism,Meetings Africa venue hire,Sandton Convention Center,"R 4,677,272.00",Single Source,2025/02/10,2025/02/14,2025/02/28,Reported,
1328,Q1 2025/26,2025/04/22,"Public Service Sector Education and
Training Authority (PSETA)SETA","Appointment of a service provider for provision of caseware
solution",Adapt IT,"R 118,521.75",Adapt IT is the sole provider for Caseware,2025/04/15,2025/05/01,2026/04/30,Reported,
1329,Q1 2025/26,2025/04/23,"South African National Space Agency
(SANSA)",5 Meter Stellenbosch University Digital Elevation Model,Geosmart,"R 1,150,000.00",Sole Supplier,2025/03/28,Not stated,Not stated,Reported,
1330,Q1 2025/26,2025/04/15,"South African National Space Agency
(SANSA)",House rental at Matjiesontein,Lord Millner Hotel,"R 728,147.20","The deviation request was necessitated by Lord Milner Hotel
being the only accommodation provider in Matjiesfontein.",2025/04/11,2025/04/14,2026/03/31,Reported,
1331,Q1 2025/26,2025/04/14,"Human Sciences Research Council
(HSRC)","SABINET provides a wide range of unique products and
services to diverse markets.","Southern African Bibliographic
Information Network (SABINET)","R 4,960,085.13","Renting a house is evidently the only viable option available
Sole supplier",2025/04/02,2025/04/02,2028/03/31,Reported,
1332,Q1 2025/26,2025/04/14,Council for the Built Environment (CBE),"Approval Sought To Deviate From The Normal Procurement
Process And Use Procurement By Other Means I.E. Urgent
Procurement To Secure Critical Promotional Items Needed By
31 March 2025 For The Inaugural Public Works Infrastructure
Conference",Jayche Solutions (Pty) Ltd,"R 42,596.00","The supplier appointed through the RFQ process is unable
to deliver the promo items in time for this critical high profile
event thus leaving the CBE with no option but to follow an
urgent deviation route.",2025/03/29,2025/03/29,2025/03/31,Reported,
1333,Q1 2025/26,2025/04/25,"Human Sciences Research Council
(HSRC)","To provide specialised research and advisory services support
for the Department of Science, Technology and Innovation",Nelson Mandela University,"R 8,137,312.00",Single source,2025/04/23,2025/04/23,2026/03/31,Reported,
1334,Q1 2025/26,2025/04/25,"Agricultural Sector Education and Training
Authority (AgriSETA)SETA",CaseWare,Adapt IT,"R 118,054.00",Sole source,2025/04/09,Not stated,Not stated,Reported,
1335,Q1 2025/26,2025/04/23,William Humphreys Art Gallery,Annual Software Subscription,Mindex Systems BK CC,"R 18,334.45",Sole source,2025/04/09,2025/05/01,2026/04/30,Reported,
1336,Q1 2025/26,2025/04/23,South African State Theatre,Khanya and her Golden Dream,Wild Geese Pty Ltd,"R 150,000.00",Single source,2025/04/16,Not stated,Not stated,Reported,
1337,Q1 2025/26,2025/03/26,"Department of Sports, Arts and Culture
(DSAC)","Request for approval to renew the 2024/2025 membership of
two SCM officials with Chartered Institute for Procurement and
Supply (CIPS)","Chartered Institute for Procurement and
Supply (CIPS)","R 2,472.50",Single source,2025/03/11,Not stated,Not stated,Reported,
1338,Q1 2025/26,2025/03/24,"South African Institute for Drug-Free Sport
(SAIDS)",iBase Software Licence,Hidden Links,"R 64,822.60",Single source,2025/03/10,2025/04/01,2026/03/31,Reported,
1339,Q1 2025/26,2025/03/24,William Humphreys Art Gallery,Renewal of annual license,Sage South Africa (Pty) Ltd,"R 9,845.15",Single source,2025/03/07,2025/04/01,2026/03/31,Reported,
1340,Q1 2025/26,2025/03/24,William Humphreys Art Gallery,Membership,Oral History of South Africa (OHASA),"R 4,000.00",Sole souce,2025/03/13,2025/04/01,2026/03/31,Reported,
1341,Q1 2025/26,2025/04/02,South African State Theatre,Macbook for hire X1,BlackSmith Lovender (Pty) Ltd,"R 14,000.00","The Webmaster is in the final stage of developing the SAST
TV iOS app for iPhone users. To successfully publish the
app he need to retain the MacBook, as it is essential for the
payment integration deployment process without violating
the Apple policies. SAST's SCM purchased a MacBook what
was to be assigned to the Webmaster for Android and Apple
app development and maintenance, however, it has no been
delivered despite repeated assurances from the service",2025/02/14,Not stated,Not stated,Reported,
1342,Q1 2025/26,2025/04/02,South African State Theatre,"Dancers rehearsal fee for 7 dancers, original composition
soundtrack, set design and construction and coctume design
and construction",Nicola Haskins t/a The Matchbox,"R 55,500.00","The decision stems from the festival's call-out, and we are
pleased to provide context for the appointment of Nicola
Haskins, the sole applicant for the production ""Weathered"".
Haskins has an impressive track record in audience
development,skillfully engaging diverse ethnic groups that
have traditionally been underrepresented in theatre
attendance at the SAST. Her expertise in physical theatre
not only enhances the artistic offerings of the Kucheza Afrika
Festival but also introduces a rich diversity that aligns with
the festival' mission to celebrate and promote African culture
and heritage. Additionally, Haskin's innovative approach to
storytelling and movement captivates audiences, creating
memorable experiences that leave a lastingimpact. By
selecting her as our partner, we are actively committed to
fostering inclusivity and broadening our reach within the
community, ensuring that the festival resonates with a wider
audience. We believe that this collaboration will not only
enrich the festival's offerings but also pave the way for future
initiatives that champion diverse voices in the arts.",2025/02/20,Not stated,Not stated,Reported,
1343,Q1 2025/26,2025/04/02,South African State Theatre,Smartie and Buddy Production fee,Black Lotus Projects,"R 100,000.00","The decision stems from the festival's call-out, and we are
pleased to provide context for the appointment of
RinnetLebohang Sekgobela of the company Black Lotus
producting the production Smarty and Buddy. Ms Sekgobela
is a dynamic and passionate professional with a strong",2025/02/20,Not stated,Not stated,Reported,
1344,Q1 2025/26,2025/04/02,South African State Theatre,Umthombo & Baobab Double Bill - Kucheza Africa Festival,Moving into Dance Mophatong Trust,"R 150,000.00","The decision stems from the festival's call-out, and we are
pleased to provide to provide context for the appointment of
Moving into Dance Trust (MID) and Body Ability, the sole
applicants for the productions ""uMthombo & Baobab"" by",2025/03/06,Not stated,Not stated,Reported,
1345,Q1 2025/26,2025/04/02,South African State Theatre,Kucheza Afrika Festival - Linked,Body Ability,"R 80,000.00","The decision stems from the festival's call-out, and we are
pleased to provide to provide context for the appointment of
Moving into Dance Trust (MID) and Body Ability, the sole
applicants for the productions ""uMthombo & Baobab"" by
critically acclaimed choreographers from MID which is
Sunnyboy Motau and Sylvia Glasser and Thulisile Binda the
choreographer of ""linked"".",2025/03/12,Not stated,Not stated,Reported,
1346,Q1 2025/26,2025/04/02,South African State Theatre,Circuit breakter,ARB Electrical Wholesales,"R 63,184.13","Lighting desk utilize the circuit breaker to control power from
the DB box to avoid further damage in case of an accident.
In this scenario the circuit breaker burned in the middle of a
performance, and it needed to be replaced so that we can
continue with the performance at the Opera Theatre, My",2025/04/21,Not stated,Not stated,Reported,
1347,Q1 2025/26,2025/04/02,South African State Theatre,Service and repair of Robin MMX Spot Serial,DWR Distribution CC,"R 3,930.64",Sole supplier (with proof of certificate),2025/03/26,Not stated,Not stated,Reported,
1348,Q1 2025/26,2025/04/02,South African State Theatre,"Service and repair of MA ONPC Command Wing, 2X",DWR Distribution CC,"R 3,212.67",Sole supplier (with proof of certificate),2025/03/27,Not stated,Not stated,Reported,
1349,Q1 2025/26,2025/04/02,South African State Theatre,Service and repair of LED 600 wash X2,DWR Distribution CC,"R 17,097.60",Sole supplier (with proof of certificate),2025/03/27,Not stated,Not stated,Reported,
1350,Q1 2025/26,2025/04/02,South African State Theatre,YEF - Nyoni Lenhle Live Production Fee,Nyoni Enhle Trading and Projects,"R 70,000.00","This decision stems from the Youth Expressions Festival's
call-out issued on 1 September 2023. We are pleased to
provide context for the appointment of Sindisile Nkuna of the
company Nyoni Enhle Trading and Projects producing the
production Nyoni Lenhle Live: The Radio Experience.
Sindsile Faith Nkuna, professionally known as Nyoni Enhle,",2025/03/28,Not stated,Not stated,Reported,
1351,Q1 2025/26,2025/04/03,Iziko Museums of South Africa,Licencing and maintanance for the REMRAD System,Sysman Public Safety System,"R 106,522.20",Single source,2025/03/28,2025/04/01,2025/09/30,Reported,
1352,Q1 2025/26,2025/04/02,"Energy and Water Sector Education and
Training Authority (EWSETA)SETA",MEMBERSHIP FEES,"WATER INSTITUTE OF Southern Africa
(WISA)","R 72,975.00","The renewal of WISA Patron Membership was necessary to
maintain EWSETA’s active engagement in the water sector.
The membership offers access to exclusive industry
insights, research, and policy discussions critical for
shaping relevant skills development initiatives. It also",2025/03/19,Not stated,Not stated,Reported,
1353,Q1 2025/26,2025/04/02,"Energy and Water Sector Education and
Training Authority (EWSETA)SETA",MEMBERSHIP FEES,"SOUTH AFRICAN Monitoring and
Evaluation Association (SAMEA)",R 840.00,"The renewal of SAMEA annual membership fees for
EWSETA employees ensures ongoing engagement in the
monitoring and evaluation (M&E) sector. Membership
provides access to valuable insights, best practices, and",2025/03/19,Not stated,Not stated,Reported,
1354,Q1 2025/26,2025/04/02,"Energy and Water Sector Education and
Training Authority (EWSETA)SETA",CONFERENCE,Scan Dsplay Solutions,"R 37,057.60","Paproticlicipya ftoiornu mins t heess DeWntiSal Ifnodr ainbfao rwmaisn ga ssktriallste dgeicv eolpoppomrteunnti ty
for EWSETA to increase visibility, promote its mandate, and
engage with key stakeholders in the energy and water
sectors. The event offered valuable advertising opportunities",2025/03/26,Not stated,Not stated,Reported,
1355,Q1 2025/26,2025/04/02,"Energy and Water Sector Education and
Training Authority (EWSETA)SETA",SUBSCRIPTION FEES,"CQS TECHNOLOGY Holdings (Adapt
IT)","R 7,875.20","The renewal of the annual CQS Caseware subscription was
necessary to ensure continued access to advanced financial
reporting and auditing tools. The platform enhances
efficiency, accuracy, and compliance in EWSETA’s financial
operations. It also supports improved governance,
transparency, and accountability in alignment with
EWSETA’s organisational mandate.",2025/03/31,Not stated,Not stated,Reported,
1356,Q1 2025/26,2025/04/02,"Energy and Water Sector Education and
Training Authority (EWSETA)SETA",TRAINING,Unlimited Business Innovations,"R 55,200.00","The Employment Equity and Skills Development training
was essential for legal compliance and capacity building
within EWSETA. The training aimed to enhance employees'
understanding of employment equity legislation, support the",2025/03/31,Not stated,Not stated,Reported,
1357,Q1 2025/26,2025/04/29,South African Tourism,Arabian Travel Market 2025- Participation fee and floor space,Reed exhibitions limited,"R 5,029,182.00",single source procurement,2025/04/16,2025/04/28,2025/05/01,Reported,
1358,Q1 2025/26,2025/04/29,"Department of Public Works and
Infrastructure (DPWI)","Western Cape High Court Request Approval For Emergency
Procurement For Urgent Repairs To The HVAC System",Cape Automations Systems,"R 1,754,243.95","Considering the urgency of the this service and critical state
of the HVAC system there is insufficient time to advertise for
quotations",2025/04/16,2025/04/16,Not stated,Reported,
1359,Q1 2025/26,2025/04/15,"Quality Council for Trades and
Occupations (QCTO)",Membership fee,CIPS Southern Africa,"R 1,949.25",Sole Supplier,2025/04/11,Not stated,Not stated,Reported,
1360,Q1 2025/26,2025/04/14,"Safety and Security Sector Education and
Training Authority (SASSETA)SETA","Procurement of media advert placement with Government
Communications and Informations (GCIS)","Government Communications and
Information Systems (GCIS)","R 5,000,000.00","Partnership with GCIS as Government Department and save
SASSETA costs of media advert and placements",2025/03/31,2025/04/01,2030/03/31,Reported,
1361,Q1 2025/26,2025/04/30,"Council for Scientific and Industrial
Research (CSIR)","Replacement cooler buckets and heads for MSWT PES
Compressor C1000.","Ingersoll-Rand Comapny South Africa
(Pty) Ltd","R 3,171,724.15",Sole Source Procurement,2025/04/22,2025/04/22,2025/04/22,Reported,
1362,Q1 2025/26,2025/04/30,"Council for Scientific and Industrial
Research (CSIR)",Supply of Globus software license to the CSIR.,Globus at the University of Chicago,"R 1,738,687.46",Single Source Procurement,2025/04/24,2025/04/24,2028/04/23,Reported,
1363,Q1 2025/26,2025/05/02,"South African National Space Agency
(SANSA)",Provision of Floorspace at IAC 2025,MCI Australia,"R 2,204,471.12",Sole Supplier,2025/04/04,2025/09/29,2025/10/03,Reported,
1364,Q1 2025/26,2025/05/02,"Department of Women, Youth and Persons
with Disabilities (DWYPD)","Procurement of venue for the G20 Global financial Inclusion
conference and the G20 2nd technical empowerment of women
working group meeting to be held at Suncity from 06-09 May",Suncity Resort,"R 5,003,095.37","Securing venue for the G20 2nd technical meeting in
Northwest province",2025/04/22,Not stated,Not stated,Reported,
1365,Q1 2025/26,2025/05/02,"Department of Women, Youth and Persons
with Disabilities (DWYPD)","Procurement of catering for during the G20 consultations to
take place on 24 April 2025 in the University of North West",University of North West,"R 86,710.00","Build up event for the G20 event to be hosted at the
University of North West in Potchefstroom",2025/04/22,Not stated,Not stated,Reported,
1366,Q1 2025/26,2025/04/30,"Energy and Water Sector Education and
Training Authority (EWSETA)SETA",SPONSORSHIP,South African BRICS Youth Association,"R 300,000.00","Participation in the BRICS Youth Innovation Summit 2025
was a strategic opportunity for EWSETA to increase
visibility, promote its mandate, and engage with youth
innovators from BRICS nations. The summit offered a
valuable platform to foster collaboration, support technology-",2025/04/08,Not stated,Not stated,Reported,
1367,Q1 2025/26,2025/04/30,"Energy and Water Sector Education and
Training Authority (EWSETA)SETA",Conference & Workshop,Gordon Institute of Business Science,"R 37,600.00","Participation in the strategic workshop was a valuable
opportunity for EWSETA to respond to key national water
sector imperatives. The initiative aligned with EWSETA’s
ongoing efforts to implement and support national water",2025/04/16,Not stated,Not stated,Reported,
1368,Q1 2025/26,2025/05/07,South African Tourism,"Distribution channel to build brand affinity, including
collaborations with key travel associations",Signature Travel Network,"R 1,395,908.00",Single source,2025/04/23,2025/04/29,2026/03/31,Reported,
1369,Q1 2025/26,2025/05/07,South African Tourism,"Implement localized marketing campaigns to drive demand
and conduct distribution channel initiatives",Travel Relations LLC,"R 1,778,851.00",Single source,2025/04/23,2025/04/29,2026/03/31,Reported,
1370,Q1 2025/26,2025/05/07,South African Tourism,"Social Media Campaign - Implementation plan to conduct
localized marketing for travel advisors suppliers",BranchUp Technologies,"R 1,023,666.00",Single source,2025/04/29,2025/05/01,2026/03/31,Reported,
1371,Q1 2025/26,2025/05/07,South African Tourism,Imex Frankfurt 2025 paeticipation space fee,Regent Exhibitions Ltd,"R 5,706,365.00",Single source,2025/05/02,2025/05/20,2025/05/22,Reported,
1372,Q1 2025/26,2025/05/07,South African Tourism,ATI Venue Hire,"Inkosi Albert Luthuli Internation
Convention Cemte","R 24,687,455.00",Single source,2025/05/06,2025/05/06,2025/05/20,Reported,
1373,Q1 2025/26,2025/05/08,"Department of Public Works and
Infrastructure (DPWI)","Cape Town: Nieuwmeester: Dome: Request For Emergency
Procurement: Parliament Sitting: Internal Infrastructure And",Mhasehlombe and khies enterprise,"R 2,113,750.00",Emergency,2025/03/28,2025/03/28,2025/04/03,Reported,
1374,Q1 2025/26,2025/05/08,"Manufacturing, Engineering and Related
Services Sector Education and Training
Authority (merSETA)SETA","Emergency procurement- appointment of a service provider
JumpCO Consulting (Pty)
Ltd for technical resources services.",JumpCO Consulting (Pty) Ltd,"R 27,600.00","Appointment of a service provider for technical resources
services for NSDMS support to address two (02) major
technical issues that are hampering rendering of services to
end users. Due to the nature and urgency of the
service it was impractical to follow the normal procurement
process to invite competitive request for quotation for a
minimum of three (03) days. Appointed on hourly rates
estimated 20-hours",2025/04/22,Not stated,Not stated,Reported,
1375,Q1 2025/26,2025/05/08,"Manufacturing, Engineering and Related
Services Sector Education and Training
Authority (merSETA)SETA","Single Source- appointment of a service provider Metrofile
(Pty) Ltd for bulk external
document and records storage services for a period of twelve
(12) months.",Metrofile (Pty) Ltd,"R 184,119.83","Interim single source appointment of a service provider for
bulk external document and records storage services for a
period of twelve (12) months, while market analysis is
conducted for long-term solution.Based on the
analysis to be conducted, it was impractical to follow the
normal procurement process.",2025/04/22,2025/05/01,2026/04/30,Reported,
1376,Q1 2025/26,2025/05/08,"Manufacturing, Engineering and Related
Services Sector Education and Training
Authority (merSETA)SETA","Single source- appointment of a service provider Altimax for
provision of technical
accounting opinion for estimated duration of two (02) weeks.",Altimax,"R 107,905.00","Requirement of professional services of an Audit/Accounting
firm to review management’s representation on audit matter
and provide a technical opinion on the treatment of
transactions in question. Altimax is fimiliar with the
processes followed by the AG and provided the same",2025/04/25,Not stated,Not stated,Reported,
1377,Q1 2025/26,2025/05/12,Department of Tourism (DT),"To render a service for Africa Travel Indaba 2025 floor space ,
online diary management access and accreditation badges.",Blaq OriginCC,"R 3,066,443.12",Sole organiser of the event,2025/05/09,2025/05/09,2025/05/10,Reported,
1378,Q1 2025/26,2025/05/13,Department of Tourism (DT),"To render a service for Africa Travel Indaba 2025 stand design
, construction, dismantle and exhibition elements associated
with the stand.",Scan Display Solutiions,"R 2,140,779.50",Sole organiser of the event,2025/05/09,2025/05/09,2025/05/10,Reported,
1379,Q1 2025/26,2025/05/14,Iziko Museums of South Africa,Generator Repairs,Ngaatendwe Trading cc,"R 38,590.55","Emergency Call: The Generator was was malfunctioning
and intermittently discrupting the power supply",2025/04/30,Not stated,Not stated,Reported,
1380,Q1 2025/26,2025/05/16,"Department of Public Works and
Infrastructure (DPWI)","Cape Town: Nieuwmeester: Dome: Request For Emergency
Procurement: Parliament Sitting: Internal Infrastructure And
Ancillary Equipment",Mhasehlombe and Khies,"R 2,442,890.00","Emergency: Dome-Emergency Procurement -Parliament
Sitting Internal Infrastructure and Ancillary Equipment",2025/02/28,2025/03/01,2025/03/12,Reported,
1381,Q1 2025/26,2025/05/26,National Research Foundation (NRF),"Procurement of Custom SAMTEC Firefly Optical Micro Flyover
Assembly",Arrow Altech Distribution (Pty) Ltd,"R 1,620,492.00","Impractical:
SARAO has been awarded a contract by the Italian National
Institute for Astrophysics (INAF) for the development and
production of Band 5B Digitisers systems to be installed on
the MeerKAT telescope. The contract was signed on 10 July
2024. This contract has extremely aggressive time scales
imposed resulting in the delivery of the Digitisers to be
completed by the end October 2025. Penalties will be
imposed if this date cannot be adhered to.
To ensure that the modified transceiver works as expected,
10 of these modules were procured through the normal
SCM process in December 2024. During this procurement,
local distributors were identified who have the ability to
request engineering changes from Samtec and hence could
quote on this customised part. Arrow Altech Distribution
(Pty) Ltd was appointed based on price and preference
assessment.
The transceivers have been qualified for use in the system.
Any changes will require requalification resulting in delays
which cannot be accommodated in the project schedule.",2025/05/23,2025/05/23,2026/04/30,Reported,
1382,Q1 2025/26,2025/05/26,National Research Foundation (NRF),"Procurement of a Transporter System extension for the South
African Isotopes Facility (SAIF) situated at iTHEMBA LABS,
Faure, Cape Town.",Telelift GmbH,"R 2,506,019.00","Single Source:Telelift is the manufacturer of current Telelift
transport system at iThemba LABS. The isotope transporter
system currently in use at SAIF and the Nuclear Medicine
Department at iThemba LABS is a Telelift product. This
Telelift transporter system has proven to be both reliable
and efficient in the high radiation environment of a nuclear
facility. The system’s con sistent performance has been
essential for the safe and effective transport of isotopes,
which are critical to medical and scientific applications.",2025/05/24,Not stated,Not stated,Reported,
1383,Q1 2025/26,2025/05/15,"Small Enterprise Development Finance
Agency (SEDFA)",Annual Subscription Renewal,"Ebsco International Inc t/a Ebsco
Subscriptions","R 577,297.01","Service provider is the sole supplier of Business Source
Corporated host platform",2025/04/24,2025/05/01,2026/04/30,Reported,
1384,Q1 2025/26,2025/05/21,South African Tourism,Providing insights into international and domestic tourism,Visa International Service Association,"R 1,009,930.00",Single source,2025/05/16,2025/05/20,2028/05/19,Reported,
1385,Q1 2025/26,2025/05/21,South African Tourism,ATI 2025 Exhibition Infrastructure,Gl Events pty limited,"R 5,867,572.00",Multiple Source,2025/05/06,2025/05/11,2025/05/20,Reported,
1386,Q1 2025/26,2025/05/21,South African Tourism,ATI Venue hire services,"Inkosi Albert Luthuli Internation
Convention Cemte","R 4,360,345.00",Sole Source,2025/05/06,2025/05/14,2025/05/20,Reported,
1387,Q1 2025/26,2025/05/26,"Department of Public Works and
Infrastructure (DPWI)",Cape Town: Nieuwmeester: DOME: Budget Speech,MHASEHLOMBE AND KHIES,"R 1,240,176.00","On 12 February 2025, correspondence was received from
RSA Parliament requesting the Department to provide all
infrastructural requirements for the 2025 Budget Speech
scheduled to take place on Wednesday 19 February 2025.",2025/02/13,2025/02/17,2025/02/20,Reported,
1388,Q1 2025/26,2025/05/28,South African Tourism,ACSA Media buy at airports,Provantage (Pty) Ltd,"R 5,230,731.00",Sole Source,2025/05/27,2025/06/15,2025/09/15,Reported,
1389,Q1 2025/26,2025/05/29,"Quality Council for Trades and
Occupations (QCTO)",External Auditor fees,Auditor General of South Africa National,"R 1,787,565.00",Sole Supplier,2025/05/16,Not stated,Not stated,Reported,
1390,Q1 2025/26,2025/05/28,"Department of Higher Education and
Training (DHET)","Transport for hosting of the G20 Education working group
meeting/seminers and G20 Education Ministerial meeting in",Reynolds Travel Centre,"R 552,076.00",Single Source,2025/05/17,2025/05/25,2025/05/30,Reported,
1391,Q1 2025/26,2025/06/02,"Department of Public Works and
Infrastructure (DPWI)","2025
National Treasury: Procurement of alternative office
accommodation comprising 18 116.52 sqm and 652 parking
bays for a period of five years in Hat1field, Brooklyn,
Menlopark, Waterkloof, Newlands, Menlyn and Waterkloof
Ridge.",Public Investment Co-operation Soc Ltd,"R 281,699,533.65","The open tender process did not yield positive results on
two accounts, the BEC then recommended that a
negotiation be considered for this procurement with the
current bidder (PIC) for office accommodation at Riverwal
office park , Newlands.",2025/05/28,Not stated,Not stated,Reported,
1392,Q1 2025/26,2025/06/02,National Research Foundation (NRF),"Renewal of Service Level Agreement for the ongoing
maintenance and support of the Electronic Document and
Records Management System (EDRMS) with NETCB ZA Pty
Ltd.",Arrow Altech Distribution (Pty) Ltd,"R 1,805,221.00","Single Source:The NRF appointed NETCB ZA in 2012 to
provide a legislatively compliant customised
software solution for managing electronic documents and
records for the NRF. The proprietary software was further
customised to meet the NRF workflow and file plan
requirements. NETCB ZA has provided support and
maintenance services to the NRF through a service level
agreement. This has been a beneficial relationship to the
NRF as NETCB ZA has been responsive to the needs of the
NRF. The EDRMS was explicitly developed and customised
with the records management-related legislation that the
NRF has to comply with. The available off-the-shelf products
also need customisation to comply with the policies of the
National Archives and Records Service of South Africa. The
NETCB contract allows the NRF EDRMS to stay current
because the service provider updates the functionality
according to new developments and legislative requirements
and changes.",2025/05/30,2025/05/30,2028/04/30,Reported,
1393,Q1 2025/26,2025/06/03,William Humphreys Art Gallery,Electric Repairs and Maintenance,EV Williams Services,"R 3,960.00",Emergency Situation,2025/05/20,Not stated,Not stated,Reported,
1394,Q1 2025/26,2025/06/04,"Department of Public Works and
Infrastructure (DPWI)","Khayelitsha: New office accommodation for South African
Social Security Agency (SASSA) for five years",Uviwe Funeral Services,"R 8,609,728.89","This project went out on an open tender 5 times with no
success due to lack of response from the market, which
resulted in the BSC seeking approval from the RBAC to
deviate from the normal procurement process in terms of
SCM Circular 220 of 2022/23 to shop around and follow the
negotiated procedure.",2025/05/26,Not Stated,Not Stated,Reported,
1395,Q1 2025/26,2025/06/05,"Council for Scientific and Industrial
Research (CSIR)","Annual renewal of PLEXOS Power Module License and
Additional Gas Module Licence for Smart Places",Energy Exemplar Pty Ltd,"R 1,551,669.60",Sole Source Procurement,2025/06/02,2025/06/02,2026/05/21,Reported,
1396,Q1 2025/26,2025/06/05,"Council for Scientific and Industrial
Research (CSIR)",Multispectral Imaging Kit,AE Solutions (Pty) Ltd,"R 8,593,628.00",Single Source Procurement,2025/06/04,2025/06/04,2025/06/04,Reported,
1397,Q1 2025/26,2025/06/02,"Department of Women, Youth and Persons
with Disabilities (DWYPD)","Procurement of catering for the youth peace conversation on 27
May 2025 at Seasons venue in Mahikeng, NWP",Seasons conference and wedding Venue,"R 43,125.00","Single source procurement for catering from existing
contracted venue by Office of the Premier",2025/05/23,Not stated,Not stated,Reported,
1398,Q1 2025/26,2025/06/10,"Quality Council for Trades and
Occupations (QCTO)",SAGE Payroll Legislation Webinar,SAGE South Africa,"R 10,637.50",Single source,2025/06/30,Not stated,Not stated,Reported,
1399,Q1 2025/26,2025/06/10,"Quality Council for Trades and
Occupations (QCTO)",Legal transfer fees,"Wilsenach Van Wyk, Goosen En Bekker
Inc","R 1,134,961.69",Sole service provider,2025/06/02,Not stated,Not stated,Reported,
1400,Q1 2025/26,2025/06/10,"Quality Council for Trades and
Occupations (QCTO)",Secretaries workshop,Prospen Group,"R 63,244.25",Sole service provider,2025/06/04,Not stated,Not stated,Reported,
1401,Q1 2025/26,2025/06/10,"Quality Council for Trades and
Occupations (QCTO)",E-Recruitment system training,SilverSoft South Africa,"R 8,326.00",Single provider,2025/06/05,Not stated,Not stated,Reported,
1402,Q1 2025/26,2025/06/12,South African Tourism,Office Lease Accomodation,Elevated NY,"R 3,817,381.46",Multiple Source,2025/05/31,2025/06/01,2027/05/31,Reported,
1403,Q1 2025/26,2025/06/12,South African Tourism,Routes World 2025 Exhibition participation and space fee,Informa Markets (UK) Limited,"R 1,337,557.00",Single Source,2025/06/10,2025/09/24,2025/09/26,Reported,
1404,Q1 2025/26,2025/06/10,South African Police Service (SAPS),"Closed bbid to a sole manufacturer,Rheinmetal Denel Munition
bidno.19/1/9/1/12TT(24):supply and delivery of Pyrotechnical",Rheinmetall Denel Munition,"R 54,931,024.20",Sole Manufacture,2025/04/24,2025/05/22,2028/05/22,Reported,
1405,Q1 2025/26,2025/06/11,South African Police Service (SAPS),"Quotation number 19/1/9/1 procurement of consolidated
archiving, retrieval, collection and delivery of boxes with lids",Iron Mountain South Africa,"R 2,065,220.70","A new need for a bid was submitted in Jnauary 2025 and
bid number 19/1/9/150TD(24) is currently in process at",2025/05/23,Not stated,Not stated,Reported,
1406,Q1 2025/26,2025/06/06,"Manufacturing, Engineering and Related
Services Sector Education and Training
Authority (merSETA)SETA","and seals at the preferred supplier;Iron Mountain South
Single source-appointment of a service provider MTN for the
provision of 100 data sim cards on Enterprise Data L Plan",MTN,"R 252,000.00","The merSeta encPoroucnutereremde cnot nMnaenctaivgietimtye inntte. rnet challenges
with data sim cards that have been provisioned by
Vodacom, this has led to reduced productivity for end users",2025/05/19,Not Stated,Not Stated,Reported,
1407,Q1 2025/26,2025/06/06,"Manufacturing, Engineering and Related
Services Sector Education and Training
Authority (merSETA)SETA","Sole source- for MerSETA to participate in the 12th edition of
the Manufacturing Indaba
Exhibition, scheduled for 15 16 July 2025 at the Sandton
Convention Centre, hosted by",Manufacturing Indaba (Pty) Ltd,"R 70,374.25","MerSETA to participate in the 12th edition of the
Manufacturing Indaba an opportunity
to profile merSETA and promote its
initiatives",2025/05/23,Not stated,Not stated,Reported,
1408,Q1 2025/26,2025/06/05,"Department of Higher Education and
Training (DHET)","Grand permission to management information system
Directorate to procure business intelligence software suite
licenses and technical support services from Oracles",Oracle Corporation (South Africa),"R 315,383.61",Sole Provider,2025/05/30,2025/05/30,2025/05/30,Reported,
1409,Q1 2025/26,2025/06/05,"Department of Higher Education and
Training (DHET)","Approval to pay the yearly maintenance and support agreement
fees for the hardcat asset management system and for IT to be
paid on a yearly basis and for the use of one service provider",Taggit Asset Technogies,"R 105,996.25","Hardcat Africa (Pty) ltd is the sole hardcat Asset
management Solution Distributor on the African Continent",2025/05/30,2025/05/30,2025/05/30,Reported,
1410,Q1 2025/26,2025/05/14,"South African Qualifications Authority
(SAQA)",Generation of secure E- Certificates and Letters,Advancement Solutions,"R 993,600.00",Sole Source,2025/05/08,2025/05/09,2028/05/08,Reported,
1411,Q1 2025/26,2025/05/14,"South African Qualifications Authority
(SAQA)","Microsoft Azure Licenses for the application development,
security and configurations",Global Computing and Telecoms,"R 4,013,053.78",Single source,2025/05/08,2025/05/08,2026/05/07,Reported,
1412,Q1 2025/26,2025/05/14,"South African Qualifications Authority
(SAQA)","Migration of the NLRD Database, Hosting, Backup, Failover
and Disaster Recovery in (OCI) for 24 months",Oracle Corporation SA (Pty) Ltd,"R 9,125,275.30",Sole Source,2025/05/08,2025/05/15,2027/05/14,Reported,
1413,Q1 2025/26,2025/05/14,"Manufacturing, Engineering and Related
Services Sector Education and Training
Authority (merSETA)SETA","Single-source appointment of a service provider for the
provision of electronic Board
pack meeting solution for a period of six (6) months.",Gijima Group Limited,"R 296,982.71","Interim solution to cater for transition from the current to the
new Board to be appointed, ensuring data consistency and
reducing the risk of data loss. The process of open tender to
procure board pack solution for a longer period of five (05)",2025/03/31,2025/04/11,2025/10/11,Reported,
1414,Q1 2025/26,2025/05/14,"Manufacturing, Engineering and Related
Services Sector Education and Training
Authority (merSETA)SETA","Deviation from normal procurement process for appointment of
catering services for the
SDF FORUM meeting additional delegates.",Underwraps Caterers,"R 18,858.74","years is in active progress, anticipating award in line with the
RFQ process was conducted for appointment of a service
provider for the provision of catering service for SDF
FORUM meeting held on the 26 March 2025, following the
service provider appointment, additional stakeholders
confirmed attendance which increased the initial number of
attendees. due to the additional number of delegates and
service delivery timelines, it was impractical to follow the
normal procurement process to invite competitive
request for quotation for a minimum of three (03) days.",2025/03/25,Not Stated,Not Stated,Reported,
1415,Q1 2025/26,2025/05/14,"Manufacturing, Engineering and Related
Services Sector Education and Training
Authority (merSETA)SETA","Single source appointment of British Standard Institute (BSI)
Group South Africa (Pty)
Ltd for ISO 9001:2015 Certification Services for a period of
three (03) years","British Standard Institute (BSI) Group
South Africa (Pty) Ltd","R 231,600.00","RFQ process was conducted for appointment of a service
provider for the provision of catering service for SDF
FORUM meeting held on the 26 March 2025, following the
service provider appointment, additional stakeholders
confirmed attendance which increased the initial number of
attendees. due to the additional number of delegates and
service delivery timelines, it was impractical to follow the
normal procurement process to invite competitive
request for quotation for a minimum of three (03) days.",2025/04/10,2025/05/01,2028/04/30,Reported,
1416,Q1 2025/26,2025/06/13,South African Weather Service,"Procurement of a Kipp & Zonen SOLYS2 Sun Tracker with a
large top mounting plate, shading ball assemblies, SOLYS
tripod floor stand and pyrheliometer mounting kit; irradiance
measuring sensors (2X Kipp & Zonen CMP21 Pyranometers,
Kipp & Zonen CHP1 Pyrheliometer and Kipp & Zonen CGR4
Pyrgeometer), and solar radiation station spare parts (Victron
chargers, current limiters, voltage dividers, data loggers and
modems) and configuration and support service.",Campbell Scientific,"R 1,929,605.71","Campbell Scientific only authorized distributor in the territory
of South-Africa for Kipp & Zonen Solar and Atmospheric
Science Products, accessories and spare parts",2025/05/16,Not stated,Not stated,Reported,
1417,Q1 2025/26,2025/06/13,South African Weather Service,Procurement of Commvault backup software,Ubuntu Technologies,"R 3,316,050.92","Business continuity,procurement of Commvault backup
software to mitigate risks associated with data loss, reduce
downtime, and protect against cyber threats such as
ransomware.",2025/05/21,2025/07/01,2026/05/31,Reported,
1418,Q1 2025/26,2025/04/17,"South African Qualifications Authority
(SAQA)",SAQA Verification Certificates,"Home Affairs(Government Printing
Works)","R 93,150.00",Sole Source,2025/04/04,Not stated,Not stated,Reported,
1419,Q1 2025/26,2025/04/17,South African Q (Su Aal Qifi Aca )tions AuthSooriltayr Wi,nds IT Service Management (ITSM) Advance version with custom,s mInatdeelli.gence Ev (Per tyy )w Lh te dre Enterprises,"R 155,808.45",Single source,2025/04/07,2025/04/07,2025/10/24,Reported,
1420,Q1 2025/26,2025/04/17,"South African Qualifications Authority
(SAQA)","Supply, Delivery and Commissioning of office furniture for
SAQA as ans when required for 36 months",Mindset Trading 36 (Pty) Ltd,"R 8,570,209.66",Limited Bidding due to urgency,2025/04/16,2025/04/16,2028/04/15,Reported,
1421,Q1 2025/26,2025/04/10,South African Police Service (SAPS),"Quotation number 3/1/8/6/1 (340/2024): Application for
Procurement of a Venue and Accommodation for the Policing
Summit:08th April 2025",Peermont Global (Pty) Ltd,"R 2,503,536.79","The deviation was a result of the event declared a National
event, requiring the attendance of the President and Minister
with strict security requirements. Hence the need for a close
bid and venue inspection.",2025/03/26,Not stated,Not stated,Reported,
1422,Q1 2025/26,2025/04/03,South African Police Service (SAPS),"Application for procurement authorisation:Application for
appointment of a preferred supplier: Price Waterhouse Coopers
Incorporated(PWC) to continue with the forensic accounting","Price Waterhouse Coopers Incorporated
(PWC)","R 1,930,379.00",Continuation,2025/03/24,Not stated,Not stated,Reported,
1423,Q1 2025/26,2025/04/01,"Banking Sector Education and Training
Authority (BANKSETA)SETA","investigation of Sandringham CAS 79/09/2020:Directorate for
2025 CA(SA) Membership subscription for an employee - CFO",SAICA,"R 8,944.67","The CFO holds the CA (SA) designation and SAICA is the
sole institute allowed to offer this designation by legislation",2025/03/19,Not stated,Not stated,Reported,
1424,Q1 2025/26,2025/03/31,"South African Broadcasting Corporation
SOC Limited (SABC)",Software license of Luci Live,Technical Del Arte BV,"R 1 ,232,000.00",Original equipment manufacture,2025/03/17,2025/04/01,2030/03/31,Reported,
1425,Q1 2025/26,2025/04/17,"Fibre Processing and Manufacturing
Sector Education and Training Authority
(FP&M SETA)SETA",Learnership Certificate re-print,Active Brands,"R 4 2,337.25",Learnership Certificate,2025/04/17,Not stated,Not stated,Reported,
1426,Q1 2025/26,2025/05/14,"Finance and Accounting Services Sector
Education and Training Authority",IODSA learning progamme,Institute of Directors South Africa (IODSA),"R 1 33,026.25",Sole Source,2025/05/08,Not stated,Not stated,Reported,
1427,Q1 2025/26,2025/05/22,"Education, T(rFaainssinegt) SanEdT DAevelopment
Practices Sector Education and Training
Authority (ETDP SETA)SETA",SAQA Workshop for all Chamber Members of the ETDP SETA,South African Qualification Authority,"R 3 8,848.40","SAQA is the identified and accredited institution to provide
an update on developments in RPL, Micro-Credentials and
NQF in Curriculum. (Single Sourcing)",2025/05/09,Not stated,Not stated,Reported,
,2025/2026 QUARTER 1,,,,,,,,,,,
,Total number of Deviation received:,,,,,,,,,,,
,Total number of Deviation reported:,,,,,,,,,,,
,Applications Rollover from Q1,,,,,,,,,,,
,"Number of Deviations - Not Reported as
at 30 June",,,,,,,,,,,
,Percentage Achieved,,,,,,,,,,,
Signature________________________,,,,,,,,,,,,
